text,toxic
миньет,1
"талант от бога, художник супер",0
"счастья тебе, маленькая красавица!",0
"этот марш не надо ни в какой день, пацанов потом пересажают за нанесение побоев пидарасам, ничего хорошего из этого не выйдет. будьте в здравом смысле, такого допускать нельзя!",1
"дай бог здоровья всем папам, чтоб не было таких стихов.",0
"мало! надо было шею сломать, а заодно и мамашке её",1
на кол посадить,1
"я.смотрю ты не здря в феврале рождённая,февральские они все.недоношеные и недоебаные с.рваными дырами.",1
ёбаный олень!!!,1
"скоро им всем пиздец, и их щенятам",1
профессор пре!ображенский ещё оперирует,0
совсем охуели что ли?может и гавно пожрёте ? уёбки,1
"спасибо большое, помогло, палочки зачислились",0
корова бля,1
порох може нас спасе !,0
...тебе - долбоёбу уже один раз объяснял!!! - не доходит...вернись в школу и изучи наконец физику!!!,1
стрелять в таких прям на месте.,1
"меня вчера отказались обслуживать на открытом рынке....в зеленограде...продавец объяснил,что их будут штрафовать за продажу товара покупателю без маски (уговорить не удалось)...​",0
а где ставили в полтавской?,0
ну чего ты вылез.отсиделся бы один день дома.ущербный.теперь вся россия знает что ты пидор.,1
опа на .так ты пидорок и анан ? эка тебя вывернуло !:d,1
таксист был на калине.,0
я тоже хочу туда!!!,0
"здравствуйте, напишите информацию про собачку",0
"скорее бы... застрелились, я - за!",1
"Пуховик очень хороший. Не скажу, что очень дорогая ткань и фурнитура, но для такой цены качество очень приличное. S отлично подошёл на 84-65-89 даже есть запас, но с тёплым свитером отлично. На 156 ровно по колено длина. Мех просто шик, как на фото мне достался. Но есть небольшие залысы в месте сгиба, где пристрочен к ткани, это особо не видно, продавец вернул часть средств. В МО 2 недели доставка курьером.",0
вы чмара следите за базаром,1
это дьявол просто вампир пид..,1
"такие же как и у тебя мрази и шлюхи,это ты про себя",1
"во-первых, не тыкайте, не берите пример с известного бессимптомного. во-вторых, купите учебник русского языка, т.к. в комментарии столько ошибок, что складывается очень плохое мнение о вашем уровне интеллекта и образования. в-третьих, для того, чтобы знать, что в пенсионном фонде дефицит, что население уезжает и не спешит возвращаться, достаточно поискать в открытых источниках информации (хотя бы данные гос. стат. комитета). про хаос при смене президента, про детей даже не стану комментировать откровенную глупость. удачи!",0
мил человек ты с какой скоростью на своём камазе в гору с 20 тоннами едешь????,0
а где это пидор харька загонял .у меня тоже на даче пидорасы картошку выкопали,1
сдохни тварь тупая пизда,1
обожаю творог,0
"Супер рубашка. Мне очень нравится. Быстрая доставка. 20 дней до Санкт-Петербурга. На фото ворот кажется больше, но это ничего страшного. Вещь в целом очень хороша. Тем более за такие деньги. Материал синтетика, но не противная. Буду ходить на работу в ней.",0
"фашистские недобитки поднимают свою предательскую голову.как таких не бить,из убить надо.твари,непомнящие своего родства ,или наоборот внуки предателей.за такое не грех по роже надавать .запудрили молодежи головы,все хотят в бандиты и в проститутки.а унитазы богатым мыть не хотите?так это даже будет чище чем то что вам уготовлено.вот эти фашистики поведут вас на закланье.вам украины мало?",1
"поколение отличное- больше спорта, меньше алкоголя! завидуйте молча, господа",0
"ну и хуйло же ты, алкаш обоссаный, иди на хуй отсюда, чмырь поганый",1
лукашенко надо вовремя уйти пока не скинули,0
путин слишком добрый президент ! сталина на вас пидор - в.. надо ...!!,1
"как же можно такое фото выставить на общее обозрение, неужели пройдет все безнаказанно. козел!!!",1
урод очко ему порвать😡,1
"если этот вопрос ко мне то отвечу что не выгодно ,и это не когда не было выгодно,выгодно держать корову от нее молочко ,мясо по крайней мере она себя могла прокормить,но сейчас не держат ,все покупают долгоиграющее молоко.молодое поколение разучилось работать,и опять же это труд не из легких,да еще и сопутствующие проблемы есть.",0
"конечно россия не заканчивается за уралом! как я раньше думала. родилась и выросла в свердловске. а вот дочь моя, влюбилась в новосибирск! закончила университет, работает, и не собирается никуда уезжать. пришлось и мне переехать в новосибирск. 10 лет привыкала. конечно мне казалось, что забытый богом и людьми это место. а теперь новосибирск похорошел, столько новых домов построили, новых дорог. намного чище стало.молодежи много. правительство новосибирска старается, работают.",0
"все бухают, но не все же пидарасы!?!?",1
ты себя с чайковским сравнил?или эту дуру раневскую?видно ты с ними-одного поля ягодичка...,1
путин пидарас и партия единая россия это воры в законе они уже это зделали,1
это главный пидораст,1
"спасибо огромное,побольше бы таких людей ,которым ни без различна судьба животных",0
гореть в аду падлам. я так считаю.,1
сильно..👍,0
"это я прикидываю , хма 33500 + потом ещё какие поломки найдут. спасибо за отзыв , я теперь начинаю немного понимать . буду настаивать делать сразу полный геном за 100 000 . а то прям какой то развод на деньги",0
"отправьте пидора к ополченцам в донецк, они знают, что делать...",1
посмотрите на ютубе видео с ней - как правильно дрочить.,1
"пидар на пидаре и пидором погоняет,,,",1
допиздишься прирежут тебя,1
"мразь какая! жаль, меня там не было с моим ротвейлером! дала бы урок и этому мужчине, и его собаке!",1
"ребята,не надо иронизировать,вам бы его проблемы...,интересно было бы посмотреть на вас в данной ситуации...",0
нам молится то некогда то лень а они молятся за нас,0
"и это при том, что население тм в разы уменьшилось.",0
"уже почти всю россию этот пидор путин продал или отдал но никто ничего не знает ,им все баблп мало потом свалить в европу ,а мы будем здесь отдуваться простой народ,вот так и будет ,все к этому идёт уже давно.ему народ не нужен только место президента ,чтобы воровать деньги народа и уничтожать всех в россии кто живёт .",1
а где в банках специи? рассол прозрачный.,0
а где можно посмотреть продолжение фильма,0
"это все понятно. но почему же даже не пытаются что-то делать столько лет. одни отговорки и обещания каждый год. приходит лето и все по новой. обещания, обещания, вот и лето прошло. до следующего года",0
"козел он е,,, учий и ты тоже х,,,ила , бандит у власти всю страну имеет , а ты тут пи,,,дишь 13тая - хренадцатая пошел на ху,,,й",1
сейчас еbреи в россии живут царски кобзона по из интервью,0
только французский поцелуй,0
"лилия, сама понимаю, что всё просто и понятно, но не так всё просто и понятно в моей семье с этим вопросом😊",0
в детском садике вкуснее хочуууу в дет сад.,0
"ты хуесос,что ты бормочишь,",1
почти 3 300 лет! какая тонкая работа!,0
да когда его уже расстреляют вместе с его притоном,1
"за такие деньги просто супер! 2тыс руб! заказ был 15.09 пришло 13.10 в спб курьером. нитки не торчат. мех искуственный, но выглядит норм. на размер 44-46 заказала М, в принципе можно было и L чтоб посвободнее было.",0
"в июле летела из симферополя до барнаула, впереди меня сидели 2 девушки и девочка лет 6-5. летели ночью, и вот эти девушки спали а девочке дали телефон и она всю ночь играла в него со звуком. я думала чокнусь. на замечания, они чуток убавили звук, но легче не стало. мама спит а ребенок ночь бомбит, мешая половине салона. где воспитание?",0
шотландский рисунок.,0
"уебищный.... ни смеха, ни ума",1
вот бы все так питались,0
оторвать и по морде родителям надовать,1
"не дубай, а ерунда какая-то! архитектор придурок!",1
мудак и провокатор .,1
"буцмаку ебало бы набить, да чую не в ростове эта падаль живет...",1
давить зажратых тварей надо !!!,1
"котика жалко,не хочет купаться.хозяева не мучайте его.",0
фуууууу! пусть теперь его дети и близкие обтекают дерьмом.,1
"нефть за двадцать лет скисла, разница в ценах на бензин - очистка от примесей, они даже в трубе транснефти попадались.... (ch)",0
как же хочется взять ак и мочить все это дерьмо зажравшееся!,1
"это пиzдец!!! если быстро и четко раздвигаешь ноги, то в 26 лет станешь генералом!!!",1
что за дебилы пишут такое!!! на деревнях весь мир держится!!! если бы чушь не писали я бы двумя руками класс поставила! на детях класс выпрашивать пошло!,1
ловите реактивных ворон и крыс....простые тоже дают но мало пружин,0
"яйца ему оторвать, твари такой8oi",1
"царствие небесное руслану! вечная память.слёзы на глазах и ком в горле🙏 🙏 🙏 :( :( :( ,а мразям хохлофашистским гореть в аду,вместе со всеми зеленскими,потрошенко,яйценюками,кровавыми пасторами ,белецкими,ярошами,аваковыми и другими хохлятскими ублюдками.",1
и у меня такая же головоломка была..сколько же воспоминаний...,0
за мужской стержень,0
черяев чтобы твои дохлые дети восстали и жили как ты нищий пидарасас хи хи сумасшедший коля оскорбляешь кого то посмотри на себя чмо пробитие сидишь на параше годами вылазишь поквакаешь и опять в болото заныриваешь понюхай мою писю лучше петух хи хи,1
"туда посадить этих тварей и поиздеваться над ними, в чем вина этого мишки, что он сделал плохого, сам не лезь и тебя никто не тронет.",1
собака находится в тольятти?,0
"рекомендуется делать массаж при следующих проблемах со здоровьем: 1.головные боли. сосуды расширяются, спазмы спины проходят. поэтому массаж полезен тем, кого мучают мигрени. 2.при проблемах с суставами. кровообращение восстанавливается, боль становится менее интенсивной, повышается подвижность суставов. 3.во время простуды. отечность слизистой оболочки бронхов уменьшается, кашель и одышка проходят. 4. при заболеваниях нервной системы. после нескольких сеансов вы начнете быстрее засыпать и энергичнее чувствовать себя по утрам, отметите, что улучшился аппетит. 5.гуаша также рекомендуется при проблемах с кожей – он помогает повысить ее эластичность и справиться с прыщами.",0
"ненавидят великую россию , потому что она сильная во всем , вот и бесятся как и хохложопые",1
"предлагаю начать с госдумы, сжечь их нахуй!",1
"зачем оскорблять людей,которые пишут комментарии....они высказывают свое мнение....я не считаю ее красавицей....симпатичная....но отнюдь не красавица.....и где вы видите ее порядочность...ее у нее просто нет....",0
"комсомольская от вас не отстает) коровы таскают эти пакеты( из первомайска свалку делают, это ужас товарищи😑 а раньше чистота и порядок всегда был😪",0
горы как мираж в тумане,0
"Товар к сожалению не пришел, но средства вернули",0
"это его мама по фильму, это же одноклассники, не википедия))",0
а вы смотрю все на картинки дрочите,1
может по этому ты старая и страшная? может быть по этому ты ебанутая и тебя никто не ебёт? может быть по этому ты тупая шмара выкладываеш сюда свои конченные фото?,1
урод ! сам не служил поэтому и не знает что такое погоны.-негодяй!,1
рассорелять нахуй пиdzzпg два раза,1
хирург ортопед есть в частном медцентре пегас.,0
"санаторий не работал, приходил в упадок, а вода не минеральная,но очень хорошего качества.",0
"извините, не было возможности ответить. бассейн продан.",0
"а что вы так за туристов переживаете? за жителей переживайте больше! но когда-то надо проводить реконструкцию дорог? средства появились и приступили к ремонту, всё просто! потерпите немного! вам не угодишь, в июле начали, опять не так, в ноябре опять не так.....",0
иди сюда паскуда твары р соло,1
Взяла размер L. На рост 164 рукава оказали очень маленькие :(,0
"сладкий обволакивающий аромат, карамельный, напоминает дюшес. 🌷",0
что за полка для книг стоимость,0
"благодарю тебя, герой, за твое мужество и смелость! огромная благодарность родителям за такого прекрасного сына. сердце распирает от гордости за геройский поступок десятилетнего мальчика.❤ ❤ ❤ ❤ ❤ ❤ ❤",0
"везут отходы ядерные в рашу, а у раши есть бн-800, и новый бн-1200, фсё враньё ...россия успешно перароботоли ядерного уран-циркониевого топлива.",0
все пидоросы такие безмозглые,1
может как нибудь познакомимся,0
"если не верить?, то как жить?",0
"слушвй хохляра, вы проебали украину, а теперь ты обвиняешь всех и вся.",1
вся сибирь охринелноа от твоей кра́соты́,0
"слава богу за всё... всем день добрый! вам, татьяна, спасибо.",0
"жестокий мир, жестокие сердца. почему, когда убивают животное, мы опрвдываем посьупок? когда убивают человека, мы осуждаем поступок? сейчас везде сплошное = !",0
на кол ее!хотя нет она же на нем удовольствие будет получать.на лесоповал! вот!,1
просто дура набитая,1
"слышь, чмо, этот пидор никогда наш не был! это вы, пенсионеры, совесть продали на выборах!",1
"придурки в мавзолее и кремлевской стене, придурки в цк и кгб, и так до культурных работничков на местах. а что вы хотели от придурков которые и вправду считали что в ссср лучшее образование в мире, сотни миллионов школьников и студентов учили английский язык, но говорить умели только студенты мгимо и то те все стояли на учете в кгб",1
а сколько стоит такой участок?,0
с днем желзнодорожника ч,0
и гореть им там вечно,1
"подругам врать нельзя, подругам надо писать всегда правду, - каряга, кикимора или обезьяна например... лучше горькая правда чем сладкая ложь )))",1
"блядей с нехто, надо брать за яица, и судить в белоруссии, показным судом.",1
мать посадить и решить родительских прав а его и вообще казнить за такое зверь,1
скоро пидорам пизда,1
нет таких не к смертной казни приговаривать надо. таких надо обрикать на медленную смерть чтоб другим не по важно было.,1
тебе самому без подсказки что слабо,0
"во говно с тебя быдла поперло, а знаешь почему? потому, что ты уверен, что тебе челюсть не сломают! такие герои как ты в реале писаются и даже какаются когда им доступным языком объясняешь что оно и где его место! кречет ты пестрожопый! как говорила фаина раневская под павлиньим хвостом обычная куриная жопа! это про тебя!",1
"вроде в годах, а чешешь, как пацан вчерашний.., ум покидать тебя начал, или всегда такой был?:o",0
я бы тебя хотел трахнуть,1
боженька что же в этой твари в голове что на серце если у нее есть как можна твар одним словом,1
"хуйло бородатое, прозрел что ли!!!",1
"это наши тёрки с ней... вы каким боком? все.. пиздуй нахуй... не до тебя мне... с людьми желаю общаться, а не с ошметками",1
он ей вдувает),1
челси удачи!!!!:),0
пидар... приставать ему к башке и заставить копать себе... опустив при этом...,1
кремлёвский пидор,1
муж гулял от такой??? у него нет вкуса.,0
а отсосать оппозиция не хочет?,1
дибилойд не русский😂😂😂😂 ебло завали свое. и драчись молча-хуйло😂😂😂😂 утырок,1
ну ты мать и дура надо дочь с ребёнком спасать а таких уродов не исправить,1
"ебать,вот бы их заноги привезать с камнем и медленно по дну протащить",1
евгения александровна красавица в любом белье!!!??,0
.спокойны ночи!,0
это правда у меня был джек собака он сомной постоянно разговаривал,0
"на хуй мне твои гости. иди на хуй уже, ёбань тухлая.",1
есть за что довела наверное баба..,0
о б ов кб с в в gо служба бо диспетчер с с отправить журнал вызовов в избранные овчбб мобильный мелодия по умолчанию и ог код,0
"никогда не оскорблял мужчин, наоборот, со мной рядом любимый человек, который достоин называться мужчиной в отличии от тебя сопляк. кроме как брать и вертеть сказаное мной у тебя на большее и мозгов не хватит. ты трус по тебе видно, fake профиль, fake фото. ты общественный мусор и уже разлагаешься. ты не мужчина, не человек, ты гнида. тебе так пративно на себя смотреть что ты даже не захотел ставить реальные фото в профиле, нашёл фото того как мечтаешь выглядеть в реале, но увы, это нет ты, ты мразь. а блядь блядская это то что тебя на этот мир выбросило. это была не женщина, не животное, даже не паразит. так что пиши тут дальше свой маразм который никого не интересует, обратись к психиатру, пусть он тебе пропишит таблетки, хотя нет лучше яд. воняй себе дальше под нос, говно!",1
"н
НЕ ПОКУПАЙТЕ!!!!!!!!!!!
этот пидрила сука
прислал полную хуйню 
сшито ужасно!! ткань полное дерьмо!! а наклейка ещё и с синеватыми пятнами!!!!
и не вернул мои деньги!!!!!",1
все они одинаковые пиздоболы,1
привет. а ты от куда.,0
проще простого легко и быстро и очень вкусно испекла всем понравился теперь самое главное никаких заморочек спасибо за рецепт!,0
уволить!? на кол её!!!,1
"сам сука чмо ебанное по-руски писать научись, пидор ебанный.",1
этих тварей на костре заживо сжигать надо.,1
если матем не забыла первой умножения потом сложение:d,0
"эти парты намного удобней тех , что взамен поставили.",0
идите нахуй на барикады.это группа ачинское вату,1
спасибо за идею!очень красиво и практично!,0
"это только кажется, что не из чего...вы безнадежно глупы...эх...😒",0
"кусать то не будут... но когда они гундят, убить любого готов",1
"странно то что ,ему не дали договорить в прямом эфире , а теперь метут пургу за него!",0
расстрелять нахер.,1
так это действует или нет как быть,0
а белорусы займутся сосанием без соли ...,1
на хуй волка позорного и шкуру на продол.,1
"я тоже не знаю,но как она сказала,а я запомнила ,так и к большому вашему и нашему сожалению получилось. у меня невестка из полоцка .сбежала сначала в питер,а потом.в москву,где и вышла замуж за сына и все не может уняться со своей независимостью.",0
"слушай автор, так а что ты не агитируншь украл чиновник расстрел, взятку взял расстрел, пошёл против народа растрел. а то я смотрю сравниваешь как тебе удобно.",1
"ну и дура, 21 век уже наступил давно, в аптеках полно лекарств,сходи на прием к врачу, врач назначит лечение.",0
"собрала крыжовника попробую ,что получится",0
подождём немного ему ещё медаль вручат что всего одного человека убил,0
"не ешь меня лиса,я тебе песенку спою;) :d",0
где вы нпходитесь,0
поживём увидим доживём узнаем выживем учтём,0
"думаю стоит памятник поставить,все таки россию поднял после вов",0
пошол на хуй валуев пьяница ⏫,1
"парни , шершавой дороги и без гвоздей !!!.",0
"о еап узнала на 25 неделе, когда делали 4д узи в екб. врач там подробно объяснил все риски, удивился что до этого на предыдущих узи не заметили. когда пришла на прием к своему врачу она назначила доплер, и постоянное ктг. к слову ребёнок родился здоровым, каких аномалий не наблюдали",0
"владимир вольфович, не стоит советовать белоруссии как жить, лучше в своей стране порядок навести. а то при рекомендациях таких партийцев как дегтярев, можно и без места в своей думе остаться.во всяком случае я за лдпр не отдаю свой голос.",0
"зашибись живем, народ!- работа, дом и огород... )))",0
в калининграде одной на из улиц автомобиль провалился под асфальт власти сразу обвинили в этом немцев они заявили что авария произошла на месте старого немецкого коллектора просим прощения не смогли сеазу с о лет поетерить,0
здорово но это уже редкость,0
"не знаю точно где на западе, в комп загрузили фото известных красавчиков. делон, даже в таком почтенном возрасте, оказался на первом месте.",0
занятия начались в парке солнечного берега. приглашаем людей золотого возраста.,0
поменяться если ваша мне подойдет. другой район нужен,0
ахаххах опять за призывы к суициду забанили пидарасы,1
"сука! беззащитное животное избить, которое не может себя защитить. тварь , гореть тебе в аду!🔥🔥🔥",1
в пропасть... .,0
синюю змею еще не отдали,0
северяночка я фохххххбх бббчббечиб вести из дурки бб климкин если путин поймет не с первого раза то белоруссией украина побед поделится с секретами россией над б оз р оо тшиттег гог апdгоиd ч авг,0
ты сука бога хоть сюда не мешай !! иди корми своих свиномордых бездельников !!,1
чему детей учат....,0
ну надо же.... это где ж лисята так свободно на машинах засыпают?,0
на 12:45 вам удобно?,0
"Сама по себе блузка не плохая.но мне не повезло пришла грязная вся в крапинку.открыла спор,но его закрыли.пришла быстро за 2 недели.",0
"пошол он нахуй, продажное чмо",1
"пока не заработаешь , ни придут.",0
"великая вещь ностальгия, именно такая, как в этих комментартях ( что посеешь, то и пожьнёшь-это я о авторе рассказа о хлебе👍👍👍), очень редко участвую в такого рода общении ( ненавижу чернуху, споры, ссоры).вспомнила вкус кукурузного хлеба, я его просто обожала ( аж слюнки потекли😘), да и сейчас люблю приложиться к корочке (если бы не корона, но это временно).т.ч. я с радостью повспоминала🙌👍👏",0
мудак на чото надеется а хуеплет защищает черти одного на вышку 12 ку а второго на хуй что бы больше не было желания защищать подобное,1
где печать вашим доказательствам?! )),0
"браво, приятный голос. главное, чтобы не зазвездился. творческих успехов и содержательных песен.",0
Велико,0
"стираю хоть гель,хоть капсулы,далее на влажные вещи щёточкой наношу ушастый нянь не разбавляя,потом в пакетик и до утра.от пятен и нет следа! попробуйте,все пятна выводит!",0
подмывай пизду и ноги и ты уже в дороге. ебанутая на всю голову. пороть тебя сука будут там. для этого и приглашена. 😄,1
здравствуйте у вас будет такая запчасть?,0
не подовись пидрило👎,1
"вы че ебнулись? какая интеграция? это нам нахуй не надо, так же как эти 33 не понятных неадыквата, если бы не наши паспорта, коленька лукашенко в солдатики ими на даче играл",1
потому что получаем многодетные,0
"пришли какие то 457 р , только что это безпонятия",0
всё класс👍 но не к месту😉и так сайдет,0
"я скажу одно, тебя и все что ты поимел чёрт накажет",0
"ага,вот если бы все соблюдали меры.....а то нет вируса,фомы неверующие.😷",0
иди ищи поддержку у порватой многоразовый пизды.,1
ты чё дура доебалась до меня. тоже деньги ждёшь?? 🤣🤣🤣работать надо.,1
в пизду ихх,1
сказочный долбоеб....,1
старый шротобвешаный лампочками.,0
с такой от зари до зари нежится нужно.,0
продам стартер на ваз 2101-07(новый),0
какой красавчик !!!,0
"надо за ним проследить, встретить без формы, поставить на колени и обоссать прилюдно!!! гондона!!! чтоб другим не повадно было!!! кто за???",1
"можно ещё в мега экспресс дать объявление, люди с газетки обращаются тоже. я так с работы котёнка пристроила.",0
"но такой то хуйни как в усрайне нет,пока.",1
"кто нибудь знает ,есть ли в нашем дочки сыночки , вожки -страховка?",0
"твари, уроды, скоты. опеку тоже судить, как соучастников.",1
"как земля таких уродов носит,чтоб руки у него отсохли",1
"эта свинота ебаная валентина матвеенко бывшая питерская проститутка, ей похуй на байкал и на вырубку лесов..она же сказала это к закону не имеет никакого отношения и вы со своей темой не по адресу..",1
"когда сносить планируете дома в районе улица базарная, 158, в советские времена ещё обещали. лично мне и моим детям от всех ваших партий пользы и выгоды никакой. о себе только думаете.",0
"не то что посадить, застрелить надо таких ублюдков.",1
"да ты евгений пидорок,даже фотку скрыл.боишься что получишь людей и омон не поможет?",1
"прайс мне плииииз. я умерла просто, всё хочу, лена!",0
да бухар дэбилы бля! памперсы ни забудьте,1
"добрый день, сегодня пробовали сварить в камере титан синеет есть ли сложности в подачи аргона в камеру.",0
условия? сумма?,0
"надо всю команду поваров- кондитеров, что над этим тортом работали показывать, а не одного шефа арзамазова, без своей команды у него бы ничего не получилось.( любитель вечно себе все лавры- в одно лицо)))",0
"раз они не желают работать вместе над улучшением состояния хакасии на до их убирать . нарушения есть , недоверие есть и надо находить способы избавляться от этих палок в в колёсах. дело будет идти только лучше. и уфасу надо тоже задуматься, для чего они существуют в республике, для того чтобы помогать работать или для создания тормоза в развитии.",0
если война будит то мы будим казнить врагов тех которых наши деды прадеды не добили в 1945 году а если эта мразь поможет украине то ему хана придёт,1
"а толку, эти мрази что у власти давно всё решили, единственный вариант путина с его прихлебателями долой",1
клара ссылка на фото не открывается пишет нет такой,0
"здравствуйте, номер скиньте",0
"я помню, красному знамени и ссср",0
"это хорошо, давно пора. еще бы у весны сделали дорожки, а то с двух сторон провалы, невозможно проити. там всего-то надо немного доделать две дорожки, а как будет удобно.",0
"уважаемая техподдержка! как получить 1500, 1000 монет, стрелу, заработанные в игре?",0
клёвые какие🥰,0
способ в россии выявить пидоров нашли как внесли конституции поправку к статью о союзе в браке мужчиной женщиной второе только между и и что не коем не территории в случае отчуждать нашей кто пойдет на референдум страны не значит он значит пидор поправок против этих вот гомиков так и выявят всех,1
приятно познакомиться!,0
"эти твари, им отрубить надо руки чтобы не могли больше поднять и держать ложки эти не люди,какой позор деду которой воевал с фашистами.",1
"это жопа мира! диетолога в студию!!!! и парикмахера!!!! деньги есть, но на себя не тратит, копит, ждет))))))))))))))",1
полторы ложки,0
"там несколько человек оруть уходи он то уйдет, после его ухода что будете делать будете америкосам и европейцам одно место сосать и лизать что не видете что творится в украине или в других странах где рулять америкосы, или вы думаете что вас примуть в евросоюз хуй вы угадали придурки это тем кто бастует бараны. кому будеть нужна ваша картошка и трактора , развалять заводы и фабрики и что будете делать.",1
ебанашка...у неё не было детства,1
"если ты идиотка и дура, то не надо думать так о других! если пидары тебе по душе, то это твои проблемы! вот о таких как ты я и писала что вас нужно убивать вместе с ними.",1
как вы можете такое писать вешать вас надо и только вешать какойто хайбулаев вчера только научился писать и уже пишешь гадости скажи это своей матери и сестре урод проклятый,1
наврятли к ней кто то лез!к этой жиробастой свинине!бедный мужик весом взяла!в фитнесе бы свой вес валила свиноматка бля фууууу👎👎👎👎,1
метро молодёжнийдан койка место бори метрога 10 минут квартиры тоза и тич 89165347633,0
"наисвятейший патриарх московский. а как же насчет - никто не без греха ?! а говорят:- наигранная святость, хуже блядства .",1
"у меня отец служил в вдв , есть фото с маргеловым в.ф., был в чехословакии. и никогда не рядился и не квасил в день вдв, а уважал этот праздник. никто кроме близких и не знал, что он был десантником.",0
люблю кошек британской породы они как плюшевые мишки.,0
тут не насрсала- тут пизда золотая с серебряной каёмочкой,1
"дааа , ефремов конечно не по мужски поступает , накасячил ответь , людям возмести , извенись , надо отседи , и авторитет сохраниш , а так как можно последнее на хую верится крутится кому ещё отдатся не знает. непонятно мужски бля чюдо",1
здравствуйте!а почём ваша люстра?,0
"мы наших еще в глаза не видели, а уже побеждать начали:(﻿",0
"размер розовых сапог 31-500 руб,отдельно штаны не продаются,это костюм с голубой курткой крокид,размер 116 -700 руб",0
"молодцы,настоящие мужики,браво,здоровья вам и успехов",0
я бы трахнул тебя в рот,1
"о, серёга (dt).... ты ли это друг родной(ch)",0
"проблема аж с 30-х годов! с чего вдруг сейчас-то поперло устранять! с мусором по всей россии проблемы, но именно усолье пришло на ум нашему великому и мудрому! вот проснулся утром, и мысль, а может в усолье.....",0
ты. очен. кросивая,0
крутые!,0
обменя палочки на конфеты,0
"за яйца подвесить этого козла , чтоб детки от такого не рождались",1
а что немножко им можно ? что вы говорите за воровство руки казнокрадам отрубить как в китае,1
слишь пидота путлеровская-член соси.все ваши путлерасты сосут.,1
"актерышка с погорелого театра. классик мыльной оперы. нет сейчас хороших актеров,потому что,нет хорошего кино! есть очень-очень хреновые сериалы ни о чём!!! пустота.... всё хорошее испоганили,а своего не создали. менты-бандиты,бандиты менты. всё!!! все эти режиссеры и актёры на большее не способны. женщинам понравилась смазливая морда и это их радует. охи,ахи! а может быть он пидорас??? тогда что???",1
"молодчага...вот надо поступать с блядями ,он ей верил жил с ней воспитывал дите чужое....",1
уёбище червячное навозное ты на кого сука батон покрошил - ты такое же припизднутое пидарастическое про пиндосовское существо как и твой убийца синюшный -- следу ющий раз если его не посадят по жизненно надо что бы он перепиздячил всю твою семейку а тебя последнего - пшол в будку падло,1
пора уже меняться местами...народу достойную жизнь...а им пенсию 8 000 рублей до конца жизни.,0
золотые ручки! браво невесте и счастья молодым!,0
логика интересная) скажу о себе я не дрочу. дрочилка поламалась. ну а с женщинами спорить не буду пусть думают что они француженки ))),1
фары на марка в 90стом кузове цена вместе с поворотником,0
а шлямбур ты сможешь поцеловать???,0
"рубашка отличного качества, но очень большая. очень широкая с широченными рукавами. не соответствует размерной сетке",0
"мне мкж позвонил с утра и спрашивает- вы из бассейна воду вылили? я не поняла , - зачем? - спрашиваю. а он смеётся - чтобы десантники с фонтаном не перепутали. 😃😃",0
торчат нитки. качество посредственное,0
"НИКОГДА НЕ ЗАКАЗЫВАЙТЕ У ЭТОГО ПРОДАВЦА !!!Не смотря на то что товар пришёл быстро ,качество среднее,но мне пришли с браком (дырка)открыла спор и написала продавцу он начал изверится ,и сказал что отправит новый товар.И что вы думаете??эта тварь закрыла спор",1
"доброго всем дня, дорогие земляки!!! ❤❤❤👍👍",0
вешайте их пидоров этих !,1
конечно! помним! любим! скорбим!,0
расстрелять!!! 👎,1
только наказывать эту мразь по всей строгости.,1
надо же какое интересное фото. клюква будто арбузы на бахче получилась ☺️,0
и где находитесь ?!,0
это только начало. худшее впереди,0
продам хрестоматию 200р за 2 части.,0
"какие руки,какие запястья и пальцы!за всю жизнь только один раз видела такие изящные женские руки",0
"красивая женщина,вы есть в одноклассниках,?",0
"смешно. все такие умные... у нас пенсия минимум 9700. молоко 40 выше я сегодня по скидке за 39 взяла . мусор 150,газ дохрена скидки только кто при союзе заработал. свет 5 с копейками за киловатт. те тд. плюс ,что с пенсиями на.....ли и вообще мы в шокире. можете меня осуждать но, мне пофиг. мне не пофиг что бабули и дедушки прозябают в решите. а наши ебутаты простите за сленг. получают много.... а помочь просят нас по телевизору 😢😢😢😢😩😩😩",1
у меня ещё резинка с прищепкой на ружье были и стреляли с алюминиевых скоб.,0
"хуярить нужно быков бестолковых. нормальные пацаны в барах отдыхают, а не приключения ищют.",1
вотиурод в отставку его,1
будем жить несмотря ни на шторы. 😘,0
"да супер, а где такие продаются?",0
да и хуй сним!!! пусть он хоть сменит орентацию ваше пох:-d :-d :-d,1
кубики пивные😁,0
40-летняя мама приехала на отпуск с 20- летней дочкой. перед таким сложным выбором 30-летний инструктор по дайвингу не стоял ещё никогда...,0
"какой егерь,дед мазай!!!",0
гребаный двуликий анус...,1
"псы позорные, пидоры конченые. да даже не начатые. расстрелять.",1
шикарная попа.👍🔥🔥🔥,0
колобочек красивый,0
а конкурс пидар года им надо ещё провести,1
сжечь ублюдков,1
"Куртка хорошего качества, но с размером по отзывам не угодала. На 46-48 заказала ХХL большеват.",0
евреи ебут там,1
от такой диеты можно шариком стать.,0
убить мало,1
"анжела, у вас закрыта личка и я не могу отправить вам сообщение. добавьте, пожалуйста, меня в друзья, чтоб я могла выслать всю информацию. спасибо.",0
"я жизнь свою отдам без сожаленья, за вас мои прекрасные цветочки. и до последнего сердца биенья, о вас молится буду мои дочки! нет никого на свете мне важнее, чем вы мои прелестные зайчата! улыбки вашей маме нет милее, и бодрости сильнее нет заряда. вы куколки мои, о как люблю я, вас наряжать в красивенькие платья. и щёчки ваши нежные целуя, вас прижимать и заключать в объятья. ваш смех — веселый звонкий колокольчик, мне слух ласкает, музыки не надо. вы ароматный счастьица флакончик, бесценная за что-то мне награда.",0
обожаю его.,0
"я был в такой ситуацыи, только по глине меня толкали четыре человека, пять километров, в гору. 😄😄😄 держитесь мужики!!!",0
спартачи сегодня порвут очко этим футболерам,1
вы хоть посмотрите на эти медали!посмотрите на петлички-танк появился в 60-70 годах! посмотрите за что эти значки!у медалей есть свои распорядок и расстояние между ними должно соблюдаться!я бы этого пидара к стенке поставила и расстреляла за такое осквернение памяти настоящих героев!!мразье конченное!позорище!!,1
мой муж! самый крутой!,0
часто тебя трахают?,1
раз не смогли вернуть человеку жизнь значить нужно вернуть деньги которые брали на операцию раз не вернули жизнь значить это брак в работе а за брак денег не берут,0
Качество ужасное,0
"качество оставляет желать лучшего, швы кривые, маленькая дырочками на отвороте, длина на любителя.",0
"не сажать, а расстреливать сук, с конфискацией до 10 колена.",1
всё сказанное - правда!!!!!,0
25 раз! в укрорейхе тебя грохнут без предупреждения.,1
ля того чтоб пользоваться бессссплатным туалетом-для начала нужно выучить русский язык,0
зато все свае чистые продукты и небыло всяких болезней,0
как опустошат сахалин можно и убивать гас по немногу,1
"а мне нравиться, как наши дуры делают себе губы, только как они потом член сосут,!!!!!!!!!",1
"где ж ты, блядь, такая дура то нашлась?????",1
"оштрафуют и не спросят, с карты снимут и ищи свищи.",0
и ноги протянишь по 4т.3р,0
таких пожизненно садить или самих убивать,1
"они , наверно, жили в другом государстве). вашим родителям ,наверно, и талоны не давали на продукты, на носки с трусами. а мой маленький сын просил булку с маслом, но, к сожалению, я его даже по талонам не могла купить, так как живу рядом с границей рф и продавцы все туда вывозили.",0
в церкви нет веры...в служителях церкви нет веры... всё бизнес...вера только в душе!,0
"да вся эта воровская мразь подготовили себе пути отхода. за подобную хуеверть с гражданством вообще к стенке ставить надо , хамелеоны маральные",1
"эти ублюдки отнимают молодость, зрелость, оставят лишь гнилую немощьную старость.",1
за языком следи мразь.,1
да охренец не встать дибилизм полный ебнутые на всю голову .маска это наоборот вред для здоровья легкие засоряются .врачи даже сами говорят про это .не надо подражать нашему правительству,1
хочешь сосать,1
ебало бы ему прострелить мразь,1
ты что шлюха пуки попутала что-то ебало завали дочь осла и шлюхи!,1
"Сука ебаный продавец отправил какую-то хуйню. Пообещал что вернёт деньги, но так и не вернул. Сейчас на сообщения не отвечает. Не заказывайте здесь.",1
пидор он конченый а не президент,1
"у меня есть , в свое время покупала на рынке.",0
особенно терешкова - великая обнуляторша. позор ей !,1
сбербанк онлайн по чек операции сбербанк онлайн операция перевод с карты на карту дата операции мск б авг оо операции мску время ов зб ч номер документа зввоб операции статус выполнен успешно сумма операции б оо руб комиссия ооо руб отправитель аss бо аs sтегсаго е полу чатель карты об код авторизации чбб получатель платежа татьяна викторовна ф пао платеж выполнен апиll,0
"его нужно судить,и за такие преступления против своего народа приговор должен быть один, расстрел вместе с семьёй!",1
кот полнейший отпад....наглый толстый рыжий и такой классный,0
доброе:),0
на хуй мне брать говно протухшее ещё и за деньги? ты падаль и подбираешь падаль хуесос,1
правильней спросить : а вы знаете ?,0
красота нужна лишь для знакомства для жизни а нужен человек,0
а соседов хоть раз был допущен до замка галкина?он видел эту семью дома?видел скандалы и грань развода?откуда все знает пидорок?из сплетен в голубой устрице?,1
"а осенью ездили машины ,груженные овощами.мы любовались.красота!особенно ~тыква красиво смотрелась.",0
"уже морошка пошла, начался сбор",0
у нас тоже пес,0
адрес где посмотреть,0
это ты свои вонючин портки вчера бросил.... у дверей соседа...когда это укряя на говно изойдет. все срет и срет....,1
"долбоёбы вы,которые твердите одно и то же... при мне выросло уже 2 поколения...а сейчас подрастает третье,из которых,такие как вы, делают моральных уродов...если сам урод,то не значит,что все уроды...ты проживи,сука,как мы,на 12 тыс в месяц,потом вякать будешь...по-твоему,что,учителя работать не хотят или отлынивают от работы...жалко что таких уродов как ты ещё в школе не придушили....вы и есть враги народа....вы,как проститутки где то подрабатываете и ещё здесь троллите народ...проедься,сука по стране,посмотри как народ выживает....ты не слышал,наверное,про главу подмосковного региона,у которого обнаружили десятки миллиардов рублей...ты же обо всём знаешь,раз про украину вопишь....а сколько средняя зарплата по стране,не считая твоих олигархов...не скажешь..? а сколько тебе самому платят?!",1
у меня тоже есть такая.,0
он просто в жопу любит ебать его муслимскую мать,1
"шкуру спускали и нормальный человек вырастал,а то сегодня за ухо возьмёт то посадят за то ,что уроду ухо хотел оторвать....",1
да в ветлуге. размер 60. двери в коробке и с ручками.,0
нет продаём квартиру,0
"это издевательство , а не помощь.",0
терпеть эту дуру не могу🤡,1
молодчина!! мы подобрали кота и он с нами уже17 лет,0
э хогда тб свбда посслве оч это би полная чилолкснмая б ияюча мрмом туманом набб,0
"пиздабол кирил. веру людскую в бизнес привратили. самые сраные попы из деревень на тачках за милионы гоняют, за бабкины пенсии жируют, а людям втерают как жить нужно.",1
"а,ты старый пердун,у тебя нет ни национальности ни родины,болтаешься как дерьмо в проруби,тебе ли пачкать русский народ,быдло маразматическое,пшол вон иди лечи свой мозг!!!",1
ребёнок хвостатый,0
"о, если бы я знала это! фото не подписаны! некоторые только",0
голосуйте за анального .он вам всю тайгу сам посадит .,1
ебало своё закрой ! тварь ! .....,1
на кол и его и родителей,1
зато всю жизнь при деле),0
сверните башку этой дуре...,1
ешлепок с пиздой под носом,1
просто хочу ее попу !!!!,1
"дожились, ума ноль только котят пугать и тот не боится",0
у тебя не хуевая кремлевская методичка.только от себя говори а не за всех. ебасос продезинфицируй и намордником прикрой,1
сволочь!!!!,1
чмырят батьку беларуси!да нам бы такого!!!у нас уже десятое поколение нащадков не рассчитается с долгами!триллионы грн!!!у меня высшее.но я такой суммы не могу представить1,0
"уроды,вот всегда считала себя воспитанным человеком,но даже эмоций не осталось...",1
этих уродов самих так кормить надо.,1
"это что за пидор!? это как так!? он что увидел,что за рулём пожилой мужчина.... и давай хуярить по стёклам!!!!! куда дели мужика!? что этот недоносок забыл в его машине? может даже,что то подкинули!",1
"мы поставим хоть тысячу, но от этого у него не будет мамы и папы",0
ответит) он может работать),0
"пидорос,стерелизовать козла.",1
"спаси , господи!!!! и вам всех благ и крепкого здоровья!!!!!",0
какие вы все же долбаебы украина,1
так и есть ....мы уже это проходили.....,0
"салат хороший.но автору надо было описать нарезку.а потом предлагать экспериментировать.выставляет рецепт, описывайте красиво и основательно!",0
"я вчера спрашивала уже, сказали обратиться в соц защиту по месту жительства, там надо заявление написать! ездить можно на автобусах любых бесплатно и где-то читала, что и родитель может, но это уже у них самих уточните)",0
"да,молодость! молодость! как мы весело,жили,дружили и искренне любили.было меньше фальши и обмана.время ушло,не воротишь назад и песня в тему,не повторяется такое никогда.",0
питерский. говнюк травит россиян. кто он после этого????.......................враг народа!!!.......,1
у тебя есть хуй? пидартома 😂😂😂,1
плешивая хуета ..............................................................................,1
куда смотрят модераторы? это полный пиздец. дети вообще то тоже в сети сидят. дибилы конченые.,1
"свяжите мне, пожалуйста!!!",0
"котик , ты лучший",0
как и вы),0
июнь 2020 год,0
"мы не вдв-шники, мы десантники.",0
"вот пидары , надо продавцам в жопу воды накачать",1
"здается кухня,прихожая и туалет??? фото комнаты можно??!",0
жаренный,0
иди ты нахуй обещала ебучий,1
Отлично! Продавца рекомендую.Доставка 11дней.,0
таких нада любить трахать женщин,1
спасибо большое! попробую.,0
"что там с российскими стиральными машинками , хуесос путинский?",1
а вот всякую нечисть они убирают с улиц .,0
"ты мразота конченая, ты обобщила то что все курящие бляди! моя супруга курит.",1
"сегодня звонила в инвитро, сказали у них можно пройти врачей.",0
так бы и вдул,1
"я конечно понимаю, что многие старики с возрастом показывают свой вредный характер, но они пожилые люди и нужно иногда просто промолчать хотя бы для того чтобы не портить себе нервы. а это растущие поколение опездалов, увидела б лично дала б жирному долбаебу поджопник и мамашке его ебанутой дать леща не помешала раз этот кусок дерьма не воспитала, представляю какие ебонашки у них родители.",1
"кому не понятно, посмотрите как голосуют у соседей.",0
не долбоеб твой папа это факт,1
а вы откуда довольная такая?,0
чтоб никто не догадался,0
"спасибо наташа,посмотрела родные края,даже жутко стало.",0
"убивать этих хозяев некому!!! четвертовать бы таких хозяев как так можно поступать со своими питомцами ведь, они, этим нелюдям служили верою и правдой.",1
"здравствуйте, на ахунбабаевском массиве за каналом",0
пидарас пидерский ты и сдесь уже окопался верес хуерес,1
"надо было на месте голову сломать, а не ментов вызывать, выйдет на свободу и за старое возьмётся. убивать таких надо",1
"никогда не устану любоваться такой красотой и грацией этого животного, спасибо тем кто растит эту красоту,удачи вам",0
"молодца, хоть один нашлось мужик кто не хуй........ городит",1
быдло папа быдло дочь а хочется всё и сразу,1
"ты соска американская , вы всех напугали, теперь возьми сука верёвку и мыло и вешайся падла.",1
к стенке всю эту тварь,1
отмарозак взять его за одно место подвесить и потом все достоинства отрезать вот радость была,1
сколько соток земли фото есть?,0
"какие стать, красота, мощь!!!",0
"от еппаный кипарис ты, и раком тебя не поставить, такая хрупкая, шо сломаешься на папалам:( :( :( :( иди жри сало, а то и выепать тебя страшно будет:d :d :d :d :d",1
"любимую группу с днём рожденья!!!желаю ей процветания,побольше новых участников.и желаю такими же темпами развиваться и дальше, не останавливаясь на достигнутом!) спасибо всем, кто активно участвуют в её жизни!!! 🎁🎂🎉🎉🎉💐 урааааа!!!!!!!!!!!)))))))))",0
пидрилло...,1
старый конь борозды не испортит (dt) он в нее упадет мордой (hu) и как давай хрррррапеть :p,0
ой как здесь классно,0
эту суку и шакалов продающих россию отпидорасить,1
у хамки климакс уже лет 20 вы такие наивные ей только с чурами в интернете жить.✍✍✍она буквами ебет всех сочетает себя самой умной в сети:),1
лжец не может быть президентом хочу обратить внимание я против увеличения сроков пенсионного возраста и пока ч президент такого решения принято не будет владимир путин сентября ооб г путина отставку в с согласны,0
скинь адресок тупица разберемся поговорим,1
нахер чмо там нужен,1
"откуда только берутся эти безмозглые мрази,там что вообще адекватных людей не осталось",1
"ну чё наблеялись? у всех полное удовлетворение от самих себя? позорное стадо !!! развели хуйню на весь интернет.не понравилось видите ли им высказывание астролога.цитирую, может найдётся среди кучки баранов хоть одна умная и найдёт здесь криминал: женщины знака овен магнит для слабовольных мужчин.им достаются ленивые и безответственные избранники.судьба не умолима.где криминал, бараны? ирин, я за тебя всеми фибрами!!!💋﻿💋﻿💋﻿💋﻿💋﻿",1
"а как же пацаны 14 летние на станках в чистом поле снаряды вытачивали, на сборке оружия стояли? это тоже лажа? тебя бы в то время сегодняшнего......",0
Носить придётся только с топом- края верха сильно фалдят и вся грудь наружу..,0
ну и что деревенская так не умеют как ты просто большой класс тебе милая девочка,0
дети в жертву. а им барахло . деньги.,0
"вот она истина !!! не верьте фейкам, об увольняющихся милиционерах, начальниках увд которые просят прощения! они защищают свою родину от наемных ублюдков! за право жить так как хотят , а не как захотят потанинцы или европейские пидоры!!!руки прочь от беларуси!!!!",1
"иди на хуй ебала хуйню какую то пишешь,сорвись от сюда",1
"дебил и тварь лукаш,...урод....и сучара.....!! ты в долг давал в 2014--2015г горючку укропам.. чтоб бомбила авиация и танки стреляли по донбассу...тварь и пидар...сидишь на двух стульях,,,россия плоха.?..а сам что хорошее сделал...и ребят садишь на 10лет тех!! которые за донбааасс воевали..! а за укропав хуя......не садишь...сучара аукнится теб тварь и гниида",1
вечьная память,0
а по рен тв ванга уже предсказала митинги в хабаровске?,0
заберите его себе и россии не станет,0
ч о о с зз выбрано парругау опе твари гореть им в аду ч sоlопетslепа ответить кизов ребята нас продали россии как карты он очень волновался когда бабарико успокоился пошел вверх потом договорился с вовой слил виктора дмитриевича во это чтобы нас взбудоражить привести страну кровопролитию не без помощи российского омона затем ввести а путинатол миротворческие войска только забастовки только отсутствие агрессии только мирные акции по блокировке эко мики уже иначе понедельнию проснемся в россии б б мин отвер ирагапогаlпауа уроды вот ваше спасибо деду за победу сволочицс б мин ото иzашетк беспределсердце сжимается позор,1
"как противно смотреть ,когда пожилых женщин садят в зак ,когда этих ублюдков будут отстреливать как бешеных собак?",1
"я представляю как их на улице кто-то начал ебать, 😂",1
хабаровск сейчас стоит за всю россию https://youtu.be/9s8ybdb2zf8 ok.ru/video/2150696817133,0
какой краской или чем вы красили?,0
сколько еще недалеких людей в нашей россии не думающих своей головой забыли как жили при ельцыне с свободой слова,0
"в молодости меня просто бесило, когда мне говорили что красивая. я постоянно комплексовала из-за своей внешности. однажды друг мужа тоже сказал, что красивая и я на него обрушила просто кучу негодования. он растерялся и говорит : ну, да, некрасивая, но ты такая сюсюсенькая сил нет. до сих пор этот комплимент вспоминаю :d :d :d с возрастом комплексов меньше не стало. раньше комплексовала что худая, теперь что полная. но, вот муж мне постоянно говорит какая я у него красивая и меня это не бесит, потому что он действительно так считает. для него я действительно красавица и он постоянно мне об этом говорит. может и при людях это сказать.",0
какая судьба сейчас у этой девочки?,0
аминь 🙏🏼 веруй в господа иисуса христа спасёшься ты и весь дом твой 🙏🏼🙏🏼🙏🏼,0
полопаешь,0
"обязательно надо хамнуть.есть же такие уроды,вроде тебя,пакостная тварь.8oi",1
"девочка при исполнении( на работе) а мужик , скорее мудак дратся лезет . отличный поступок.",1
негиру тоже надо йибат жопу большая жопа у негра,1
"да вы, оказывается мрази власовские. и кулачок сороса не забыли. идите к черту. отписываюсь.",1
алла хутор устиновы остался?,0
богатствами бывает жизнь полна бывает беспросветна и убога и лишь пожив и накопив ума поймешь что жизнь бесценный дар от бога доброе утро погружаясь в его слово,0
это что за пидар?,1
"сучка ты драная, сидишь в своей вонючей латвии и сиди. нечего свой поганый нос сунуть в чужую страну.",1
и чемоданы в литрах😄,0
"урод его взять за хер и потрести, как ему будет хорошо? 👎👎👎👎🤦‍♀️🤦‍♀️🤦‍♀️🤦‍♀️🤦‍♀️🤦‍♀️🤮🤮🤮🤮🤮🤮🤮🤮🤮🤮",1
"а объем работы? а осартимент, количество?",0
лучше бы с пидерской бомжатиной и судейками купленными занимались!,1
"о, пречудный отче серафиме, великий саровский чудотворче, всем прибегающим к тебе скоропослушный помощнице, моли бога о нас ! аминь.",0
долбаебы все кто выходит чего вам бля не хватает,1
здравствуйте какой график работы и зарплата какая,0
"12 потому что зелёное это 10, апельсин не весь это 1, и банан тоже не весь значит 1",0
сразу видно - рыбак,0
твари!!! так жалко деток. за такие издевательства руки надо у таких уродов по локоть .......,1
"драчев, не перди ртом, целее будешь...",1
на красноармейской 10/14 продается кв. за 2000 000 р,0
"почему его не почистят? сделали бы как в ангарске водоохранку. пляж песком отсыпать, атракционы для детей, ларьки...",0
"иди наххх старый, и за таких как вы стариков страна в полной попе. вы голосовали за таракана. а мне и мои деткам мучатся",1
рыло это сморщенное бить надо!,1
гореть им в огне,1
привет как тебя найти или связаться,0
5 дней дома была и заебали все как за месяц:| :|...,1
так классно и красиво!!! молодцы!!!,0
"странный комент василий написал. тут просто написано что женщина желает быть счастливой, без игр в любовь, без обмана и тайных умыслов. бывает и такое что мужчине не нужны серьёзные отношения, но поебаться нужно. в итоге просто пудрит мозги.",1
иди на кол к обезьяне плешивой ты ещё только там наверно сгодишся жаба,1
"ебанутые все по маленьку, беспределят все, так что все хороши👍",1
сасалка заебательская наверное с яйцами заглатовает.,1
"потому-что рывков в ссср небыло. там всё шло своим чередом. и ценилась рабочая профессия, а не штаны просижавшие.",0
меньше нужно пить и наркоманить и прийдет память другой бы простой смертный давно бы сидел а так даже противно заколебали этим делом,0
по морде тряпкой кашаку.,1
а лучше сразу к стенке и из крупнокалиберных пулеметов,1
56 размер есть,0
вот грубо написать пиздаболка!!!!!!!,1
что-то мне это напоминает 🤔,0
что крутого?,0
рыжик-чудо. рыжик-прелесть. обожаю котов.,0
"какой он боксер, он хуеплет.",1
толк дном и ноч трахит,1
"говно вопрос, передернул и нахуй чотттам возомнившую о себе очередную дуру(((",1
"отсосут, а не 85 республик все или по одиночку когда создадут им такой член.",1
походу это чучело с психушки сбежало! руки на хуй оторвать ему по самую майку и этим молотком по тупой тыкве настучать! мразятина!,1
это идиот конченный. козлина короче.,1
привет ты как на счёт того что ты мне прислала свой номер телефона,0
расстрелять обоих!,1
да вы охерели нищету ражводить,1
пизд..ь не мешки ворочать. как достали.,1
"друзья мои верные, выручайте в трудном деле! для того чтобы задачу непростую выполнить нужна мне вещь редкая. мне не хватает: масло подсолн. https://ok.ru/game/kingdom/?item=543408924060_1596716938_2/0/114",0
дура твоя жена гандон невоспитанный. ты грузиный и вонючии урод. с тобой никто не будет встречаться придурок ебанутый,1
колхида блять трассы.,1
долго шел заказ.и рукава коротковаты,0
где желаете???,0
я парень мне 35 люблю лизать кису мммммммм,1
ну ты и хуило.гусли бы тебе расхуярить.,1
"конечно фото по приколу,но я хотел бы чтобы наши дети,внуки и потомки это в руках держали только в тире.",0
"однажды пациенту выпалила, что привыкла работать с включённым диктофоном, конфликт исчерпал сам себя, редко, но приходится",0
таких сук которые ставят перед выбором я или мама гасить надо конченые,1
гандон пидор петушок ты не свой график твой розовый ишак уже копытом бьет чтобы тебя во щели пидор ваня,1
на улице 8 марта уже неделю не вывозят. у каждого дома свалки стоят. за что платим - то?,0
с добрым чемверга ушром о по шшного дня оляк,0
вы что забыли что писали? вспомните.,0
"Воняет, ткань гавно, короткие",1
пидор яйцеголовый.,1
"ты лох видно по жизни,на что народ стал жить на кредиты,вся страна в долгах,еще и с белоруссией поссорились блядь,кругом теперь русских ненавидят",1
продам комноту в общежитии в центре города рядом находится школы дед сад рынок магазины автобусы есть детская площадка стоянка для машины т. 89085010592,0
"Товар так и не пришел, но продавец молодец вернул деньги.",0
ету далбаебу больше нечего делать не тратьте времю зря не пишите дуру пускай сама сабой разговаривают,1
меняю 10 жести на клепы и краску,0
"вообще, уже офигели.безпридельщики.",0
"жалкий дед , сидит в кремле.!!! обнулившись накануне , превратился совсем в дулю . шанс большой имел дедок , когда шёл ,на первый срок. на второй ,шанс ,ещё был , но ,тандем его сгубил. третий срок ,дед пропустил. и димон его сменил. местоблюстителем он был. на четвёртый срок дедок , в нарушение пошёл. чести ! совести ! морали ! всё , дедка , уж не исправить ! стал совсем , дедок горбатый . ни могилой ни лопатой . старику горб не исправить !!! 29.07.2020 г. богатырев а.",0
ему жарко :) он нежится.... мой тоже так делает:) :) :$ 👍♥,0
"со многим согласен. но, сука, зря он так про бессмертный полк...",1
"одно слово, пидерасты",1
куб это..)),0
"здравствуйте! у вас закрыты лс, напишите, пожалуйста, свой номер (можно в сообщения нашей группы) и менеджер анна свяжется с вами уже в viber! ❤ 💙",0
Перед отправкой товаров необходимо проверять качество.,0
???...да-вот-же-дожидается-она/именно-этого/когда-же-выебут-её/имеется-ввиду-юлия...??? (= по-моему-так...) ??? (см. выше и ниже) ???,1
"я-то русский и всю жизнь прожил в воронеже, и ты меня называешь тварью, ты- говно узбекское",1
сбербанк онлайн операции чек по сбербанк онлайн операция перевод с карты на карту дата мску аоперации б мая оо операции мску время б чо б номер документа чб статус операции выполнен успешно сумма операции оо ооо руб комиссия ооо руб отправитель иг бчо получатель карты оо код авторизации взб получатель платежа ирина ильинична а пао платеж выполнен опиll,0
толик - срюззкая свинья и немножко пидераст в гавнорашке он живет куй у путина сосет 😂😂😂😂,1
"если читать не умеют, наизусть вообще не учат! это и есть современное образование, стыд и срам!",0
что за идиоты родили ребёнка ....,1
я работаю и живу в этой стране...и нихуя тебе придурок за так не прилетит ничего....это тебе не россия где вентиль открыл нефти продал и хорошо...работать нужно и понимать...,1
так пусть поседят в строгаче.глядишь им там и понравится!,0
чо такое пвх?,0
ты деревенская и самая счсстливая. ты дружишь с природой с животными. ты трудяга. молодец.,0
я тебя потом в дерьмо макну.,1
"охуеть, какой умный!!!",1
эту сучку в камеру тогда она может что то поймет. отбросы общества!,1
"чо ты каку то херь шлешь.влипла ты,зассянка.даже от маманьки стала от стыда за свою халупу отмазываться.стыдобища!(fr) 👇",1
"я вас умоляю.. кто с кем спит, у кого какие проблемки с возрастом появились в интимном плане, у кого седина, а у кого бес в ребро, это значит нормально обсуждать, а про климакс это стыдно? понятно что на работе, во время совещания, это не обсуждается, но на кухне, между подругами, ничего стыдного в этом нет.",0
"ебальник таким нада бить,за такое.",1
бля я не пойму почему это уроды ржут?что за хуйня?,1
пулемет эх взять бы да разрядить обстановку бы,1
ушлепок отмороженный,1
"...и кто это там !!??...василина, подарившая тебе фотки !!??.. так она мне и не жена !!.....вы, уроды дегенеративные, цепляетесь за всё, что можно...а по теме, или нет - вам это похуй.....вот так и живёте- подыхаете, дебилы, а всё что-то мриете що по над усэ.......какой нахуй, наташка....оглядись своим одним глазом по стране !!!...пизда вжэ прышла !!!...",1
"выродок помойный ,за такое оскорбление дальневосточников ему надо отрезать его поганый язык! мои деды,родители всю жизнь защищали эту дальневосточную землю от захватчиков и вот появился поганец незнающий историю дальнего востока вознамерился стать губернатором нашего любимого края гнать его паскудника с дальнего востока и чем быстрей тем лучше для нас жителей этого края!",1
"в 63 женщины нормально выглядят, а это как блядина собравшаяся на панель 😂",1
"уроды,.. их надо так привязать и оставить",1
да только кожаный,0
руководство к действию для настоящих мужчин!,0
"как раз, красивая. сплошная синтетика, не приятно к телу",0
пидоров продажных надо на колья сажать !!!,1
это уже целая анна!,0
на кол её и сжечь.,1
"хороший член,можно присесть",1
"то ,что у нас президент сволочь-клоун, виноват не народ, а та сволочь которая была президентом до него...",1
"анекдот в тему на уроке физики мариванна спрашивает класс - кто может привести пример сосуда? вовочка тянет руку - ну скажи вовочка. х.й садись вовочка неправильно. разве х.й сосуд? сосут мариванна, ещё как сосут!",1
что ты блдь такое несешь?,1
"нашел за кого сигналить пусть котлеты жарит а не республикой управлять лезет к войне народ подбивает что хорошего делает,на ее голову пусть все будет",0
какой грусненький не грусти илюшка все будет хорошо твои ангелы хранители с тобой они тебе помогут всего вам хорошего помоги вам господи,0
"башку ей отрезать и на кол насадить ,и у дороги поставить пусть другие видят",1
"дебилы, и новые властители",1
правда был сильный ветер и они уже все понемногу убирали,0
кто бьет опас зону. там могут стоять захваты дельта не сбивайте.они тоже их мочат,0
благодарим за внимание и поздравления .,0
а чиновникам - экземпляр уголовного кодекса нужно выдавать и силовикам,0
условия обговорим по телефону,0
"мы живём в деревне, витамин свои хватает натуральных от растительных до животных,едим, пьем, соки из зелени делаем, чеснок употребляем, и всё это по бесполезно было-заболели, а про импортные витамины от японии и прочие пусть они сами их жрут и нас не тратя чем попало!!!🙉🙈🙈🍏🍎🍇🍓🧅",0
рождения день водки о а русской зо в о усска подил е уо в всё для тебя гр,0
управляющий лидер транса увольте на хуй этого долбаёба. сам дольнабойщик. не дай бог этого дебила встретить на дороге.хотя у вас там 98 процентов работают таких,1
с добрым утром!☕️☕️☀️,0
если на водку всё переводить то и на неделю не хрена не хватит,0
"пиздаболоы , вам сам бог дал такого президента , а вы тявканье в угоду америкосов да укропов.",1
вы свою бабу тоже трахаете чтоб у неё глаза блестели?,1
осенью 2021 не раньше),0
"ты долбоящер поокуратнее с оскорблениями,всю пизду бы в хлам разнёс твою вонючию ,мразь ебливая,",1
​ну всякие есть .кто знает что им нужно .интерес.,0
не игнорирую!,0
его за яйца повесить и всем показывать,1
"ей чувиха ,а жопа у всех одинаковая ты в курсе (бутуз)",1
в прошлые прекрасные детские времена и зимы были настоящие и снежные.,0
"ну да, что бы цены не росли, надо перед западом встать раком, так что ли...? вот она вся политика предательства, из-за которой уничтожили экономику россии в девяностые! а теперь расхлебываем результаты соглашательство от политиканов и предателей, типа горбатого и пьяндолыги ельцина, и тех кто их поддерживал! работать надо и не подчиняться указивкам забугорников, а не языком чесать всякую чушь, тогда и цены расти не будут!",1
"Очень толстое, прям пальто, оригинал сидит более изящно, но качество хорошее",0
что путинские жополизы молчат сказать видимо нечего.,1
"залупа,ты нам лучше про своих любимых коров расскажи.тебе все равно,а нам тупо с тебя по ржать?:-d :-d",1
обожаю лизать кисочку,1
ты дебил троль поганый,1
вся пиздота пишет за пацанов с вдв всю хуйню вдв неслужыл а кровля падала вдв с праздником кто скоромой праздник . вдв- шахтер сила.небо-недры -земли сила.,1
"сегодня пришла печальная новость из волгограда.....в 2005 году не стало матроса 4 взвода чуйкина василия ивановича. инсульт - коварный враг, не остаивл василию шанс на победу! царствие небесное нашему товаришу!!!",0
"такие как я из ссср, всю жизнь работали ,а пенсия 8000, как вам, мне не надо 100000, а только 50000, я рада буду и комуналку платить и по миру отдыхать",0
полный пидоре же в барсе 😀,1
"ебальник, как у крысы.",1
мужики. что вы хотите. паскутин своих в обиду не даст. отмажет. если их расстреливать или вешать так вместе с ним.,1
спокойный закленатель птиц,0
"меньше не становится больных,, и открывают больницы,",0
алена привет . что почему корову продаёте? сколько молока даёт?,0
".. и каптеркой пахнет новенький бушлатик, чёрный дипломат...",0
одни дебилы,1
"вот уж точно...надо быть самим собой, а не умные слова использовать..",0
"слышь ты маккака сранная, чупокабра из сартира, дочь слепой обезьяны! авангард тебе в зад, крейсер тебе в бухту, истребитель тебе в ангар. дерьмо у тебя на завтрак, в тарелке, сучий потрах. израильский жопализ. кому нам? узбекистан пошёл окупировать россию? 😂😂😂. долбодятел. иди бля мозги промой, а то чебурашками воняет в одноклассниках. соси финики чурбан! ушлюпок",1
"Покупку я до сих пор не получила!!!! продавец не продлил срок защиты!!!! По отслеживанию вроде где-то в соседних деревнях,а где именно не ясно!!! прийдётся ехать и обходить все почтовые отделения! или открою спор! продавец поступил не хорошо - хотя я писала что товар не прибыл!!!",0
наклонить бы её и вдуть,1
бабы которые много хотят всегда остаются ни с чем,0
и почему ребенок на линейке будет в пальто?,0
это тот самый зверь что разрывает на молекулы?,0
"врачи пидарюги, бабло в пондемию рубят и работать не хотят",1
"тебе , козлу отвечаю ! путин жил,путин жив ,путин будет вечно жить!!!!!!!",1
а что внутри?,0
а встречу уебков сам выброшу.,1
бойтесь исполнения своих желаний... можно остаться в одиночестве!,0
"все взятки да в очко им забивать до отказа, вот такую бы им инквизицию, интересно у всех очко выдержит!!!???",1
сказочный.долбоеб за такие.слова на нож посадить мразь,1
Огромное спасибо.На лето самое то. Размер подошёл.,0
"ты присмотрись получше, это тебе кажется что гей, это тот же пидорас! пидорасина!!! а тот, что стену сверлит, хозяйственный мужик, семьянин надежда и опора. и траву он же косит и не спит до обеда, как некоторые пидорасы.",1
"сучка конченая, у людеи денег нет накормить детеии своих а она какие-то решения принимает, вибат её в анус и растрелят нахуи и,",1
а этому пидармоту что надо?,1
румяное чудо🥐☕🌺,0
шоу троллей начинается.бляди в масках,1
"то есть нормально трахаться на стороне, когда состоишь в отношениях?",1
дебильные попрошайки.,1
"доброе утро, как сегодня работает цвз?",0
потому и живем хреново,0
было-бы за что ваще поубивали бы,1
ну j оз общи сведении ботарской и место рождении бх ич р к быллреlой и русалий национальность партийность с какого гочни беспартуи ч ч состоит влкем с какого гагеес со чу ли в ч образование б о сновная гражданская специальность офе и исекат жсега семейное положение лаге игагео ве,0
я кушать....бон аппетит мне (lo) 🍴,0
оторвать бы тебе ногу-сука8oi,1
вместе рисовали солнце на песке.....а потом ....всё к лудшему.☺,0
дебил блин к яйцам своим прислони и на курок нажми,1
у каждого своё счастье- ...оно разное--это загадочное счастье..,0
"у меня 5 лет турецкие. 5 колёс, но одно снял. жалоб нет. трактор т 25",0
"nini nini00:41 итоги-достижения.бюджет распилили, немцова убили,фургала посадили.грудинина совхоз рейдеры захватили.голосование опять подтасовали.митинги и пикеты запретили и разогнали.тайгу сожгли и повырубали.гмо и радиационный мусор в страну завезли.народ против себя настроили и озлобили.экономику в стагнацию,тупик завели.школ , живого образования детей лишили.налогами ,тарифами и штрафами задушили.пандемией страхом запугали.рты подачками детскими пособиями позатыкали.общество на классы и кланы расслоили.медицину и образование загубили.заводы и фабрики за бесценок ворам отдали.промышленность, производство подальше послали.от космоса, спорта и науки навечно отстали.иностранцев, иммигрантов расплодили.колхозные земли жуликам масквичам продали.законом тор иностранцам в аренду на 75лет сдали.кто все это сделал, угадайте с трех раз.подлая, лживая, воровская нынешняя власть.бнв.31.07.2020г.",0
+ воры и толстые крысы .,1
"здравствуйте! заказ пришел достаточно быстро. кофточка мне понравилась, без запаха и торчащих ниток. спина и рукава потоньше, чем перед. смотрится красиво. единственное, рукава коротковаты, на рост 160 и вес 48 - заказала м. можно было на размер больше.",0
гомосек! мочить в сортирах!,1
казнить мразь.,1
"а жидобандеровская падаль лучше? так, что лучше помолчи ублюдок.",1
"у нас на донбассе’’говно’’было золотое,пока кацапоязычные ушлепки не влезли,говорила мудрая бабушка’’хуже нации,чем кацапы нет’’,а ты захлебнись в своём дерьме,вонючка",1
"суки, накормить эту гниду бы",1
секретарь была в сети назад недели в ма шу подсесть баньку общаться имя секретарь о пол женский идентификатор оо скопировать переслать,0
бывают молодые бабушки,0
"не знаю, смотря чему)) отношениям нет, а на счёт дружбы, может быть))",0
люди проснитесь! провительству похуй на наше мнение.,1
"такой мужчина,один не будет никогда,он настоящий мужчина,который держит данное им слово,если что-то обещал,то сделает,а до выяснений отношений или до оскорблений никогда не опускался.а главное у него есть любимые дети,которые его очень уважают и любят.один точно он не будет никогда!!!!и поверьте,многим женщинам было бы за счастье быть рядом с таким мужчиной!!!!!",0
с праздником вас братья,0
твари поганые те кто издевается над животными господи боже наш накажи этих нелюдей и ублюдков,1
это не бизнес стиль🤘это экскортной шалавы стиль🤘🤘🤘🤘🤘😎. офисная пизда рыбка 🤘🤘🤘😎,1
"думаю, что на следующей неделе должна прийти",0
сулер засадил бы,1
и не только парень..,0
"это мягкая тряпочка, руки вытирать👍🤗",0
стыдно когда живеш за чужой счёт какая не была работа она кормит дармоедов и .......всякую хуету которая пытается быть ещё мудрыми,1
"хуйня у коня,а эту тему по рен тв показывали",1
"чмошник, что ты понимаешь? тупорылая твоя морда.",1
"хорош эту пидарку постить.,,!!!!!!!",1
пусть земля тебе будет пухом лешка!!! какой ты был классный и весёлый человек!!! помним! скорбим!,0
единственный и неповторимый наш дмитрий хворовстовский. ...👍👏🙏🙏🙏💋💋💋. божественный голос. ...💐💐💐. человек от бога.....🌹🌹🌹,0
"а откуда наливаешь? или до сих пор не знаешь, лучше шлангом бы сосать а бутылку под кровать!",0
"сдохни тварь).это какое сердце нужно иметь, чтобы сиотреть в глаза этому песику несчастному.я просто плачу.:(",1
пидора вопрос!,1
наверное буряти ослоёбы начали осваевать нимецкие авто а до этого только на ишаках ездили,1
"да это так но в любом государстве есть бляди и конечные вот это конченые,потому что лижут так что потом обасрутся , только не могу понять герои они чьих,вот я карбышев,чернеховский люди просто которые нас обняли ценой своей жизни но не как эти упыри твари,но да мы слуги народа, какого",1
"та совсем распоясалась , нечесть , надо бы её обратно на кол посадить , больно очумела мымра то 😂",1
"замечательная актриса, и приятная женщина.",0
юра ефремов подонок и негодяй к тому же подлейшая трусливая мразь это видят все нормальные люди,1
"играть невозможно, карты как приклеенные, движутся как в замедленном кино. а щелкать по ним надо 2-3 раза.",0
ни один пункт не был выполнен из этого манифеста,0
"очень,талантливо и молодец,что именно храм,а не театр,очень много развелось артистов,а театров в красивом оформлении ,кстати и нет...",0
по виду у вас правильный хлеб,0
"знаете у моей мамы было очень высокое давление, а перед этим она потеряла сознание, мы вызвали скорую и ждали помощи от них как от бога и они приехали и спасли! и плевать мне на чистый пол, главное чтобы человека спасли и причем быстро! тем более самого родного твоего человека. если нужно чтобы перед тем как вам помочь врач скорой помощи разделся, одел бахилы, вымыл руки, одел маску и медленно подошёл к мертвому констатировать факт смерти - вперёд! выеб... сь дальше.",0
тебя нахуй послать или расстрелять,1
"у тебя в хаях ошибка,кацапидар ненормальный! букварь купи,уебан!",1
прекрасный верный стих! только такая должна быть настоящая верная преданная любовь для двоих!!! спасибо за прекрасные слова.!,0
"зато все янканцы, дружно стали вспоминать, кто, где жил, с кем дружил. даже планируют сделать зарисовку (схему) домов.",0
надо попробывать👍👍👍,0
дак пусть раскроют убийство влада листьева и посадять ефремова а то его уже не виновным признают,0
"уууу,какая….последний ряд,говоришь….а сиськи покажешь?на последнем ряду….",1
мочи пиндосов и хохлов!!!!!,1
два суда его признали виновным) а вы все оправдываете),0
да сейчас столько не заморозить. раньше поросёнка на 7 ноября кололи. а сейчас в декабре не заморозить. земля крутится,0
скажите пожалуйста через сколько дней приходят детские на карту,0
в девятках номер тел весит.,0
о великий могучий...(md)﻿,0
"вот тебе не стыдно, здоровая бабища, а обманываешь людей и зарабатываешь на этом! иди работай лживая тварь!",1
вся шобла в сборе.,1
ключ закаточный,0
"падла, она же завтра ей же станет.",1
позвони мне кроме выходных я женат ты мне понравилась 89611475588 владимир,0
прекрасно дай вам бог здоровья.,0
тёплым пусть бидет дом родные здоровы люди счастливы а ноши сердца в,0
"хочешь мнения, я бы тебе вдул по само нехочу",1
"да его легче убить,чем прокормить.в москве,что нет патриотов?",1
Красивое платье!! Очень!)),0
какие то вы тут все ебнутые.,1
и я сожла кода мои лучие подруги стали мне завидовать.,0
наши за углом лошадь доедают.....,0
ты тоже соси у путина!😜пидор ты сша,1
пидораса на общий режим ... там ему расскажут и покажут зачем мужику жопа нужна ...,1
с трёх лодок собрала,0
9 туристов с парома союз в дружбе наша сила,0
эту мразь надо на кол посадить.,1
фотошоп ебаный,1
повесить от чубайса до медведева уродов придатели родины,1
"не нужно слов, достойна восхищений!!!",0
это еблище нигде не хочется видеть,1
спички сломаются.только если скотчем веки ко лбу приклеить.,0
сосать хочу,1
цена говядины(тёлка)?,0
как она его не сожрала 😅,0
пиздить тварей,1
"да и запомни тварь ,скоро таких уебков на столбах будут вешать!!!!",1
а что такое база поставщиков?,0
шерлок холмс и доктор морковка,0
а я ловил.,0
"видно кокретно она его заебала,вследующий раз ее сожгет полюбому)))",1
"неинач, суки дохлые, чтобы им руки поотсыхали",1
"выебите меня,девочки !💋 ❤ 💋",1
ты дебил .да.ты у хохлов спрашивай .у меня на меня в россии таких как 122 долбоеба работало.на мое благосостояние.вот таких дебилов как ты.хаха,1
"давно пора. нашли заработок - поорал в толпе, не очень соображая . о чем и 1000 в кармане. когда только до этих придурков дойдет, что эти действия называются родину продавать. идиоты!!!",1
"короткая кофта нитки торчат,не суразно выглядит вообще",0
цена такой книги? колько времени ждать,0
надоели эти пидарасы,1
спасибо огромное !!! а вы сами где служили сергей кожугет оглы шойгу ?,0
"в некоторых арабских странах убийц казнят таким же способом, каким они совершили убийство. этих надо тоже ножом бить до смерти, а потом сжечь трупы!",1
"вот бумеранг и накрыл укропов. только кравчуки - парашенки едят сало с мясом, а народ их х.. сосёт",1
можно было и без рубля.покупать то было нечего,0
"это хринако полная жопа,,, квитанции чётко рассылают, а все хуже и хуже, барак!!!",1
"а чтож без подписи требование? так бы и написали, что группа пидорасов.",1
ещё один хер с горы со своим копеечным мнением.,1
у моего сослуживца сын компьютерный гений. прогнал эти фотки через разные программы. говорит это разные люди. ошибается?,0
хуесос он дырявый😁 как шлюшка обиделся.. и в чс кинул урод конченый🤣,1
"даже раздать не пытались, проше выбросить!! сейчас по любому в этой же группе сидят и читают! чтоб у вас руки отсохли!!!",1
молодец мужик. не то что остальные жополизы.,1
на путина пиздел а сам мыша конченая оппозиционер херов,1
ебать уёбище,1
"да он как только заступил к обязанностям сразу стал пиариться, ещё не ударив палец о палец, а теперь, вероятно подсказали жополизы, да и откат надо сделать.",1
бей полицаев!!!,1
"ты два раза петух еблище свое сам завали, квасов в цвет говорит",1
даже смешно звёздный малыш👼,0
"По прибытию пришло смс. Платье не плохое за эти деньги, но размер явно её соответствует. L - на объем груди 78см. талия - 70см, бедра - 80см. Платье рассчитано на рост 170.",0
утопить его в фонтане и делов))),1
Все отлично.хорошие носочки,0
на...й.нужно здоровье портить.еще хеже будет,0
я тоже кисты в матке убрала так,0
"лукашенко держись !!!!гавно вышло пиздеть,ты за народ",1
"астахов,не смеши людей,никто не вернёт смертную казнь,т.к. этим пидорам не выгодно против себя принимать эти законы,",1
тибетский рецепт в тбилисских монастырях?,0
"игра не запускается уже неделю, безобразие 😕",0
"ебанутым ,привет...",1
подлец ! ! !.,1
"классная раковина, специально для стиральной машины. компактно, удобно.",0
я в шоке! далбоебы бля!,1
андрей лесин-выпрашивает фото а потом шантажирует..дрочер и подонок он люди..имейте в виду.,1
так в какое время вы планируете выезжать?,0
"Подъюбник очень пышный, даже не нужно крахмалить, достаточно только отгладить.",0
ну ну укропы тоже под жуткую дутку скокали и доскокались дебилы,1
"​32157 - это наши соседи. позывной гамма, кажется. мы - коса - 32156. у нас в учебке в виннице, был старшина - прапорщик антонов. рассказывал про кубу... а ещё я был в усово. наши офицеры рассказывали, что это было временное место дислокации одного из полков, вернувшихся с кубы.",0
до амаретто я не додумалась),0
педик первый(ch) мило,1
"это эко,поэтому и пять получилось.",0
этого гандона расстрелять!,1
сраку ему надо разорвать,1
и меня добавьте 89083182980,0
утопить ево;) ;) ;),1
хорошенькие лапусики оба!!!,0
ну теперь -то всё понятно стало....,0
"поп, это тот же тунеядец. халявщик. поганей образа лени голубкова. одним словом- сучье племя без чети и достоинства. гундяев есть лицо этой нечисти. точка!",1
"город, в который влюбляешься с первого взгляда и навсегда ♥",0
ябы её вобще нахер переехал ебучию машину,1
пидораз щирый привэт!!,1
оо нури по чём хуй сосёшь?)):( :(,1
мне нравится купальник синего цвета.,0
пидрила конченый,1
"дааа,таких хватает,повороты не включают,пидарки!",1
представитель с.тихановской взяла неправильный тон.она уже говорила с позиции власти.большая ошибка.,0
сlора возрас ом начинасм забоу иоаько ценитb ссальнос мыг уже виgс и,0
"смердящие животные это те, кто не любит свою родину - россию! вы все либералы (предпологаю) - говно ебаное!и вас вообще на свете быть не должно!!!",1
стадо шакалье...сучие потрохи!!!,1
"рука бога, просматривается...)))",0
офигенный домище!,0
отрезать кое что,1
"о да привет ходорковскому он же педераст, с его слов!!! и убийца!’ь",1
"просто вопрос был поставлен так. мы все люди, и руководит нами очень хороший человек елена алексеевна орощук. не были бы людьми, не приютили бы кошечку и не заботились бы о её пристройстве. усыновителям поможем чем сможем.",0
чб в в jзпервые только два дня в году в откуда хуй они знает рокусы инздец проето кло уны дегенераты э уебищные предетавления вы пожалсете о времени и средствая,1
зачем такой дебельзм,1
так ты же блять говориш что наши деды смотрят в пол на 9 мая.,1
"молодец,честь и хвала такому мужчине",0
пидоры газуют,1
"то хохлы то бульбаши, вам что блядь надо то что вам не сидится на жопе ровно???",1
классы на текущий статус и 10 фото в альбоме феодосия - богом данная)),0
рожа старой хохло клячи когда она себе на насрала что голову и думает путина троллит и российский весь народха ха ха,1
"конченный дебил,который много о себе возомнил,актёришка гёбанный!!!!!!!!!!!!!!!!!!!!!!!!!!!!!!!!!!!!!!!!!!!!!!!!!!!!!!!!!!!!!!!!",1
смотря за что а то бывало что нужно просто убить и того мало.,1
супер вы как дама из прошлого.,0
"пидор спидарасился- просто кто за его творчеством последует станет человеконенавистником- уважайте его, но вы встанете на одну сторону с человекоубийцей!!!! это стремно- более благородные артисты ушли из жизни,не простив себе меньшего!!!!",1
к стенке его!,1
участкового прибить мало! сучье!,1
косиш под долбоёба или по жизни такой?,1
деньги от приватизаций положить в фонд вот и будет хошая пенсия,0
"а ты чё пидр, лично сам подсчёты делал, какой долг у хабаровского края?",1
"я бы уже с ним простилась, таких убивать надо",1
первые какой размер,0
"летние кинотеатры всегда без навесов, для не знакомых с этим. напишите в какое время сеансы?",0
"Взяла M на 42-44, сели так, как я хотела) Свободные, самую малость узковаты в икрах, но они у меня от природы большие, так что не страшно)",0
на классической филенки штапиками крепят мне казалось,0
Заказ пришел быстро. Доставка курьером домой. Качество на слабую четверку. Края прострочены не ровно. Ткань тонкая. Своих денег не стоит.,0
пидорасы...вот и все,1
как жалко людей сколько много погибло 🙏 🙏 🙏 🙏 🙏 😱 :(,0
а литровые случайно не продаёте?,0
"аля, вам с такой известной фамилией, нужно подтянуться!...",0
сильно!!!!,0
руки отрубить,1
нахуй послан. долбоёба в зеркале увидишь,1
залупу тебе а не донбас и уверен что параша будет на твоей могиле,1
"уродина, его так подвесить.",1
"доброго утра и лёгкого , спокойного и удачного дня всем🙏☕🌼",0
особенно светофор где муз училище,0
"чёрная магия,а цветок жёлтый?",0
умничка ручки у тебя золотые и дай бог тебе также продолжать дальше здоровья тебе и успехов во всём .,0
"ого! как из тебя говно попёрло! с твоим кредо,ты хуже фашистов. не дай бог такой сучке власть дать! но бодливой корове бог рогов не дал! так- что твой удел из подворотни тявкать!",1
"любимая книга не меняется с годами. наоборот, перечитывая, еще больше и глубже понимаешь, что хотел сказать автор. м. булгаков мастер и маргарита",0
мельком в ролике видел как парень в табло мусору въехал. сам до этого бил этих иуд. падают на раз! в шею бить надо!,1
"полностью согласен, после того как валентина цветкова москва устронила, сразу мор порт москвичи забрали , аэропорт, все артели, гоки , рыбный промысел , везде сейчас рулит погань московская , а местный возьми лицензию за 850 и езжай лови но не более 10 хвостов , эти твари потеряли связь с реальностью....",1
"есть река, но она под горой. гора высокая.)) мы спуск не искали.",0
"удивительные вещи вы пишете. и это про ссср? меня оперировали дважды,совершенно бесплатно,и дважды спасли мне жизнь. бесплатно. я и рожала дважды. тоже бесплатно.",0
"немного грубовато конечно, но суть то верная!",0
пидорасы посолить их лет на несколько,1
"ты очень красивая, ты просто прелесть!❤ ❤ ❤",0
"все целуйте путина в жопу а я в тайланд поеду, там таких уродов меньше.",1
тел для справок: 8-9236927706 или стационарный в рабочее время 24-177,0
хуй угодали скоро вас вместе с путином размажут,1
пока у власти путин и его пристибаи-никогда!,1
царствие небесное тебе ангелочек!светлая память!убийцам гореть в аду.,1
"не денег не товара, лето прошло а я так и не дождалась заказа.",0
я сам ржу как сука с них.,1
"глазки умные и доверчивые: полюбите меня такой,какая я есть...милашечка(lo)﻿💋﻿💋﻿💋﻿",0
от музыкального центра.не активные.,0
"ты всё ещё жив,пидор?",1
этом каких пор хохлушки русскими стали?,0
"ира будь ты проклята, ты чудовище не женщина.",1
"вот твари, нашли нищенские накопления у народа. а, что же вы мрази поганные, сидящие в кремле, свои сбережения не подсчитываете????? это уже открытое заявление о том, что народ они считают за рабов.",1
"казнить надо тех, кто не зная реалий кавказа, что то там.вякает. твоих родных в 90х не похищали..? тогда помолчи.",1
"моя маман всегда говорила: васьки-алкаши,ваньки-бандиты,сашки-ёбари😂вы дядя саша ёбарь дилетант,нашли свою типа аудиторию...и началось в колхозе утро!",1
тебя надо раком поставить пидор продажный!,1
"Размер маленький, не совпадает с выбранным.",0
чтоб ты сдох! проклятый!,1
нам и этого мало.,0
дкрлина нужнд того для чтобы показать россии долбоебами какими не надо бытb,1
так и хочется сунуть в моргала два пальца и засунуть в рот х.....:d,1
отпи*дить-побить,1
заходила к вам и ни какой статьи не нашла.,0
"сначала показалось: трансформеры, новая серия",0
"батька,дави нахер своих ,,оппонентов,,они кремлевский выпердыш.",1
"топить приплоды вообще нельзя не в каком году, это убийство! лучше стерилизовать и кастрировать своих питомцев",1
"павел, пока, приятно было пообщаться",0
ебнуть бы тебе кувалдочкой по ебальничку. сыбался нахуй от сюда вонючка припизднутая,1
с праздником братья!!!,0
в 19 возле администрации,0
"полицаем изначально был урод сталин, когда лобызался с гитлером с сентября 1939 по июнь 1941 . лоханули немцы рябого и напали.",1
вешать пидорасов .вылавливать по одному .с выблюдками и жонами,1
"какие мудрые, правильные слова.а вот мы не можем благодарить, только просим.господи, прости меня грешную.",0
случайных.тех кто лопаты прятал или с армотутурой бегал.эти пидорасты теперь герои.троните батьку я вас трону .,1
к стене и расстрелять!)),1
"слава конченная, повесить суку.",1
ёбаный ты папуас-ты просрал в 1991 году нашу страну-а теперь через 30 лет ты пидар путина обвиняешь? да ты сука конченная просто,1
как можно купить и цена,0
меня остановила девушка дпс. и понял что и среди них есть пидорасы,1
тошнит уже сколько можно её жопу лизать дебилы,1
"дежурный отряд накрывал всему лагерю, у нас было две смены, потом занимались уборкой в столовой. действительно светлое время. счастливое детство.",0
родоки долбоебы,1
эту шалаву никто за муж не возьмет. загнобила патцана. а он дурак и поверил. бедная несчастная. подставила свою п....у а теперь ищет дурака.,1
"мать моя - сука вертухайская рот подставляла, когда её бендеровцы ебали по кругу в рот! вперёд россия. а папку моего, сталинского вертухайского пидара в жопу драли! так что сосу хуй и не психую, я путерастовская коммунякская гнида! гы-гы....:d :d :d :d вперёд россия ✌",1
акварельные капельки❤,0
"разводить многие пытались и будут пытаться, но когда её разваливают, разваровывают, пиздят чемодана и везут самолётами, составпми и все в ненависный и как нам говорит зомбоящика запад. при этом паразиты используют такие слова как родина, патриотизм, национальное достояние, а сами разгробляют и все у них там на гнилом как они говорят западе. все купленные патриоты, в ковычках сьебуться за бугор и только мы которые каждый день видевшие беззаконие останемся здесь.... и т д",1
"поздравляю!расти умницей, на радость всем!",0
"забывать такое нельзя! американцы -- самая подлая нация в мире , конечно после поляков , румын и естественно дуркаины...будь у дуркаины атомное оружие , уже применили....обезьяны из куева сперва делают , потом .....оправдываются. так в одессе сожгли живьём 50 человек , над территорией дуркаины не дрогнув сбили боинг , семь лет бомбят мирных жителей донбасса.....вот кто преступники без срока давности.....укрофашистам смерть!",1
"что, где ,когда ? поигрались, видимо...",0
ну и пиздец вам ребята. ждите гостей!!!,1
началось блядь пошёл на куй.помоги тварь больным детям а не собирай смсками,1
"что значит убьют? и вы это допустите????? счас на диван поклали, она смотрит такими глазками и вы значит если никого не нашли, то получается её убили? бляд... но нет слов просто на таких людей. 😡",1
"сколько же лет матерям сыны которых погибли в войну,что они ещё до сих пор пенсию получают?",0
"идите на хуй фашисты, беларуссию вы не получите, жалко что только один сдох, вас всех за ним надо отправить",1
"святая блаженная матушка матронушка! спасительница и покровительница, дающая помощь и надежду ! спасибо тебе за все. что ты делаешь для меня и моей семьи ! благодарю тебя за все твои молитвы к господу нашему о нас грешных ! низкий тебе поклон. аминь!аминь!аминь! супружеская молитва.​ господь мой! благодарю тебя за то, что в этом мире,где столько равнодушия и одиночества, ты подарил мне человека, который стал настолько близок мне, что слился со мной в одно целое. сохрани наше семейное счастье от эгоизма, подозрений и злой беспричинной ревности. дай нам силы прощать друг друга и забывать прежние обиды, сохрани наш союз от коварства злых людей, и пусть никогда никакой человек не встанет между нами двоими.пусть наши дети растут в любви и послушании, в счастье и радости, не разлучай нас до самой смерти и дай нам желание заботиться друг о друге с нежностью. питай нашу любовь из небесных источников, чтобы она проросла глубоко, глубоко в царство божие, в жизнь вечную! аминь, аминь, аминь!",0
ее самою надо стерилизовать чтобы не рожала таких как она,0
"кому нибудь нужны две трубы 160 по 3,5 м",0
"можно поставить несколько аппаратов, пусть хоть 500 детей придут",0
"около 4 тыс умерщих в стране 37 тыс заболело и переболело 20 тыс человек, ыссыккульская областьоткрыта нет никакого карантина там смертность растет как и заболеваемость , больницы переполнены,лекартсва дорогие,врачи боятся принимать больных и общаться сними-какая же стабилизация когда болезнь идет на свой пик?!",0
"очко у этой овцы жим-жим... дура, её же хозяева её в литве убьют.",1
а умные присоединятся к народу .,0
конечно ширеелудагы;),0
ты бля синька с утра тут уже🤣🤣🤣,1
"кабачки почистить , нарезать кубиками или как вам удобно , поместить в казан , налить чуточку воды и упарить до мягкости. морковь , лук обжарить на рост масле и отправить в казан .проварить все вместе минут 20 . посолить , поперчить , добавить чеснок , томатную пасту и все взбить блендером. добавить уксус но не перестарайтесь.все икра гото вам. получаеться в кусано и главное масла совсем мало .",0
девочки рецепт проверен 2 года уже делали вместе с дочей получается супер вкусно,0
это не твои дети.!!! и тебя ебать не должно .--сучки продажные..,1
"этих мразей надо было расстрелять.уроды,такую державу развалили.",1
"пьянь не пробудная. лучше бы сдох в этой аварии. ты, а не он.",1
дядя зю проститутка кремлёвская...,1
это вы намекаете что в ноябре планируется очередной конец света,0
и когда это сбудиться...,0
судя по всему хитрый сава решил балатироваться в депутаты.,0
з етинб б ватные пидфрасы о какой а котел о чч кп игорь стрелков славянск оперативном в окружении,1
"еще паны пшеки, херы проебалты, паны укробандерлоги, мистеры пиндосы, сэры бреданцы и сам минассали мишико всракившили?...",1
"потом перестреляем ,если сами не сдохнут 🐑 🐴",1
это чё бля пока вся страна работает а эти тунеядцы ходят кругами и орут друг другу в жопу.,1
а что с ним что поддержка нужна ??? по моему у него все прекрасно ! цветы выращивает замечательные !!! думаю что на продажу .!!!.так что удачи ему!!,0
рнотоdигестог я город знаю будет я знаю саду пока цвесть н такие люди в россии нашей есть jап з оо,0
дебил и дебильные анекдоты,1
пошли вы на хуй со своим фургалом надоели всей россии!,1
я добовляю 1 кг фасоли.,0
позвони мне на 89042406284 пообщаемся,0
"такой светлый, добрый и ответственный человек, верный друг! нам очень не хватает андрея с его уверенностью, безграничным желанием помочь, поддержать, с его искренней улыбкой и огромным сердцем, открытым для людей!!!! светлая память....",0
вот гондоны штопаные!,1
перейдите в инстаграм.😉,0
сбербанк онлайн чек по операции сбербанк конлайн операция на карту перевод с карты дата операции мск оо з июл оперхции мск время з б ч номер документа бзч операции статус выполнен успешн но сумма оперуции зчч оо руб миссия коми осо руб отправитель еlестгоп ббз получатель ббз карты код авторизации чб получать тель плать тежа елена михайловна с гиа платеж выполнен апипе bапк и,0
"конец пути, начало вечности......",0
"и ротик бы закрыла, в случаи (не дай бог войны ) как вы называете их позором, этот позор вас же защищать будет, каждый, как опять вы сказали, позорник пьяный , полезет первым защищать вас , не россгвардеец , ни мент, а они вдв. а вы смелые и правильные люди ломиться будете куда глаза гладят , и большинство из них уже были и выжили там где вы час не смогли бы прожить! стыдно за вас , что вот такое быдло как вы зомбированное телеящиком и всем гавном что льют в уши , готовы глотки рвать на тех кто действительно заслуживают уважения ,",1
",это пройденный этап! будет любить как дела а спать с внуком",0
"она умерла 26.07.2020. царствие ей небесное. но, даже в свои 104, она выглядела блестяще.",0
мразоты их бы скинуть. 😡😡😡😡😡,1
"у женщины собственность-её дети и они неприкосновенны,их защищает государство,дети - самое ценное в государстве и это прописано в конституци. если вы считаете,что водитель поступил правильно,то вы,видимо,поступили бы также с чужими детьми,и ещё. воспитывая своими комментариями общество,не забывайте,что такое ваше воспитание может коснуться и ваших детей и внуков!,",0
"мразь ебучая, я бы её суку линчевал, и не один мускул не дёрнул я. и таких тварей большинство думе.",1
за такое в суд подавать надо!,0
засыпая хочется жить просыпаясь хочется петь тех кто рядом просто любить и больше как можно успеть доброго утра все,0
если он ваша надежда???? то вы господа пиндосы - дебилы!!! 👎👎👎он 0👎👎👎,1
это шваль прикорытная летает.,1
"привет, юра. на ресурсы лимит. утром прошу три ключа или символа. и 4 монеты в сад. все. лимит исчерпан. потом в течение дня по одному добавляют. иногда так и не смогу попросить все что мне положено. и так не у всех. некоторые удивляются. все просят и на все хватает лимита. а если ты лидер команды то вообще караул. никого в команду пригласить не можешь. я бы лидерам добавляла лишнюю десятку лимита.",0
на болбшее не способен пидор .,1
нет плохой нации... есть плохие люди..,0
вот этот ушлепок,1
гомосек ебучий,1
перевела!,0
больше 8 не бывает держимся добились усердием бывает и до 6 строгая диета прям строжайшая,0
слава вдв пидорьi дьiрявьiе вам повезло что праздник один раз в год молитесь !!!,1
"в оренбургской области,то же самое,самые низкие зарплаты.",0
"совсем охренели, за убийцу топят, а перед матерью, женой убитых им людей не стыдно, или у хабаровчанина где стыд был, там фургал убийца вырос?",1
а вообще кому нибудь были маленькие детские?,0
"эй, а где ты себе такую морду и брюхо от,ел? мерзавец, а мама у тебя есть?",1
поймать и посадить на кол!,1
дебил получил термический ожог.,1
да дохлая киска ты,1
"эмираты (1 место) - из песка превращают пустыни в города ! развивается страна - люди живут достойно - достойно умирают , в россия ???",0
что за палочки не поняла,0
"третьяковская галерея, отдых ает...",0
"а собакам пофиг, она по своим делам бежит - в туалет на другой стороне дороги, а на этой колючая травка и кусты тоже",0
желаю вам здоровья и храни вас бог,0
график упф лнр проведения приема специалистов пенсионеров по актуализации данных в оо суходольске в августе года дата время место проведения проведе проведения очовоо ооо чоо суходольск с г ул шоссейная почтовой отделение связи очов оо ооо чоо суходольск г дк им о кошевого ов оо ооо чоо суходольск с ул шоссейная отделение почтовой связи ов оо ооо чоо суходольск с г дк кошевого им о при себе тт пакет иметь следу документов оригиналы в копии паспортов которые есть у пенсионера в наличии оригиналы и копии идентификационных номеров которые есть у пенсионера ичии упф лнр в краснодоне краснодонском райопе,0
ермошину посадить! лукавого расстрелять!!!!,1
бузовой член сосать надо а н песни петь,1
путушара пидорный,1
"приглашаю на лотерейку. приз на выбор - ваза, 2 сумки из натуркожи, 1 из экокожи, летний набор из трех предметов, одеяло из верблюжьей шерсти ,шерстяной вязанный плед, кухонные сенсорные весы, туалетная вода, сыворотка или одна из двух интерьерных куколок ручной работы. все фото в главном статусе и ссылка на розыгрыш в обсуждении к нему. акция на номерки.",0
"по самоё не могу, и с поял ником",0
"это твари и фашисты, таких сук самих под бтр нужно. чмошники позорные",1
"девочки! чай и кофе разобрали и передали, следите за вашими цр! у организатора можно забирать по адресу шатило, 20, предварительно нужно звонить 89283039046",0
"вот пиздоболы,во многих автобусах такой срачь,такое ощущение, как будто они года два мойку не видели а перед камерой и попиздеть можно и в скафандре походить",1
здоровья тебе девочка а этих уродов нужно судить,1
странно что сам плешивый ублюдок молчит и сми не особо освещают события!^o)﻿,1
сука руки отсохнут! кто бы не был он или она! вот отсохнут!,1
ну и нахуй мне твой безвиз чучело жырное ? (ch) :d :(,1
платье девушке мало.,0
"доброе утро всем! ищу соседей,уровень не важен. главное что бы играли, подарки по прошке при наличии на складе. хлам не скидываю.добавляйтесь с пометкой играем вместе.",0
этот старый маразматик уже внес свою лепту в развал страны в свое время,1
что только пидоры не поидумают,1
"а сам? просыпайся! вставай! или только подстрекать, пустобрёх, способен? надоели безмозглые критики, провокаторв и болтуны... да, что предлагаешь взамен? анархию, диктатуру или госдеп позовёшь, болтун...",1
"ну и пусть, не с нашего кармана же. хотя и 7 рублей тоже не жалко",0
"вова подымай народ ляхов хуярить,либо ани нас скоро начнут.ты не сталин.делай первые шаги.ебень ляхов и запад.лучше там поживиться,чем ани у нас.",1
сколько стоит и как забрать ?,0
не надо выгонять надо растрелять,1
"семья, достойная для подражания!👍❤👏",0
"при чем здесь пожилые люди? придумали эту фразу наши недоюмористы, а подхватили недоумки...",0
каждому своё .🍀,0
что за долбоебы лозунги предлагают-какие избиратели такие депутаты,1
какая красота!!удовольствие и радость от такого мастерства!благодарю!,0
"стрелять надо наше правительство, всех под одну гребёнку...",1
срочный репост! красавчики! ❤ ищем дом 🏡 и семью! ❤ 🙏,0
ну по его делам это не еврей а жидяра еще тот... он свою родную мать за бабло продаст... а вас дурнев проституто-пидарасных хохлов тем более. понятно?,1
"нет, нельзя. запятые тоже не нужны, нация пишется с маленькой буквы( строчной).",0
"* до выебывался до домашнего ареста ну смешно это все, уважаемый суд!",1
"ебать вы что петухи ебанные,вы возьми утку рыбалке подарите что бы он подмышка побрил голуби.",1
про блядей как всегда.,1
"да и ещё и пидор гнойный,гнидор пойный.недержание бздо и говна в будущем😤💩",1
здравствуйте. что - то сыщик кроко перестал элементы для строительства давать?,0
я с пидорами не разговриваю.,1
блядь как заебал этот российский бомжатник из за этой гниды которая на верху никак нахапаться не может всё равно ж подохнет дай людям пожить сука достал уже всех.,1
"раньше была блядь, а сейчас светская львица.",1
очередная реклама нового ничего,0
твари поганые!!!,1
"Нормальное качество . Такую же кофту брала в магазине за 1500 .Нитки не торчат , цвет приятный .Рекомендую",0
"всё не польешь,например , картошку или поля с зерном☔🌈",0
"поди целый год!!!! ! терь судья. а я думаю, что пидор вы!",1
"талия 85 см, бедра 105 см. размер 5xl. в облипку",0
уже получается месяц как пропала а сейчас только опубликовано.,0
сань я хотел +++++++++++++++ а смысл ? просто + и уважуха .,0
"мать тупорылая сука,за мзду ребенка привела и ей похер что с ним будет,а вот пока есть росгварлия фашизм точно не пройдет.",1
никогда не сдавайся.,0
хуй тебе в рот - а не выйдешь из группы - на на ту напа,1
хочешь чтобы я твою рот кончаю,1
"закрой рот! кастрат обтруханый ,порядок будет востоновлен, я уверен,и всем воздасса по заслугам,куда же вы недоебки власовские побежите,они об этом знают поэтому верещат как потерпевшие в задницу",1
спасибо вам за победы. сердечно рада за всех вас.,0
"этих дур убить мало всю мидцыну развалили сам там работаю и всё вижу, сердце кровью обливается, на кол их посадить столько детей больных вся страна собирает а эти бляди жируют",1
"ткань - неплохая,  сшито криво. до Екб шло 42 дня.",0
настоящий вратарь,0
"чтоб ты сдох,тварь поганая!",1
бедный котенок... попал...,0
":d :d :d :d кстати насчёт недотраха...кто о чём говорит ,у того это и болит..так что не надо так много о себе мне не интересно...а насчёт ёб...ти ты по русски плохо читаешь видать ,подлечить. чукча. :d :d :d :d",1
эти свиньи сами разворовывают россию и при этом на каждом углу орут что виновато правительство и прочие но только не они. одно слово - либерасты.,1
его слава ему же и навредила..на кол негодяя....человека угробил...смерд вонючий,1
пидоры!,1
за пидарасав ответят их дети,1
"мудила а чё ты видел кроме задрипанного ижака своего и лозунгов ,что в россии лучше всего баран селюк и дятел ух разозлил гандон",1
долбоёбы вы хуже чем украинцы у вас есть большой пример а вам неймёться залезть в жопу.,1
от отсосо- баблодающего члена оторвали !,1
какой долбаеб ету хуйню снимает в 37 мом ету суку к стене поставили и растреляли бы не задумавысься и правильно сделали бы,1
правильно делали что приучали к труду зато сейчас хуета не может гвоздь в стенку забить из десяти 8 дебилов растут,1
может просто хлопнуть тварь,1
истиричка а что раньше лучше было....,1
чего с ним разбираться с такой мразью сразу расстрел и тому кто его защищает значит он тоже такой же мразь,1
"ты сучка кого лилипутами называешь, народ. жаба наташа, кваааак всё хорошо, квааааак всё замечательно😁",1
"полукаров, а ведь ты блогер-неработень, нет форума, чтоб твоей рожи не было, и на каждом только гав , три слова связать не можешь, а в политиканы прешься. ведь тебя не трогают, а ты все равно воняешь .",1
"ох же ёпта, какая истерика у макаки всего лишь от одного скрина, а если этих скринов будет много? махмудка, это только начало и кстати про скобочки😜",1
как стобой свизатся,0
"хули его помнить,он и час у меня работает! как новый.",1
"3000,возможен торг",0
к хрена собочьим вырезать всё блядское семейство,1
"девочки, кто знает, сегодня услышала про выплату детям до 16 лет у нас, наподобие как в россии сейчас платят. кто-то об этом что-то слышал?",0
ищут жуликов? вы лучше не повышайте тарифы люди извините за выражение пиздить не будут а это не спасёт кто воровал так и будет воровать мне очень интересно кто работает в этой системе честно платят?,1
ты мой хуй видела понравился покажи маме сестре жене им тоже поравиться,1
"все прочитал?иди в очередной раз нах!муж мой тобой займётся...сообщения свои удаляю,не люблю засирать ленту разборками с имбецилами",1
и добавить нечего !,0
"аня, здравствуйте. вы огурчики будете брать？примерно кг 6 набрали, свежие, без семечек.",0
царствие небесное !!!,0
мразь убить тебя без суда!,1
😵обдирают жесть.....,0
будучи трезвым претворите в жизнь все свои пьяные обещания это научит вас держать язык за зубами эрнест хемингуэй,0
"надо было жидов перебить до конца немцам. блять почему их сталин гнобил? вопрос, наши русские деды воевали штоб жидов отбить у немцев. посмотрите фамилии наших миллиардеров, половина жидов! наши русские деньги у них, их надо убивать тупо. это пидорская нация живёт, за счёт других, это мерзкая нация, глаза навыка, первая причина што это жид.",1
где находится ваш магазин?,0
нина благодарная коня,0
если ни они ты даже сейчас отсасывал у фрицов,1
а я считаю на детей всегда смотреть приятно.. здоровья малышке..! ( но когда бросают кучу фоток своих лицо...не люблю- вот это ни о чем)),0
3 потому что удобные :d 👍,0
х*еплетка,1
после хорошенько го удовольствия уснула,0
добрый вечер прооо алла,0
"очень классная куртка, цвет как на фото, все сшито аккуратно. рукава на рост 174 коротковаты, но не критично. на российский 44-46р хорошо сел L. продавцу определенно 5 звёзд.",0
пизда ты на всю сраку. какие российские наемники? думай мразь когда пишешь,1
это называется ленивые пельмени.,0
"сначала хуй предоставьте, а там посмотрим)",1
извилина у тебя одна. и та ниже спины. а какие то факты приводить таким убогим как ты смысла нет. пишу тебе на твоем уровне. что б понятно было. иначе совсем затупишь.,1
"​будучи человеколюбивым,хочу спросить:где сталин? расстрелять всю мразь!!!",1
эту морду самого сажать надо,1
белочка управляла бе ло ч ка !!!!!!,0
"а третий,как его называет михалыч, еще не всю жопу вылизал канцлеру фашистов!",1
твари таких сук стрелять на месте надо и из мужчин никто не вступился стрефили чтоли бородатого...,1
подонки что тот что этот мрази,1
убивать надо эту росгвардию,1
"спрашивает цикерман у залиса: - слушай, андрей, ты, почему такой черный? - ты знаешь, дорогой, когда я должен был родиться, моя мать увидела негра, испугалась и убежала. - слушай, андрюха, я тебэ один умный вещь скажу, но только ты не обижайся. мне кажется, негр догнал твою мать и выебал......поэтому ты такой страшный и глупый...........",1
"а, что ожидать от дрочуна, фсе ладошки стёр пока с вильтанушкой дружил, рука устала и кинул подружку 🤣🤣🤣",1
от своего тупого бреда ты не перестаёшь быть пидарасом запутинским...,1
да будет так! благодарю вселенная.,0
"ванилин и детский крем,средсво от комаров.",0
кремлеброды везде поганый нос суют,1
"засранец, больше слов нет",1
иди в президенты,0
продаёте или покупаете?,0
стоимость номера,0
головки нет стоит открытый двигу перебирать купить за 4500 и пое...ся как следует,0
"че дерьмо жрать пошол??? подожди, я щас тебе своего на лопате кину...",1
а я зашла а сумму которую выплатить должны нет вообще нечего нет там,0
украине пиздец. так хоть вы белорусы не буте ёбнутыми.подержите лукашенку ведь он для вас старается бараны а бегите на митинги за этой продажной шкурой вроде название тиханович или подстилка этих ублюдков прибалтики и сживающих себя долбо поляки,1
"да пристрелите его нахер,есть ведь специально обученные люди ни жалюзи ни очки не помогут",1
ахуенная телка,1
"плакай, я тебе свежую жилетку принёс.",0
"найдут болезнь, всё равно не будут лечить.",0
на кусочки этого козла разорвать.,1
"так он их всех и замочил, блядь, в сортире!",1
педофилов и убиц из корысти только казнить.,1
здравствуйте! видел давно фильм был хороший комедия полицейские академия!!!,0
везде люди в погонах что хотят то и творят. и правда чмошники,1
падаль .вот же сука редкостная.,1
и готовил максимум коктейль) а убирался с глаз долой ) что бы не мешать светлане ),0
не устали лизать задницу,1
"только красота спасет мир!!!!!!!!!!!!!!!!!! и ... жаль в основном красотой восхищаются в основном женщины!!!!! но.....милые женщины акцентируйте внимание вашего мужа или друга на создание красоты, замечании ее во всех ракурсах --это делает мужчину немного теплее и добрее ---не надо упреков ----у них совсем другой мозг.......",0
офигительные пиздоболы,1
с 3до 7 пришли. частоозерье,0
"а бывший козлина,резина(г.....н),ангина,дубина,арлекино,буратино,и дятел..который долбит в дверь к порядочной женщине в позе зю..с бутылкой за пазухой!🤣",1
аж до слез!!!!! хаха поймал! давно так не смиялся,0
2 года выкинутые из жизни!,0
купидрила который чуваг небесный влюбляет людейво всяковловно,1
"хули пиздеть, ково засудить, убивать их пора, это чей то отец и с каждым из нас это может произойти либо с нашими близкими, давить пора путинскую систему, а не в интернете об этом пиздеть, читать противно, одни слюни, фу, где мужики, нас больше, мы их порвем",1
"суки уроды ,чтоб вы сдохли !!!",1
блядство от шойгу...во всей красе...на языке кроме ненорматива ничего нет при виде этого непотребства...,1
"в 90 10....что за дичь,99 была машиной и 9 (бантюков)",0
расстрел!))),1
у них обрабатывают а у нас воруют,0
хочу попробовать))),0
после подобных речей и действий какие могут быть братские отношения хорошо хоть партнерские бы остались я бы с ним после всего этого срать на одном гектаре не сел просто ублюдок.,1
зачем? всеравно ее выберут ха ха,0
уважаю брат.я поступил бы так же.смерть пидофилам.,1
"правильно сделала что ушла,неряха.все придется делать самой,а с другой стороны....может проверял.ну все равно правильно поступила,мудак!",1
"если человек никому не мешает , не нарушает закон , его дело ,как тратить свои деньги.",0
"первый капюшон вязала как пятку на носках, тоже получился отменным, только другой формы!",0
майдаунов всех на куй в бандерлогию!,1
пора сажать,0
надо как нибудь на вас с пидором фомовым слепить.,1
хл на 48 подошел как на модели . качество отличное. спасибо,0
давайте все закроем и откроем 90тые и будем стрелять и убивать,1
ты себя побереги уебок.,1
это она шалава путина,1
"вроде просто,но и тут нужен талант! татьяна,вы молодец!варвара,тебя приятно слушать. расскажи нам ещё о ком -то, хотелось бы о тех женщинах, которые цветами занимаются",0
пидорас пробирочный!!!!,1
а где можно примерить,0
ты еще отсаси ему жирная пидерсия,1
они там ее по очереди или как,0
у меня капитал ‘ получается они с капитала заберут обратно то что отдали 🤦🏻‍♀️🤦🏻‍♀️пипец,0
"а кто бы сомневался.? пиндосы - это одни понты и блеф...вскоре нужно ожидать киноролики пиндосы на марсе, павильонные съёмки ыже идут полным ходом...",1
"лучше бы попробовали найти на что не подняли цены. мне не встретилось, может, подскажете. а я не там ищу?",0
"юбка нереальная. Я влюблена. закажу ещё. ткань мягкая, гладкая, прошита хорошо",0
"инфляция 3% ? да тут уже не 3 а все 33 % , причём дорожает всё . люди же не дураки , всё видят и понимают .",0
"вот мразоты черножопые,понаехали бляди,пусть к себе едут в ослов",1
есть. когда нужно?,0
идиот это ты!!!!,1
"педафилов,насильников детей,сразу надо расстреливать,они выходят из зоны и опять насилуют,почему мы должны этих подонков кормить ,нужно как в китае👎",1
одним словом конченый пидор!!!!!,1
я дрожжей 11 гр никогда в это тесто не кладу. 0.5 ч.л. и хватает,0
"у меня как и многих моих знакомых нет проблем с гуломдаже при 100 спокойно разговариваем друг с другом.гул конечно есть,но не такой чтоб мешал.а я ещё плюс обесшумку сделал всего салона.так что гул вообще еле слышно.",0
5 месяцев группе?,0
все новое - хорошо забытое старое!!!,0
Ожидала лучшее.,0
это долбоебка россии а не мисс.,1
"молодец пидр не зассал, ни каждый натурал так сможет.",1
"везде в магазины заходите,",0
подруги они такие.,0
как правильно сказано!!! особенно понимаешь с годами за плечами.,0
"со своей уебищной мордой будешь дрочить безруким ,,атошникам,.",1
сказал путинский жополиз...,1
мочи полицаев,1
"руки отрубать таким извергам, скоты.",1
только расстрел этим уродам,1
бабушка здоровья вам ещё на сто лет,0
фото 20 ти летней давности,0
только в ростов его уже не пустят. прийдется драпать в усраину!!!,0
"играть порядочного человека оказалось легче,чем быть им в жизни. мне он никогда не нравился,особенно когда с каналом дождь мутил,стишки похабные читал,призывы бросал. я думала ,что просто алкаш, а он еще и наркоман. ужас.быдло.",1
красоточка! с днем рождения!!!,0
"вам лишь бы ,,бабла срубить,,вы пособники ,,живодеров,,заебали своими шубами,весь мир в искусственных ходит,не приезжайте больше сюда продавцы загубленных животных,вас бы так ободрать и тапочек налить!",1
"ну ёптвою..,ещё б не мудрец... чай если воротят нос от твоих вонючих носков..., то хуль с проссанными подштанниками туда переться то...",1
"хотите нормальных судей, честных, неподкупных, меняйте эту власть, то скоро двух летние дети будут пьяные нападать на уважаемых людей, и суд будет их судить как ответчиков , как суд принял обвинение что ребенок был пьян, эта гнилая гнида его убила, ее нужно закатать в асфальт, а суки судьи готовы обвинить даже новорожденных, долго будете ещё терпеть??",1
на подвал таких уродов.,1
попал в 2д измерение...))))),0
"а сколько тебе платят, за подобные слова? или ты ебанутая серьёзно (dt)﻿",1
ну ебанутыми как раз и стают когда деньги появляются,1
"есть люди, которые волей судьбы, например, во время войны, при освоении целинных земель, на масштабные стройки, уехали из родных мест. а тут другое - после развала ссср ринулись в российские города, а особенно в москву и по-хамски себя вели и ведут. основали трафики наркотиков, устраивают теракты и т.п.",0
продам 2х комнатную квартиру 2 этаж автостанция без долгов пласт окна железная дверь бойлер инд отопления требуется ремонт в ванной тел 0721073726,0
суровый челябинский мужик не трахает резиновую куклу! ему гранитную деваху подавай!,1
"рады, что все получилось и рецепт понравился)",0
что путинойды очко тресетца пол земного шара против вас путенойдав,1
"да тебе сказать просто нехуй, рагуль. просто завали ебло.",1
пизды ввалить такой чтоб костями срал,1
нет порочным ротозеям ! абв,0
"все навесные приспособы нашего выпуска , качество ни к черту хотя сама идея правильная.",0
умные слова.,0
питух ты у тебя в киеве пидорпарады проводят открой глаза слепота петушиная :d :d :d,1
а правда ли это?,0
поймать гада и отхуярить.,1
гlо шибудь въебите автору,1
еще на бога надейтесь!🌹,0
"я тоже не могу носит часы на руках. у меня они или остановливаютя или ломаются, стрелки выскакивает.",0
терпеть я больше не могу и вкусняшку украду... ok.ru/profile/561888007418/pphotos/901145049850 ok.ru/profile/561888007418/pphotos/901145023482,0
его самого нада расстрелять. а не медведей.,1
самая добрая и лучшая няня👍﻿👍﻿,0
"братан. да игнорь ты его.не видишь что-ли голимый путиноид,и педрос.. он",1
такое маленькое чудо.,0
в киргилях,0
зубаревой с воркуты надо в рот не мезин дать а большой толстый член для желудка,1
виктор тимошков - пиздобол,1
"как минимум 5 сайтов могу скинуть, где этот ролик есть, и в ютубе так же... 😉",0
что это хуйна туф сука🖕🖕🖕,1
"я видела к нему удостоверение. и по дате вручения узнала кому такие вручали тогда. всем, кто был в 1945г на дальнем востоке в армии и не получил боевой награды. тем всем и вручили, вроде в 85-ом",0
"Пришли очень быстро. Качественно сшиты, продавец общительный, молодец, отправил быстро. Сразу ткань показалась колкой, но после стирки всё прошло, они очень мягкие. Для дома самый раз.",0
дебилка отцу своему покажи,1
хуйнёй занимаетесь!!!,1
так это написано для верхушки..,0
бляди нацию не имеют.ну и как? должно быть сама тоже блядь так как не возможно расти среди таких и не быть такой. как говорится с кем поведешься того и наберешься,1
не может стоить бензин дешевле сырой нефти. даже в штатах...,0
полное уебище,1
расстрелять н...й!!!!!,1
какие же дуры сидят в правительстве где мразь нахваталась таких тезисов трёх способовая блядь в очко в очках и без очков,1
очень красиво. я оттуда родом.👍👏👏👏,0
"и куда, столько？",0
то годись что к тибе коты тянутся а не вороны обсеруть долбаеб,1
жесть шок малолетний недоносок ублюдок мразь! 👎👎👎👎👎👎👎👎👎👎👎👎👎👎👎,1
"сосите хуй. все равно лука пока не уйдет ничего не изменится. и , в данном случае, я за него. как ни как лучше борщеварки",1
ира привет а 42 есть,0
смерть уроду!,1
дежурный ангел),0
"Платье красивое, мне очень понравилось! Присоединяюсь ко всем положительным отзывам! Огромное спасибо продавцу!",0
"зачем возбудились, непонятно.",0
"ну откуда у этого чудовеща может появится материнский инстинкт - пили мать с отцом , лакали бабка с дедом , а ген никуда не денешь - через 9 м в появится очередная жертва - кастрировать тварь - зачем ? наша великая этим мразям ещё все лето бабки скидывала - не страна а рай на земле!!!!",1
чтоб он сдох тварь. когда уже ответят за свои извращенства,1
"да брат, круто вы определили нас самих. а ведь это быдло поднял страну на плечах ! его руками построено было все то, что сегодня, как итог тому, мы видим , было разграблено и уничтожено варварами - люмпенами богачами ! это быдло запустило в космос человека первыми в мире . это быдло победил немецкий фашизм . но это доверчивое быдло не сумел защитить собственное достояние всего народа . как же у вас язык поворачивается самих себя обозначать как быдло ? не ужели ваш ум настолько ничожен , и на наших глазах вы становитесь как ничтожество !",1
ебать ты дура. ты пишешь про шубу и трусы. ( сама потеряла???) по себе людей не судят.,1
куевский тролль работающий троллем за 100 гр в день . олень за долл выгодней продавать . при подородавшем долл при обмене больше руб в казну . ты тупой тролль . кто тебя нанял ? по блату тупого пропихнули ?,1
"товар так и не пришел! 
деньги не вернули твари!!!",1
🌹🌹🌹🌹🌹🌹🌹🌹🌹🌹🌹🌹🌹🌹🌹🌹🌹🌹🌹 поздравляю с днем рождения!,0
"а кто ему конкретно угрожал из этих убитых ребят, не считая пьянкова? дура это ты😂. ходи и бойся чтоб рамилька не встретился, вдруг место в автобусе не уступила,сейчас таких героев куча вылезет",1
"железный купорос не бирюзового цвета. бирюзовый -это медный купорос. железный, скорее , желтовато-зеленоватый имеет цвет",0
"Вобщем лучше не заказывайте, ибо все плохо. Везде дыры швы не дошиты. И еще размер не тот прислали. Еще доставка 2 мес",0
охуительная,1
"... мудозвон обыкновенный... ой, дико извиняюсь, культурное и образованные тело несущее и искусство в массы...",1
разрубить пидораса и по покетам расфасовать,1
"идиоты , а то в нашей россии отдать некому - нищета растет , зато делаем такие проступки иначе не назовешь",1
пидоры полицайские,1
"тварь, а не депутат.!",1
"ну и дура, что от сапогов отказалась.",1
надеюсь эти мрази здохнуть от кароны и обновы их закончатся на этом,1
"да отпиздить его надо было, раз битой переебать, что бы остаток жизни ходил улыбался",1
"привет, лёня,обязательно передам привет серёже с ниной.вам тоже большущий привет от всех нас и от родных гор (lo) (lo) (lo) .",0
кун-хуев-закрой еблище👎,1
сука сволочь тварь мразь гной,1
пидор он хуй у единорогов брал да и заслужил а валдемар погоны вручил майора,1
"тварь, турка-ебурка! бери и дальше в рот от мразей президентов! ни хрена ты не понимаешь, проститутка!",1
безобразная в любом образе.,0
в окружных штатах америке такие типы обычно сидят на электрическом троне...,0
пиздюльгин и почаще😊,1
полная утопия,0
"блядь, уроды лишь бы крайнего найти, да ещё и денежку срубить.",1
"Супер! Моя самая удачная покупка!!! И цвет долго думала, оказался превосходным! Хорошо тянется.длинна на рост 157см с хорошим каблуком.",0
храни его господи! !!!!!!!,0
"пиздите и пиздите долбоебов, проплаченных ес. деньги пятая колонна получила? отрабатывай и радуйся , что в харю бьют! больше побоев - больше премиальные!",1
браконьеров надо стрелять.,1
что сказать дура! с детьми и с попутчиком!,1
я рад что родился в узбекистане!,0
"вы все заебали тему с ефремовым !!!! больше поговорить не о чем ? а то что делается в хабаровске? в стране? что вы доебались до человека ? вы посмотрите на президента. на эту гниду, на то что он творит с россией ! мало дорожных проишествий на дорогах россии? а вы все, как последние сучки разлаились! вы лучше этого гада фашисткого гада разбирайте по косточкам! а тут артист, который правду об этой твари говорил и все.... к стенке !!! а пронять, что это подстава ни у кого голова на сработает !!!!!!!!!!!!",1
"друзья, спасибо за поздравления. в силу политической ситуации у меня доступ на одноклассники закрыт. бываю здесь не часто. если кто готов принять администрирование группой - пишите: удачи!",0
с днем рождение 🎂🎁,0
"заебал этот насыщенный татарин,то что он мастер по тортика это спору нет,а вот то что у него гнилой характер право ему не даёт с людьми так разговаривать как будто они навоз для него,ты слышишь меня татарин,уважай людей а не задавался,ты запомни одно-бога за яйца ты не поймал,понял???!!!",1
а клянчить лайки не стыдно .,0
"скотина , нашел над кем издеваться , бывают же козлы такие",1
"смоленская 20а. баба дуся, отливает воском.",0
отрезать ему его хозяйство - вот и будет приговор,1
"Кофта красивая, очень мягкая ткань и приятна к телу, но пришла с несколькими затяжками, что очень не приятно, так как на такой ткани они очень заметны:(",0
"не сажать а расстрел и конфескация,нехер на них тратится",1
ужасно звучит «русская транскрипция»,0
"истина, надо, на наши доходы их посадить",0
какие вы все молодцы!!!!здоровья вам и счастья!!!😍🎁,0
"а россия, вместо того, чтобы убрать эту кучу дерьма раз и навсегда, каждый раз открывает дверь и нюхает это дерьмо. как-то так.",1
нисколько....хуйло....,1
"хоть сердечки,хоть ушки,любимчики всегда красавцы!!!",0
такой смешной. сплошной позитив!!!,0
последние деньки досиживает белорусский самодур....,1
пиздит как троцкий бля....спортсмен хуев...живот у беременный бвбы бля,1
это точно для матери это самое большое счастье,0
все бы думали как бабуля но есть у нас долбаебы их к сожалению много,1
"ах как здорово , скакать и прыгать головою потрясти , ножками подрыгать а потом побежать , в мамин бок уткнуться вдоволь молочка попить , да не захлебнуться",0
"быдло в зеркале увидеш, а параша это наверное твой дом родной.",1
все черкесы живут в турции,0
разбить ебальник в дребезги.... чтобы обосаласа свинья,1
постановочный момент.,0
"Очень понравился платок, мягкий, цвет насыщенный! Рекомендую.",0
админов по 282 ук рф закрыть на хуй,1
"стерлигов на дороге все равны, и водила фуры прав, а ты козел и приедешь в нижний, я тебе рожу набью, ты понял, цважай народ гнида",1
"всё очень прекрасно видно что родители этих армоутангских питарасов нсгло оправдывают ,что ихние шинкине не чем не виноваты . виноваты российские правоохранительные органы что из арестовали не законна да дорогие россияни собаки егниять не рожают . вот всё прекрасно видно что армянская собачая стая сидять ешё и право кочают ща своих шинять ...",1
цветы родом из моего детства!,0
"этому пидару, ебло сломать надо было, который писал в конце",1
конченные пидоры,1
❤️ прелесть !,0
молодцы девчонки 👍👍👍👍,0
"для бабушки каждый день бы ставил, но ты сука не одного не получишь!!! носит же земля таких тварей........",1
а ты сука сидишь у нас на шее,1
полях луганщины навсегда остался сегодня в неравной схватке с жидо бендеровскими вы выблядками геро алекс новалис сутулыйу погиб новороссии позывной города ровно вильн юс будучи родом из русского раненым в пах он отстреливался до о последнего патрона а затем подпустил правосеков поближе и подорвал себя гранатой ао н с дома анекса дво детей остались вмалолетных и красавица жена быть кровь наших братье должна отомщена жидо бендер ровскую гадину гове разда авим ве ло все фронты новороссии на,1
а родители их пидорасы!!!,1
"да заебали жиды , нет не какой пандемии. надо расстреливать тех, кто говорит про пандемию.",1
мужчина с руками и со вкусом.,0
"бесстрашный пидар,во дела",1
товар ушёл очень долго  ткань расцветка очень бдеклая не как на картинке а так к телу мягкая но носить можно разве што дома похожа на выцветшее полотенце.,0
"вот это разговоры. вы не нашли в другом месте вести такие разговоры придурки,",1
хуйня шо больше показать нечего,1
"зайка маленькая, солнышко ясное!!!",0
ашау помогаем людям лучше жиь,0
сука она конченая.,1
правильно зря что-ли их босс 3 в списке форбс?,0
"полные , долбаебы!",1
"парачка пидорасрв, их место на фонарных столбах в центре москвы",1
да какое дела куда и на что потратили деньги долги видимо погасили их и брали чтобы дожить до зарплаты или пенсии а там проценты вот думать чтобы их закрыть микрухи а то усилили долги погасили вот о чем надо думать чтобы люди не влазили в кредиты нашей госдуме а то увидили прям аж бесит,0
"Отличный бодик. Первый раз брала s, оказался впритык на рост 161см, ог 80, от 60. Этот сел идеально. Доставка быстрая. Продавец умничка!",0
"хочется верить, ох как хочется! надежда умирает последней!",0
"красавчики😍 люблю безумно эту породу, особенно длинничков💞💞",0
"вы даже по ответу определите что это развод, информацию не дают.",0
"а чему радоваться??? то что этот опарыш страну с молотка по миру пустил,то что развел вора на воре,то что богатства россии принадлежат не народу а черт знает кому. сами воруют миллиардами триллиардами,а народу что 100-200 руб на пенсионеров. попробуй путинская мымра проживи на 8000 ,из них сперва заплати коммуналку. и когда картошка в магазине 120руб ,с этими взвинченными ценами. хлеб 45 руб. гречка 80,рис 80…..... а он сучара сидит падла на полном гос обеспечении. поправки сфальсифицированы. оказалось то 10 %россиян за 90% против. у нас сегодня флешмоб в поддержку сергея фургала, вся россия требует его освобождения до единого. только вы твари захватившие власть стоите на свое. но ничего народ не сломать. мы вам ещё устроим раковую эпоху. вас таких валить надо на каждом углу пидроботы путинские проплаченные. мы то россияне от роду. а вы кто ,недобитки белогвардейские и хохлопидерсия. зря вас сталин не покончал ,ох зря. счас бы жили как у христа за пазухой.",1
себе забрали остальное продали а некондицию уничтожили!это мы проходили!,0
"идиот,это ваша зависть россии",1
уебок!!,1
"да ладно, его попытка нагнуть бомжей с фарм клубом, заслуживает уважение. толи ещё будет.",0
"уебаны ты хотя бы поймай логику, не просто мат логику!!!!!! уебень",1
мой любимый мармарис,0
харьков-ты всегда в моем сердце!!!!,0
че не трахает ни кто? сознательность аж прет!,1
тварь потерявшая себя шалава,1
...вот и отправте эту блядюгу к диким арнаутам!!!,1
неймется тварям давить уродов на корню янык сыканул из-за своего бабла за кордоном а батьке терять не чего молодцы ребята,1
вот у кого нужно учиться любить свою трану и ее природу.,0
посидить лет так..... и вспомнит.,0
портвейн пармезан пица помидоры пирог,0
но вы не на их месте и что-то не наслали они кнбшников странно не правда ли?)) интересно чем дело закончится пойдут на встречу или нет,0
"их наверно надо уничтожать,это как вредитель,ничего себе как фигачет.",1
рэй бредбери.,0
берегите эту женщину---земляки сарданы!!!! горой стойте за неё! только с такими людьми можно исправить аховую ситуацию в стране!!!,0
"Качество нормально. А вот шло ооочень долго , куртка не плохая , все равно рекомендую, но оценки снизила !",0
всем привет !!! дайте команду чтоб домики веоры били,0
голожопый с флагом! а чтож ты умник на своей странице выкладываешь?,1
"ирина, давайте попробуем. может по прайсу кто-то захочет)))",0
что этот пидар несет кто-нибудь заткнити ему рот,1
"когда кажется, что весь мир настроен против тебя, помни, что ты прав!",0
пидорас конченный!!!!,1
ты пидофил .сядешь к упырям,1
"если бы все люди занимались созидательным творческим трудом, а не лаяли на митингах и соцсетях- тогда и настало бы всеобщее благоденствие. браво создателю!",0
"качество супер! на небольшой рост, сидит идеально, доставка в 39 регион всего 11 дней! спасибо продавцу, рекомендую!!!",0
здравствуйте сейчас 500 руб с человека в сутки,0
"Девочки, куртка говно и продавец говно. Не ведитесь на эти отзывы. Куртка очень тонкая, очень неудобный замок, воротник ещё хуже. В магазине я б такую в жизни не купила. Ткань как подклад. Рукава на скелета какого-то. На футболку если только носить, без шарфа и  тёплой осенью. Не зима уж точно. Продавец пиздабол конченый. Кинул сука меня. Уговорил купить размер М - но куртка на очень худенькую девочку с толстой жопой. Я отправила куртку назад на склад в Москве. Месяц этот урод мурыжил меня. Не высылал ни денег ни другой куртки. Кое как он вернул мне деньги - меньше на 500 руб. Я тут заебала всех на Али - писала во все помощи чтобы он вообще мне что-то вернул. Не берите эту херню!!!!!",1
да какая у них родина у этих опарышей нет родины бандитские девеностые это их ностальгия,1
"да ты готов задницу подставить пиндосам,недобиток бандеровский.",1
в каждой нации есть козлы. только слабые и тупые так поступают. умные и интелегентные такое себе не позволят,1
"4хл на 52 размер. можно и на 54 натянуть, но сильно борит( как сидит не понравилась.",0
"как её ещё не переделали, такое паливо.",0
сука ментовская,1
"и от 3 до 7 ещё выделил деньги,а то размечтались уже:d",0
повесить🔥,1
люблю таких котов .,0
"🤣🤣🤣ищи ищи остряк картинок много мне нравится когда вы как цепные псы кидаетесь, умора!! повесели меня чмырь диванный!!",1
"мы поедем, мы помчимся, в венерический диспансер. и с отчаяньем ворвемся прямо к главному врачу. ты узнаешь что напрасно называют триппер страшным- ты узнаешь, он не страшный! я тебе его дарю.:d :d :d :d",0
саси хор далбаёб я сам воспитывался в радоков не видал и видеть не хочу,1
"таких пидарасов, отрицающих свою вину надо садить по полной, на на 12 лет",1
"а если почки уже не так работают, то какая вода! пить надо когда хочется! это моё мнение, а молодым всё можно и есть, и пить, у них всё пролетит.",0
"ну а с крымнашем и мастом сильно лучче на пидарашке жить стало? а то шо то вы в 2014-м с гармошками и балалайками бегали, а это че то приуныли! заебались процветать?",1
"смерть им, через ламумбу.",1
"страшное и невыносимое было для ублюдков которые хотели все иметь, при этом не работать а только ныть !!!!",1
"таких долбоебов мало, но еще не перевелись.",1
у меня 3 стоит...наверное больше 3х нельзя,0
"как написать в лс, запрещено",0
терновскую берете?,0
"девочки , сколько сейчас социальная пенсия по потере кормильца?",0
учитесь как лайки и коментарии собирать надо😂 трудно мимо пройти 😄,0
как где пидорка ? по всей стране . а вся эта поебень ради выборов . а бабки поверят .,1
всем ✌ веора открылась,0
да на х... нужно!! речь о чем??????,1
"но похоже, дура",1
можно трахнуть разочек не больше!!!😀😀😀💋💋💋,1
really good,0
"ум отьешь , такая вкуснота ! а хлеб - то какой пекли !",0
"какая то странная сумма 300- 400 рублей в день на ребёнка вы что ахренели это шикующий ребёнок в нашей стране, у большинства матерей зарплаты 10-13 тысячь в месяц, 100 р на чадо ну 150 это край!",0
эту сука надо к стенке уже,1
передать в зеленчукскую. спасибо,0
а кому первому голову нужно оторвать ?,1
мы трахаемся трахаемся тебе я нравлюсь нравишься значит пара мы не всё так просто,1
об о ебаоф если мужчина думает что он меняет женщин как перчатки он заблуждается он просто ходит по рукам как проститутка,1
пусть не позорит свой возраст...,0
"но если бы это были не дисантники, то дубинки пошли бы вход! бить женшин и стариков они любители. просто не риснули.",0
ну и хуетень блядь,1
"гореть ему в аду,а нынешнее руководство вместо дровишек подкладывать! все продажные!",1
пидор гнойный.,1
"два добрых дела сразу - и голод утолил , и толстухе помог соблюсти низкокалорийную диету !!!(fr)﻿(fr)﻿(fr)﻿",0
"я искренне,от всего сердца,желаю тебе смерти.я желаю тебе и твоим детям заболеть раком и сдохнуть в обшарпанной,путинской бол нице.",1
"ненавижу людей! кто ж виноват, что наши братья меньшие оказываются брошенные на улице, а? только мы- люди! а потом ещё и удивляемся, откуда столько бездомных и одичавших собак! срочно расстрелять! люди, будьте ответственны за тех, кого приручили. стерилизуйте своих питомцев. помните, что в любой момент мы сами можем оказаться на улице.",1
"первый раз столкнулась с подобным обманом,, прислали пустой пакет. спор открыла сразу,, но решение не в мою пользу (крайне разочарована в людях",0
шахбазян разве не арменин?,0
фашистские ублюдки из за океана....вы этого не знали?,1
блядей в депутаты это слишком,1
"полина гагарина мне ещё нравится, что-то с ней есть ...",0
привет юла как богдан вестаоль мой члень покажи пезду млая или звани89205035424,1
родить и ещё раз родить - переплюнем китай !!!,0
"что жить мирно надоело ?гитлера захотелось , ни одного достойного нет ,за кого можно была бы проголосовать , войны захотелось , это только больной может гитлера в пример приводит ,урод",1
полупидор или недопидор. а чей то муж видимо и нашим и вашим. би.,1
кондючки вообще на хер не нужны,1
если уж есть у нас сивая кобыла - так это путин! а вы - его злобные жеребята!,1
мы очень рады!!! 👍,0
попробую сотворить,0
"не скули шлюха, не интересна.",1
"преподобный отче серафиме саровский,моли бога о нас грешных,яко аз усердно к тебе прибегаем скорому помощнику и заступнику о душах наших!🙏🙏🙏",0
"пора их отстреливать по тихоньку пидорасов пусть их же родственники так же попереживают )) суки и слов нет без всяких обвинений доёбываются ,",1
"не думал я, что ты такое грязное,обдолбаное чепушило.:d :d :d .недотрах,как ты далеко от истины:d да думай,что хошь,я все равно хуже жить не стану",1
"Ужасная синтетика! Тонкая, ничего общего с представленной картинкой, не яркая, рисунок растянут и тусклый, впрочем как и сама кофта- мешок! На картинке кажется приталенной на самом деле нет! Не рекомендую",0
"здравствуйте,можно тел.в личку?",0
"если вы имеете в виду народ, проголосовавший против, то глабально пидаров намного меньше. так как был саботаж голосования, умалчивание. и многие люди, желающие проголосовать за просто не смогли это сделать физически. например, работали вахтовым методом, а голосования не было организовано. вот так вот.",1
"уважаемая, просто нет слов в какой форме вы предъявляете претензию. если есть сомнения в правдивости диагноза и необходимой сумме на лечение, то можно в более вежливой форме попросить отчет. не дай бог заболеть, ещё нужно доказать что ты не мошенник. и без вашего негатива у человека проблем хватает. не можете поддержать, пройдите мимо.",0
"отстреливать надо таких,как в китае.",1
пиздобол ты ! не понимаешь не говори про пролдовольствие.,1
"к сожалению,правда.",0
"молодец захар, мочи этого хитро*ка-приблуду, мало ему квартиры, так еще ведущего высиживает ( совсем обнаглел от жадности)решил все деньги проекта себе захватить",1
"подскажите, пожалуйста, в каком парке стоит сердце?",0
всё собрал😁😁😁,0
"о... как, ещё столько простоит!(fr) 👍",0
"... что происходить у себя, наши сми ни гу гу ... по ящику только украина ... сирия ... убили ... изнасиловали ... ограбили и т.д. и т.п. а уж этим коронавирусом запугали всех и вся, чтобы держать народ в ежовых рукавицах ... молчат политики и члены правительства ... что должен думать народ и как верить власти ... возмутился жириновский, но его успокоили назначив нового губернатора из того же лдпр ...",0
я вижу прекрасное...,0
сучка! сгинь отсюда! ты понимаешь что на тебя всесрать хотели!!!!!!!,1
если вы так отвечаете значит вы тоже пидафил. значит тоже сжечь нужно,1
я бы тоже своего падлу отдала бы да ещё прикуп дала бы.,1
"деспоту наплевать на успешность, ему важно, что он - власть.",0
пиздит как дышит трехличный шакал,1
августа день вдв со с ты об этом знает,0
Размер отправили не тот. Деньги отказались возвращать!!! Рейтинг говорит сам за себя. НЕ ПОКУПАЙТЕ НИЧЕГО У ЭТОГО ПРОДАВЦА,0
"ты, индеец племени дрочи до пота, я тебя оторвал от дрочки при виде такой красавицы и не хуй меня оскорблять.",1
"это какой то урод--если в 44 года челюсть такая же, как в 9 лет",1
вербовщиков надо казнить не сразу а что-то ждали и изучались как ихние жертвы.,1
"чтобы ты сдохла вместе со своими выблядками, проклятая подзаборная шлюха!!!",1
"я эту тварь ненавижу каждой клеточкой своего тела !!! чтоб ты издох, иуда !",1
мишика надо сажать на кол,1
их уже не запоминать надо а отстреливать эти зажравшиися морды,1
это полководцы у нас такие суки роту загубили,1
"а у нас в россии так, что сам не смог поймать- значит фотошоп или муляж(( рыбаки диванные(((",0
мусора ебаные не боятся не ножа не хуя,1
м а рссии итли sиам сб с с днем в ззз ч рождения иссип взз б о что у з л е g сабиск на а,0
заебали вы уже своими котами честно говоря.*-)﻿,1
жил при хрущеве пустые полки .при брежневе так же при гобачеве не могу писать эту фамилию с большой буквы вор,0
главная шлюха российского футбола прокукарекала!!!,1
"сука раньше всё в бункер уходило, щас жмотьё бля сделали, что не уходит, сторожи теперь сиди богатство :-d разрабы уебанки конченные",1
"очередная пропаганда пидорасов и врагов отечество. в хабаровск агитанты это на денги запада и олигархов,так же как и в белорусии. только дебилы и не понемаюшие подаются на это.60 милионов в месте с путиным раздавим пятую коллону ,запад и всех врагов отечество и пидорасов",1
во дебил! а кого хотел бы видеть в радость! паскуда не благодарная! чмощник! шолухень!,1
"яб тебя просто пристрелил за эти слова, хуесос дырявый, у каждого свое мнение по жизни, старики последний хуй без соли доедают!",1
"а тебе не кажется, что было это ты, а сосать будешь ты, хуесос!",1
отлично в разгар лета побывать на концерте профессионалов! спасибо организаторам за час релаксации !!!,0
"а мне нравиться, артхаус.",0
"Внешне выглядят отлично. Пока не надевала, поэтому не могу сказать, как сидят. Размер, скорее всего, угадала, на вид))",0
этих уродов потом надо судить народным судом а не каомагным,1
да таких пидоров надо расстреливать,1
что за наёб?,1
"теперь после поправок конституции все работающее население на мрот, кроме банков. ура товарищи, прорыв!",0
вы обаятельный человек улыбка вам к лицу,0
Заказывала две пары. по размеру. ткань приятная. посадка высокая. описанию соответствует.,0
уроды. сталин расстрелял бы.,1
росстрелять нахуй,1
"это,наверное, какой-то комплекс упражнений по оздоровлению...",0
"вы наверное больной ? умейте выражаться адекватно .вы наверное уже получили вдоль седла и гривы,влупидолом !",1
мразь конченая тварь и наконец пидор,1
"это срочники,а не омон.им по 18-19 лет,пусть она подойдет и спросит у омона или у космонавтов россгвардии ,которые служат по контракту!а этих детей согнали для массы в оцеплении стоять.",0
"правильно говорят, что в каждом стаде всегда найдется паршивая овца. вот и здесь она нашлась. отвянь. я не хочу с тобой вообще общаться . что ты ко мне прицепилась ? влезла в наше общение и меня же об......шь. не лей свой негатив на нормальных людей. если с головой бо- бо, иди лечись.",1
"а вы считаете ,что будет смена власти?я нет, не считаю!все рассосется- батька останется у власти !со старыми причудами !",0
точно козел. как только рука поднялась. чтоб ему пусто было!!!,1
ты пидор заглохни гавно хохляцкое,1
а кого надо поддерживать ???урода брехливую собаку которой 20 лет скулил пока буду президентом не буду поднимать пенсионный возраст???? человек не должен больше 2 раз быть президентом???,1
я саа всего добилась с с о сд с,0
"вы недоношенные дебилы, он все разворовал, продал, а вы ублюдки и подхалимы жопу лижите. лилипутин враг народа его судить надо!!",1
хочется сказать больщое спасибо за такой тяжелый труд в наше такое трудное время всем медицинским работникам . берегите себя!,0
"надо было подвесить и отойти назад подальше, вообще бы как лось был.",1
"муууууусор во всей красе, а приставить к его голове ствол, трусишки менять пришлось бы😂 😂 😂",1
"они там в москве все ебанутые,осталось только на сиски кейчуп намазать ,а туда сосиску засунуть...",1
https://prnt.sc/tsbu2j пока выше не могу. но войска ниже поиимею,0
отличный товар!!!!!!!,0
​моё восхищение мужеством и жизнерадостью этого парня! всех благ ему!!!!​,0
"нужен не памятник , а живой сталин. что бы навёл порядок в россии и всех этих тварей и блядей прижал к ногтю и раздавил как гнид...",1
ты сам себе противоречишь,0
обиды просто обнулите. ... актуально 😊,0
убица русских ублюдок,1
пожизненно пидор,1
если девушка тебе ее лилнет к стужно отодрать,1
"какой мудак, выложил этот пост, вы блядь что жили хорошо при ельцыне или горбаче радуйтесь сука что живёте спокойно без войны.",1
до половины дебилов дошло что убийцу поддерживать даже за пиндосовские бабеи не к лицу,1
это им не бабушкам руки заламывать вдв ребята серьезные нехрен к ним прикапываться погуляют пообщаются и разойдутся.,0
"достаточно послушать тех, кто с ним учился или близко его знал раньше.ни каким он волком не был. он был затравленным, озлобленным и мстительным шнырём. не надо быть психологом, чтобы по данному фото определить психотип этого ушлёпка.",1
"ув.эля если тебя не нужны слухи и сплетни,то напрямую общайся с леонидом ивановичпм ,,его точно волнует 1 сентября,,",0
ледяной замок прошу помощи,0
а васька. слушает. да. ест... 😜этоо нашем. правительстве... думает как. всегда. побузят и утихнут... так и живем🙉,0
филипку надо к жопе грабли привязать,1
"твари! зато кто правда вкалывает, то хрен без соли доедет!",1
"чтоб такие хозяева суки сдохли, можно и заживо.",1
"дебилы конченные,перестрелял их всех до одного! мрази!",1
зачем с таким жить тварь. расстрелять,1
хороший губернатор будет заботиться о своём населении и это правильно.,0
блядский цырк !!!,1
"а кто снимал на видио,тоже надо привлечь.сука убить их мало.😡",1
"и много хуев отсосал , проктолог заднего привода?",1
расстрелять на хуй ...,1
"видимо, тот кто снимает, дозволяет ребенку этот поступок.... так как ребенок под присмотром оператора, мама спокойно спит.... :) . на месте мамы, сходила бы к парикмахеру. 💇",0
хуета ужасная. осторожно с ним. фотки ворует и так же как аноним кидает.,1
Спасибо большое!!! Она ШИКАРНАЯ!!! Я самая счастливая!!,0
родина оо б о союз капризули приглашает битву игроков в s без бронисоюз открыт добро б по боо чб уровня пожаловать с,0
а у вас есть этот которого держите рукой,0
чтоб тебе. самой остаться без денег.,0
подлеца. на высшую меру наказания. повесить за я...а,1
слыш ты курица дырявая !!! ты тут кем себя возомнила путинская хуесоска ты жаба будиш висеть с плешивой овцой на одном столбе ты сучара поесни кто такие пиндосы мозгов как у канарейки и ещё что то хрюкает кобыла дрисливая,1
обнулился хуйло,1
какие верные слова..... как больно это слышать..,0
у тебя много уходит? ..мужики же платят,0
"мне интересно,если друзьям сообщить,чтоб собрать о трампе ,как о обаме пляшущим на танц площадке,вплоть до измен от жены,все собрать,что он скажит",0
кастрюли надо с кремлевских пидарасов снять,1
"где-то примерно здесь, за магазином там где семена продают.",0
рост туловища явно не на наших девченок) пошить очень криво,0
"найти и кастрировать ,что бы ублюдков не плодил у р о д",1
б...я надо тоже диван отодвинуть😂😂😂,0
"каков отзыв, такова и рожа😜",0
у дагестанцев также есть выблядки!,1
4. 6. 8 .11. 12. 15. 16. 20. 26. 30 не выезжаем (скучно),0
"Посылка не пришла, деньги вернули.",0
пидарасы собираются с россией говорить? смешно!,1
ч то тут идеального все так месят,0
"уманский ублюдок конченный, тварина некому тебе е...ло набить. черт убогий!!!",1
победа ниgниапds з еgопs blиzиlкиs ур ов трс объект омандира з о оо воб расст сражение произошло базе х бчо оч награда обнаружено снаряжение позлравляем снаряжение ты добыл ценное переместить сергей м еgопs blzиlк олк боевое преимушество бонус о восстанов рассказать,0
.судить страшным судом -нза эксперементы -над живыми людьми --твари ))(hu) (hu),1
"а детки-то,славные,здоровья им.",0
"долбоебы!!!я за последний год собрала столько справок,ебнуться можно,ноги до жопы стерла!!!",1
вот пидор комнатный!!!!!,1
это где саратов,0
"похеру! зато у нас есть триперзвуковое оружие, вацина, и по пять штук на ребёнка блядям одиночкам!!!",1
"сначала надо получить халявку чтоб гоплиты сильнее стали, а потом под нож их бросать.",0
закрой пасть мразота ты мизинца его не стоишь это тебе надо яйца оторвать и затолкать в твой вонючий рот,1
"прошу его , чтоб больше не писал , прощаюсь постоянно, и не могу слез сдержать",0
автор конченный,1
а если в начинку 50/ 50 сметану и творог,0
неплохо пристроился... 🤣,0
надо таких сволочей стрелять чтоб не повадно было,1
свою гнилую пизду пожалей ..полечись а то уже от сифилиса мозг начал атрофироваться,1
нет 100% не согласна! ребенку нужны оба родителя! а бабушка-это...баловство🙂,0
"достойна́я дочь своей матери , обе суки . торкнутее на всю голову .настопиздели !!!",1
москвичь 412,0
сейчас бы ей пострелять! в кремле столько гадья не мешало бы отстрелить!,1
"добрый день,можно приобрести рабочую программу для 2-3 лет",0
"да действительно было хорошо,нам ведь и денюшку довали. у нас было детство хорошее",0
стрелыть их тварей и вешать падаль,1
"пой, птичка, пой, где ты сядешь, в какую голошу вляпаешься. не думай, что ты самая умная",0
долбоёбы....там 10 миллионов населения и половина из них приезжие рабчие.,1
"качество не очень, естб затяжки! плюс размер не по сетке, М слишком большая оказалась! к телу не очень приятно! носить наверное не буду! большемерит",0
"скрепы, хуле....",1
"Девочки! Не покупайте этот костюм! Просто потраченные в пустую деньги. Тонкий, а штаны это вообще кошмар! ",0
"прекрасный портрет чистого или не чистого арийца. сука блядь! правда философы говорили, мир это промежуток между войнами. да хуй с ним, жыыды уже сука спланировали планы а мы как бараны идем на убой. а хууу им на встречу",1
а мне жалко свою страну которой управляют ублюдки западенские и восхваляют пидарасов.,1
"его на галстуке можно повесить, не нужно будет заморачиваться",1
"наказывать - должен народ!!!! этих ублюдков , нужно отстреливать!!",1
"уважаемый, ты бы , жало свое прикусил и дрочил в углу. всегда с несовершеннолетним ребенком кто то из родственников лежит в больнице",1
чмо бульдожье редкозубое! здохни!,1
скажите пожалуйста размер платья школьного,0
старый пидор👎👎👎,1
"гандон штопанный!!! порошенко такой же гандон, свою страну всю расхуярил!!! какая польза от этих чеченцев??? наркота, грабежи, насилуют девушек, драки, резня!!!!",1
есть хуило в любом возврасте,1
"красота! из лоскутков сотворить прекрасное, отражение вашей души. спасибо за ваш труд, очень приятно, смотреть, любоваться!",0
)))))) так это и есть опг росавтодор!!!))))))))),0
этот плешивый скоро сам здохнет.,1
"кашпировский, народный целитель, он правду сказал, все как есть, а ты кремлебот,вонючий, служижь путину, таких как уничтожать надо вместе с остальными чинушками воришками",1
"серега, ну ты и баран бля тупой. ржу с тебя придурок. обосрался там вот и скулишь... долбоеб",1
маразматик какойта пишет фейк еак вы надоели,1
"вот и дуди в свою дудку,чего лезешь комментировать!",0
а новых для нас нет?,0
витюха я бы в эту калифорнию даже без денег на попутке бы добрался,0
такие как ты конечно. мусор. но вас то долбоебов всего один два процента,1
ой уж ваш другг? скока шекелей вам отслюнявили соросята???,0
автору надо по ебалу чтоб ленту не засоряли,1
"дрочишь на путина?снально?клеишь его ебало на спину мк ужу,а он срет тебе на ебало",1
аскендеру в рот брала да😂,1
"😡 надо всех бездомных собак отстреливать а трупы сжигать, чтобы наши дети спокойно гуляли и не будет больше никакой заразы, всё будет 😊 хорошо.",1
чтобы ночью виднее комарам вас видно было.😂😂🤭,0
у нас в городе такой же если что.,0
"девушка, вы явно белорусам предпочитаете гастербайтеров с ишаками. или совсем в хололах запутались.",1
"ну хотя бы в том что овца пройдёт мимо новых ворот,а баран уставился на них😂😂😂😂",0
"ооой,прямо облако падает🥺",0
всё правительство скопом в отставку!,0
пора бы подарки с днем рождения обновить. как вы все думаете?,0
Очень маломерит.На ог 105 xl маленький. Качество хорошое .,0
пора вешать.,1
"ага, а потом 8 лет каторги... а так все норм)",0
кому писать я бы посмотрела это очень или зима,0
а разве брилиантовые фильтры бывают?и как через лёд фильтрация проходит?лёд это замороженая вода.она не отфильтрует водку а охладит.,0
"ужас, и за это 5500?",0
"я тоже хочу, чтобы красотка пососала мой член!",1
"к совести призывать таких-это ,,дохлый,, номер！такие пакости делают далеко не отморозки...людишки с милыми мордашками,на кого и не подумал бы никогда...один выход-вычислять и морду бить！в наше пакостное время,нужно везде видеонаблюдение вешать,иначе ну никак！человек самоуничтожается...на работе милашка,а дома какашка！🙊",1
и поэтому нужно бить детей по голове дубинкой.,1
новый или б у,0
укры ебут кацапов тупорылых !!! вас фашистов надо ебать и ебать.,1
"пидор! не кричи так громко о себе! весь мир, тебя, кацапа знает! поумерь свои визги!",1
"что ментов пидорасов жалко, ну и пусть ломают вас дальше, а менты пидорасы когда празднуют себя хорошо видут, суки они",1
"омон - ублюдки ! путинсколукашкино гестапо ! у кого знакомые работают в омон, запишите их имена , этих фашистов , судить за работу в фашистской организации ! омон - пидарасы !",1
"а ноги стали, как будто с лошади не слезала, хоть бы фотки похожие подбирали, лохотронщики.",1
это ростовская обл.,0
ты паря больной лучше за член свой держался так,1
серега сидит в своей укропии и гавкает те кто приехал на зароботки в германию пашут как папа карло то темна до темна как рабы на плантацияхи что удивительно забывают свою хохлятскую мову все говорят что они из россии их тут не жалуют,0
"передать на ставрополь, белый город",0
"читая комментарии понимаешь, что библию не изучают!не зная закон,как можно,что либо обсуждать?!",0
"мы обошлись без агентств.продавец взял справки везде в бти,в рсц- о задолженности,и прописке. нотариус проверил доки.и все.",0
бедный пёс... 😁лежит и терпит 👍,0
в сиську охуела эта поповская братия! барыги хреновы! барыги!,1
"жаль белорусов.бацка достойных претендентов посадил или выгнал,т.е. сами уехали чтоб не посадили. теперь еще 5 лет будет руководить. а там и никола подрастёт. из гомели конечно виднее что делается в рф, особенно что делалось в 90-е. лучше б смотрели что дома делается, а не у соседа!",0
позваните по этому номеру они вам всё обьяснят 89514042143 елена петровна,0
"храни тебя господь, за твою любовь.",0
ходят ивеко мерсы до курагино ирбинский каждый день,0
эта сука кидалась с коктели молотова и теперь плачит..!!! она симульянтка и пропогандистка.. кого слушайте эту суку..!! да ее надо сразу к стенке..!! пару человек к стенке и майдану конец..!! лучше сразу рубить на корню чем терять всю страну... пример украина фашистская терористическая коррумпированная воровитая и пидорастическая страна..!! белорусы вы хотите стать пидорастами..!! потеряете лукашенко бацька..!! вы автоматически становитесь пидорастами.. через неделю в белоруссии будут гей парады..!! 100%.. пример украина..!! с богом ребята на панель..!!! готовьте вазелин..!!,1
"нихуя ты, извращенец, вася!",1
тебе то какого -уя надо в белоруссии? сидишь в фрг - пиво пей и сосиски жри а беспорядки организовали такие дебилы как ты!,1
"Ну кофта на троечку, я бы в такой в люди не вышла, как-будто из одеяла сшита, для дома пойдет. На 88-70-96 и рост 173 взяла ХЛ, подошел размер, в меру свободно, рукава не короткие",0
западло пидара руками трогать ... - нода было ногами ху..рить !!!,1
людям есть чему поучиться у волков!!!,0
"этой мрази не место среди людей.правильно сделал, что расправился с ним. чтоб другим не повадно было. а суды наши они несправедливы. возьмите того же ефремова угробил парня и как с гуся вода.а вот еслиб на его месте был кто то из простолюдин забрилиб и шума не подымали а таким как ефремов все выходит можно. артист он и есть артист......",1
"ты умник , ты где выступаешь в ес или в нато. мне до твоего газа, нефти , кто сколько украл и обманул кого то. пошел в жопу урка , бандера не добитый. ты пьешь как свинья и пей дальше а то уши оторву . мы все знаем , что твориться у нас в экономике . нас все устраивает. и нехуй лезь ко мне в душу со своими амерекосами лживыми до костей . они твари , гадкий народ. им уже не верит свой народ. и скоро америке полный пиз ** ц будет. мы россия и мы живем сами по себе. и президент у нас самый лучший в мире . ты понял ублюдок обоссанный и вонючий. экономикой мы довольны . нас устраивают.",1
пиздец дебилы блядь(fr) (fr) (fr),1
"настя, ты что!!!! это такая достопримечательность, а вы тут свои замки непонятные понавешали. ни стыда ни совести!!!😂😂😂 (сорказм)",0
"хрен в жопу этому мудаку , а не респект",1
"президент тоже наемный товарищ он чем лучше других , все равны перед богом и страной . не нравится пусть отправляются где монархия и становятся царьками .",0
я думаю тема обсуждения стара.,0
а чем богата россия матушка для простого народа унас все сгнило и медицина и образование нас ни во что не ставят кто у руля страны мы не жируем как они и не надо судить хабаровчан не судимы будете я против произвола они требуют что им положенно,0
"Такой блять подставы я не ожидала чесслово( продавец долго мурыжил, неделю ждала только отправки!( но х.. с этой отправкой! Тот случай, когда ожидание и реальность, мягко говоря не совпадают!( куртка тонкая, а не плотный джинс как из Зары! Хотя модель один в один! Заклепки отлетели пока расстёгивала эту сраную куртку! Эти заклепки бренчат на тебе как бубен шамана! Карманы дырявые! Сука! За что 1600?! Длина куртки не 85 см а 75!!!! ",1
не обольщайтесь 😂 😂 😂,0
дура безмозглая,1
"кто бы сомневался...смотришь на эту мразь и блевать хочется...законы российские в действии...и не сядет тварина,и еще на сцену выходить будет с чувством собственного достоинства...ураа правосудию!!!",1
"все мы разные по природе своей и желания у всех разные. очень интересно рассказывает автор о каждом характере и приводит наглядный пример. я себя увидела и не только себя , а еще соседку, подругу, коллегу..",0
выкинуть.,0
ублюдок! либераст! поздравляю свою жопу европейским пидорам. умные люди сами разберутся.,1
"кто бы мог подумать, болгария пыталась нос свой сунуть!!!! торпедировать нужно было сразу,нехер писюнами с нами мерятся. моська.",1
"Платье оказалось маломеркой. На 42-44 в S нельзя даже пошевелить руками, резинка проходит прям после груди, из-за чего сразу создается эффект отсутствия талии и фигура бочонок. Разочарована....",0
сволочи бог их накажет как можно так поступать,1
"с тупорылыми ублюдками спорить бесполезно, поэтому досвидос",1
вердикт- расстрелять!!!! чтоб другим не повадно было!:-),1
когда чудо лекари закончат этот бред нести. уже и чеснок и уксус. ведёмся. лечится дорого да и ничему это лечение не приводит.,0
"уродина, без царя голове",1
"без комментариев , этого урода просто казнить . на глазах у всех . тварь .",1
белорусы молодцы бей фашистов и голубей нахнен кормит просто красавцы👍 👍 👍,1
"эй хуесос тебя выебут макака ебливая,я те адрес кинул, приезжай бля,я тебе ебало набью😎😎😎",1
это деньги,0
этих фашистов только убирать физически... иначе никак...,1
готовая пища,0
малыш света здоровья блага.,0
я этого пидора в химках видал членами деревянными торгует,1
"как были они проститутками так и остались,это у них в крови двуличие, нация такая поганая",1
если найдут надо привязать ноги клошадям и проскокать между столбом !,1
"эту не только чмарить , ее закопать в навозной куче надо",1
соловьев сам погань ебаная!,1
уверуют... хуерут..... такое ощущение что от безделья...... нгрмальным людям даже в голову не приходит думать о всякой хуете..... а енти не то шо думают уверуют они.... тфу долбаебы(md) (md) :d,1
"пошёл в жопу ,дебил!дрочи свой член и не лезь к людям,урод моральный и физический!",1
о фото шалуны алис красивые шалуньи в класс б авг ответить хххх хххх ну отличии тебя в от путаю пассажира берега не уважай женщину не пиши и лишнего б авг ответить класс дим димыч мадам прекрасны вы класс з авг ответить алексей луговой слабо да ты лизнул не так ей пизду з ответить класс комментарий,1
нет никакой короны . отмыв денег :-) :-) :-) . вот и все,0
хочю ей лизать,1
эти рабочие работают ещё и в другом городе. технику возят туда сюда. как и тратуар на октябрьской делают. не доделали в одном месте ушли на другое. набрали себе объектов по краю и работают тяп ляп. асфальт на перекрёстке у магазина малышок положили отпад.,0
"а внизу была лодочная станция, где стояла наша казанка. в 80е все выходные мы выезжали на ней на волгу, усу . отдыхали, собирали грибы, ягоды...здорово было!!! 👍😊",0
расстрел нахуй,1
это сказка !!!.....🙏 🙏,0
"достойная куртка,качество отменное,теплая,лёгкая,доставка быстрая! спасибо! немного великовата!",0
думал отделается. но свою 5+ лет получит,0
"расстреливать надо тех кто поджигает. одного -двух приговорили к растрелу и все перестанут поджигать - ведь поджигают трусы, а другие глядишь и задумаются.",1
животные ебаные они,1
"мразота, и рожа мразоная",1
надо было ещё где грудь дырки заделать и была бы чебурашка а мохнатку могла и побрить,0
"ну не все обладают такими талантами как эта проблядь бузова, а вот она может, передовик производства, работает не щадя своих дырок, может обслуживать стразу бригаду, а вот остальные не могут, потому то и лентяи ,",1
"на 35котельной много кошек ищите там, хочется чтобы вы его нашли.",0
криятной вечерах сихиz,0
молодец. так держать!!! удачи тебе во всём.,0
туда ей и дорога сука,1
полный ассортимент в каталоге !!!!!,0
маленькая бережет пенсия вас от наркотиков игры в казино соблазнов прочих даже от поездок и китай и италию в не благодарите пенсийний фонд украини,0
"да пошла ты на калоша старя я что ли людям пенсионный потолок поднял или лишил людей индексации ежегодной к пенсии по одной причине .за то что они работают есть еще здоровья и вообще за путину рвут жопу одна категории людей, которые проскочили успешно пенсионную реформу ,трудится уже слабо или просто ленятся вот ждут каждый новый год прибавки к пенсии (хорошую ) так не ****888 на ночь поцеловать ему жопу ,чтоб хорошо спалось.повторяю народ у нас хороший и страна хорошая",1
"позорники, алкаши, не хуя бухать, если жена пилит.",1
а как его теперь разбирать то?,0
"жопная,она все выдерживает!",1
оим фрузъям фобрый вечер и лрекрасного настроения,0
"на месте оператора, я б не снимала, а вышла и как напиздошила эту жирную паскуду, и папаше досталось!!!! уроды!!!! твари!!!! конченые люди!!!!!",1
"ух ты мой золотой, лапочка здоровья, счастья тебе.",0
где наша долбанная власть???,1
"история этой фотографии в реальности такова, что человек прошел мимо.",0
какая собака такой и хозяин,0
"бляди, сидят и млеют, бараны",1
главное что бы детям по цене доступно было ))) поздравляю !!!! очень хороший подарок !!!!,0
перенисти больницу на дачу )),0
здравствуйте!)можно прайс-лист пожалуйста?,0
пристрелите его чтоб не мучился бедолага.,1
превосходно ! красиво ! душевно !,0
новая полянка осень;-)уже пора,0
"эксклюзив, умничка......браво...",0
"дармоедов кормить,только расстрел.",1
ищу перец чили запрос активен,0
"Товар не пришел, продавец обманул. Возвращать деньги и высылать новый отказался.
Не советую.",0
"продаю, 220 000. обращаться по тел.89091741100",0
"девочки, кто то подобное видел или слышал? :$ :$",0
"а штрафы тебе неналожиле, а то в красноярске за ведро 13800рублей выписали!",0
зенит - это сборище пидорасов !,1
овца безмозглая...,1
"америкосы умеют зомбировать,вот и лукашенко попал на их крючок.....",0
"как,новенькая👍",0
это ты сука то,1
"не государство, а власть! они пошли путями разными, на месте осталась только страна.",0
бей её😂,1
какой молодец! умничка!,0
можно мне 3 шт. и телефон,0
"там в приёмной комиссии присутсвовал палач, он получал не оклад а сдельщину",0
за трёх сестрами магазином,0
очередной ублюдок.,1
"зачем в попу ,лучше отрубить по самое плечо",1
с праздником вас всех десантников ?здоровье и благополучия!молодец рома спасибо тебе !,0
"совсем уж ебаквакнулись, выставляют людей с тяжёлой патологией болезни и потешаются над ними, дебилы",1
"пиздец тебе санек........ в сочи на свою дачу тебе дорога заказана, а ростов уже занят....",1
9е цвет хаки есть 50 р.р?,0
"позвоните 8-999-740-01-40 или подойдите в пекарню в центре,сделают любой",0
очень сильно желаю вам держаться и не сдаваться!!!!!!!!!!!,0
это не тупость а пиздёшь либерастутки или хомячка анального.,1
а может сразу таких депутатов и думу расстреливать....,1
"а вот был бы на ключах брелок размером с теннисный мяч....в сил бы не прошёл....)))))).....а ваще ключи от машины на связке с остальными ключами носить плохая идея....замок зажигания расшатывается и если прлебешь то все вразу....а это очень не приятно, я знаю)))))))",0
чтоб вы были здоровы и мама а на папу положите,0
яб тебя трахнул вкусна 🔥 агонь,1
как сказал лавров дебилы ......,1
"должен получить срок 12 лет, он убил человека. пьянь, моральный урод!!!",1
посейдон 👍,0
хозяина повесить за яица. тварь конченная. тебе вернётся.,1
твари скоро будут вас истреблять бешеные псы,1
а как-же короновирус😜,0
сто хуёв тебе в панамку !!!,1
а этому гражданину все по хуй клал он на всех нас,1
хуйло - бедоносец !!!!!!!!!!!!!!!!!!!,1
очень жаль молодой талантливый царство ему небесное,0
"садовую сажают, а дикая сама растёт",0
просто решил бороться за себя до конца.,0
"а ябы таким кидалам,пидорасам руки отрубовал",1
пиздишь!,1
"не уважаю мужиков , которые обещают и не выполняют, одним словом пиздабол",1
его бы самого об забор припечатать!,1
"совсем крыша сьехала у этой сучки. выслать ее на зер в ливан, пусть там лезет им без мыла в жопу.",1
доброе утро.......валя покинула форум и многие другие сделали тоже.....что пожалуй и сделаю я....хотя здес всего лищ неделю в отличие тех кто висит здес не один год......но..т к я не любитель лазить по подобнвм притонам как этот то дико удивлена происходящему....вот только главное чтоб молодежь сюда не хаходила и не увидела взрослых долбоебов которые пытаются учить их жизни....мы им ничета ...дети до такого бы не додумались......стыд и позор и не иначе........особенно то что вы творитг с чужими фото..тому кто незнает напоминаю...это серьезное нарущение правил и если не прекратите всю эту поэ.......нь улетите вместе с ващими страницами......здес не только участники ващего щоу.......ест люди которым выгоден ващ хлам.......думаю поняли,1
корневая или при корневая гниль,0
это не 70е точно.,0
"счастья тебе огромного, маргарита, ты достойна его!",0
а мордочка прям как человеческое лицо красавиц😍,0
уебище згинь. г,1
вот омские путевые рабочие как раз и загонят костыль одним ударом свинопидорасам в очко по самые гланды✌✌✌✌✌,1
шо - це буде у северодонецку . не брешите мени . не киевом северодонецк создавался . интеллектуальный северодонецк - николи деградировать не будет . сравнивать феодально - колониальный омск с прогрессивным северодонецком даже сраванивать не стоит . не порочте мне - советскую украины не порочьте мой родной город северодонецк . то о чем написано в статье может быть действительно если уничтожить украинцев с высшим образованием с 1961 года рождения по 1980 год рождения . только после уничтожения советских образованных украинцев - щось у получиться . а так це брехня,0
ну просто очумелые ручки,0
"ах, люблю я поэтов! забавный народ! в них всегда нахожу я историю, сердцу знакомую, как прыщавой курсистке длинноволосый урод говорит о мирах, половой истекая истомою.(с. есенин чёрный человек. поэма)",0
группа 38 .всех с праздником ♥♥♥♥🌹🌹🌹,0
"урод не то слово,явно хочет прозвездится ,не могу понять этих уродов",1
"но батька не янукович, из страны не сбежит, если бы янык также в конце 2013 - начале 2014 гг. приказал вязать всю эту майданную мразь и стрелять особо буйных, то не было бы всего этого ужаса.",1
"нечего защищать мишутку, который зажрался. и нехрен из себя вангу строить. я сказал как считаю нужным.",0
"сова просто замечательная, один в один!!! 👍 👍 👍 какое несправедливое оценивание работы((( заслуживает высокой оценки и первого места, не иначе!!!",0
фото исилькульские мамочки тамара кле о стерова доска об исилькуль временное расписание движения маршрутного такси омск исилькуль озо оо оо з зо зоо б зо боо оо оо воо комментарий на я в,0
её 👄 приспособлен только сосать а не петь !,1
это че тебя долбоеба где этому научили.???? 🤣🤣🤣🤣🤣,1
офигенно пиши познакомимся сучка,1
бывших гандонов-ментов не бывает. чуствуют пидоры конец. перекрашиваются.,1
"ой,я бы и пешком там не пошла",0
есть ещё и бляди,1
комбат маманя - маманя комбат . ты жопу не прятал от членов ребят . .......,1
может просто отрубить ?,1
откуда вы бляди б еретесь,1
"да, вас➡ 🔰 бандеро - фашистов🔰 , по всей россии, как собак бездомных !) это огромная ошибка ссср, что после вов вас не уничтожили !) вас надо искоренять, вы несёте, только ! ! ! , зло и разруху !))))))",1
"а что дальше. отварили овощи, размельчили и добавляйте все остольное.",0
мошенник православный...и то не факт. сомневаюсь что в семинарии учат брать бабло за богослужение...пидар бородатый.,1
"с 1 августа! август — астры, август — звезды, август — грозди винограда и рябины ржавой — август!полновесным, благосклонным яблоком своим имперским, как дитя, играешь, август. как ладонью, гладишь сердце именем своим имперским: август! — сердце!месяц поздних поцелуев, поздних роз и молний поздних! ливней звёздных — август! — месяц ливней звёздных!",0
",просто взять и расстрелять.....",1
уроды больше слов нет,1
козел .подвесить его за яйца на дерево,1
оплатила с карты*** 7189 910руб,0
он не давал пенсионного возраста. и пенсию он не давал. а повысил шакал позорный. сволочь. гореть в аду иуде.,1
ево не только уволить ево надо смертни казнь дать как сказал и в сталин застрельять нахуи без суда и припяствии я бы судавольствием застрелил бы ево как бешеново пса,1
"язык-то без костей, пусть молотит! и не забывайте, что пока про нас говорят, значит мы живы! (и будем жить, назло всем врагам!)",0
а не пошел бы он на 3 буквы,0
россия есть пока есть русские.,0
на первом фото.,0
"это стыдно тем ,кто набирает классы на такой больной для каждой семьи теме .пусть погано будет, фашистам всех мастей ,которые видят памятник победителю.",0
убить жида надо хватит терпеть эту мерзость,1
на кол ее надо посадить,1
я тоже хочу убивать путинизм.!!!!!!,1
чем им сетка помешала с трубами.... пидорги,1
"сколько ты козёл классов закончил,что так в грамматике хромаешь.",1
"Товар соответствует описанию,размер подошел.",0
зачем? подсолил воду и вперёд!👍,0
блять пустите меня туда я ч большим удовольствием их всех переколю.,1
какие 92 ? у нее нет ни одной морщинки.;),0
"спасибо, ищем здесь",0
блять упыри ебаные че вы делаете? это все вова путин вам принес дурни ( жрать нехуй будет скоро запаете по другому война у вас дураков будет,1
"здравствуйте. скажите, покорительница песков не всегда заявку на ламу выдаёт?",0
люба братцы люба люба братцы жить нашему отаману язык отрезать и пальцы отрубить...,1
"сидит сука,в телефончик поигрывает! ему до лампады! пусть адвокатишка кипятком ссыт.",1
https://web.facebook.com/managementreality/videos/824080891457535 незаменимый. ..............володя высоцкий-такой один.......,0
"да, очень подходящее место для детей! 🤣",0
"и чаек давайте перестреляем, а то жители набережной сутками их крики терпят😂, пипец у курей оргии😂😂😂",1
я врот ебал вашего заместителя) пока удачи на дорогах(h) ✌,1
я жду когда ты ответитшь. .если нет значит ты блядь подзоборная,1
член соси ты видать жизнью обижен,1
что за бред вы несёте,0
"рабы евреи уже показали. даже землю себе отжали! херовая практика, а работаети",1
"так это было в 90 -х , милая :-d там все подходило :-d :-d :-d",0
ну и славненько🙏🤘,0
пиздобол по жизни оукб,1
надеюсь мои у тебя до суботы стоять будут хай приходят,0
Красивый кардиган! ,0
"гнать эту позорную собчак, сраной метлой, тварь вонючая, мурло чмошное !",1
мне тоже хотелось бы знать номер отправления?,0
"вот во истину , чтоине сделай , всё некоторым не так.",0
"я в ваших советах нуждаюсь , 20 лет непрерывного стажа",0
такое уебище слепили ну просто пиздец.не умели делать и до сих пор не научились.блять эту кабину не знают уже куда прилепить.,1
"заказ не пришёл. ждала с мая. спор открывать не буду, считаю это ниже моего достоинства. Пусть будет на совести продавца. магазин заигнорю",0
пиздец безмозглые твари,1
скорее самый ядовитый в приморье,0
конченый пидораст,1
ты классный мужик,0
"Футболка огромного размера ,качество не то,что указанно на картинке.не соответствует.",0
с 6 августа будет работать!,0
"я бы его прибила на месте ,у него на лице написано дебил.",1
ы в с в,0
задаётся вопрос?где вы сука все раньше были???!!!!,1
мама спасибо что ты есть у нас 😘,0
лучше подрочи..))) а я думаю ты так и делаешь.. :d,1
какая тварь. даже слов нет чтобы выразить отношение к этой мрази.,1
дрочилы у вас что ума нет это фейк какая баба будет искать себе мужика таким способом и вы видели здесь хоть одну не привлекательеую полный пизд.ц ржу над вами,1
"джафар, пусть исполнится задуманное. желаю удачи.бог в помощь.",0
а где знаменитое (щерт побери),0
"огромное всем спасибо!!! чародеям за игру, а соседям за понимание и поддержку! с днюхой!",0
только ссученная паскуда могла выложить этот пост.,1
"он не то что как тренер не подходит , его вид не подходит под барсу. бармалей я твой рот ебал где ты его нашол .",1
откуда этот пидор взялся,1
только наши мудаки упорно не замечают протестов и упрямо продолжают грабить и гробить матушку россию!!!,1
"запретить, такие зоопарки, там работают нелюди, человек сумеет дать сдачи, вот эти нелюди и отыгрываются на привязанных животных",0
такой покупали в 1984 году. он стоит уже 6 лет на веранде и ему ничего не делается. это я про качество.,0
продаю рога 2:1 за тв.основу в торге. также тесто в торге,0
я так поняла щеночка уже забрали ?,0
"Платье очень красивое, на ОГ 104 и ОБ 102 заказала XXL, можно было и XL, но ничего ушью немного. По груди спокойно влезет и 108. Доставка 30 дней, продавец сначала дал чужой трек, а потом товар завис у нас, качество отличное, нитки не торчат, вышивка богатая, смотрится шикарно, можно и на праздник и хоть куда. Рекомендую.",0
"очень даже обязан,п.8.3. но мало кто это делает по доброй воле.",0
"грузин делает смеётся,русский ездить ебеться)))",1
его самого пидора расстрелять нужно,1
"краска типография вредная, заворачивай в пакет .",0
"главное чтобы иванов и ошибки свои видел, внутрипартийные. и не повторял их следом за едром",0
:d ромшад с джумшутом рулькой (рулеткой) .:d 👍,0
этих педофилов не сажать а стрелять надо,1
"вася , ты похоже уже окончательно ёбнутым стал..............тапки поменяй на белые на всякий случай",1
лишение прав. оно не освобождает от алиментов,0
"удавить мало,гада",1
пидрила путинский .,1
"наталья!ты ебанулась, ты кого тварями называешь?люди и человеки!!!!!",1
"бабушка мне рассказывала,что такие уроды в годы войны сжигали своих односельчан в деревнях заживо. немцы этого не делали... сейчас им дали команду бить и задерживать, скоро начнут убивать. страшно,что у этих уродов есть мамы,жены,дети.до седьмого колена будут страдать за их грехи близкие...",1
"нахуй проследуй, идиотка.",1
самое главное штраф. вводите чс и все а так выдумали статьи чтоб деньги с людей сшибать. твари позорные,1
китаец сука пиздец ты бесишь,1
"а кто вам сказал, что полиция бездействует.... бл..ть, такие, как вы....только и могут народ баломутить.... балаболы диванные... не знаешь, не надо языком трепать....тем более, хрен знает от куда.",1
может в л/с чиркнешь?(ch)﻿,0
"только не фунтов, а футов....",0
никто мне ничего не дал. ездила в платные,0
красава так оно должно быть всегда .кто к нам с мечом придет тот от меча и погибнет .яэсно вам амерекосы ебаные,1
"а в лодке всегда два существа, гребибль и гребубль........",0
в сквере у оперного театра,0
первым делом его повесить ну а потом и тех кто следующая мразь,1
ебальниу раскалаиить этим депутатом кто всякую хуйню несёт черти пидоросовские,1
"если эту чупиздру били десять омоновцев - либо омоновцы - пидарасы , и били ладошками по попке ,приговаривая противная! либо эта пизда в пудру пёрнула!!",1
он уже заебал куда не зайду везде вижу этого попрашайку,1
"грабить,бомбить пора живодерку.",1
у этого подонка прав не было,1
кто знает когда пустят автобусы на санкт - петербург.,0
гнида за него не проголосовали значить надо бить морду.,1
люди кому мне обратится написать сайте чтоб сделали подарок по именем линара ну почти много имена есть а по имени линара подарки нет.... как и кому написать ? или если кто может попросите за меня чтоб сделали подарок и может открытку тоже,0
цена мужской р-р 56?,0
таким бы руки ноги оторвать и зашить наоборот😡,1
"клубника, коржик, картофель, киви, колбаса",0
"теперь вопрос к автору, где это. италия большая.",0
"привет!я, василий,одинокий,звони,89053204179",0
вот тут я не согласна,0
"с какого хуя этот пидарок, палковника погоны напялил",1
в ближайшем будущем вы отхватите пиздулей,1
это обо мне. спасибо! красивые слова!,0
не всегда это так. 😕,0
"здравствуйте коллеги. я только в июне создала свою группу беленская поселенческая библиотека. я тоже с алтайского края. я только учусь работе через интернет. много не знаю. но хочу научиться. может поможете советами. зайдите в мою группу посмотрите, посоветуйте,https://ok.ru/group/57558586359877 присоединяйтесь.",0
"ты, что тупоголовая надпись поздравила , безмозглое существо?",1
где это село,0
кремлеботы ебаные,1
когда их начнут стрелять как врагов госудастваъ,1
"точно, не доглядел!!!)))",0
здравствуйте! в тюмени мериют при входе в аэропорт. в витязево при выходе видимо где-то сверху бесконтактный стоит.,0
"какой сажать, стрелять сук поганых!!!!!!!",1
гады чтоб вы сдохли садисты,1
лови девятый и восьмой .... как же вы мне надоели . бляди,1
это точно 😀!!!,0
в этом месяце за август и сентябрь пособие придут ?,0
пизда и города строит,1
люблю эти места.,0
послушай меня распиздастая ты наша... ты а москве живёшь? ты проедь в провинцию и посмотри как живут там простые рабочие люди...чтобы более менее норм. жить они вкалывают по 12часов и без выходных - и ты ещё будешь мне говорить за эту путинскую власть? я живу во владимирской обл. я вижу что творится у нас в больницах и на заводах...ты не жила этой жизнью и поэтому ты рвешь свою задницу за власть воров и предателей...твой путин публично клялся что не поднимет пенсионный возраст и что? он не держит слова президента и слово офицера!!! кто он после этого? предатель в моих глазах и простых людях!!!,1
в июле 8 пришли в августе еще не было,0
и это счастье !?,0
долбоебы все ваши шприцы из подьездов просто рано утром убирают таджики а половино шприцов и нарко бутылочек с дырочками закапывается на стройках по всей вашей москве заливают в бетон и т д просто вы этого и много другого не знаете и знать не хотите главное ваш подьезд чист а росия нос из говна никак не высунет с вашим путиным вам это до жопы,1
"не люблю я и улиток, и змей, и насекомых, пауков, слизней. мне они гадки, я не понимаю, зачем эту гадость выставлять, если только рассказывать о мерах безопасности с ними. гадость.",0
"здравствуйте, красавицы, наверное многие знают что такое выпирающие шишки на стопах... если вы ищите способ по которому их можно убрать абсолютно без хирургии, то максимально подробно я рассказала на своей стене об уникальном методе, все желающие могут сохранять и делиться со всеми❤",0
выдрать этих уродов и выгнать из учебных заведений! пусть их папы с мамами воспитывают!,1
пустое хохлобыдло и тварь конченная...,1
а сколько стоит такой букетик,0
при чем безмозглых мужчин,1
администрация городского округа чехов ответ аgоснги всеравно намнево,0
"срать на тебя все хотели, дебил ты и есть дебил",1
как оценить тваю жены сперва надо трахат потом оцените.;) ;) ;),1
продолговатая. про пар,0
"до сих пор в тумбочке барвинок, веселые картинки, пионерия, наука и жизнь,.юность, моделист-конструктор и другие. и как только внучка приезжает (а ей 17) ,сразу набирает хорошую стопку на стол и целыми днямт читает, удивляется, почему сейчас таких нет?",0
"чмошник, нечего в рот сувать всё подряд",1
дура ебаная где твои глаза,1
попка охуеная,1
наташа это тебе!!!,0
ебать это что ещё за уебище не земное,1
"суки !!! вот твари ! тут не дали дослужить до предельного возраста , и получить полную северную пенсию , подвели должность под сокращение , и уволили в запас !!!!",1
"а лучше пиво какое нибудь оригинальное подогреть, на утро никакого кашля не будет! правда пить очень противно!!!",0
вот это дура! что тут спрашивать.,1
попка хорошо секси,1
ни один мудак не скажет по другому,1
в очко ему дуло вставить и пощелкать!!!!,1
"правильно казахи говорят, они вас мамбетов лучше знают. вы - позорная, ссыкливая нация, ни родины, ни флага. на странице поставил москва, своей нацией назывешь других, типа оскорбление, типа сам не при чём, фотки кидаешь, то с хоямом, то кавквзцами, хвостопады ебаные, нло",1
"хуйня какая то, картинка с дебилами одна и та же, по 10 раз.",1
расстрелять два раза и сжечь тосоа акао,1
"говно, где моя питса?",1
"хохлоебы ибучие понабежали, идите на хуй в свою укорохуесосию.",1
вот урод как таких земля носит и кто его рожал,1
тебе в дурдом.раз такие мысли в твоей голове.,0
о чз в в хиоги вы sаbг sпигdа bагтgа vетиsн фото видео участники информация недоступна этот пользователь добавил вас черный в список,0
надо прибавлять нужен дачу копать.,0
там в деревни мужиков норм что нет натыкать бы этого мразоту финкали чтоб он сдох,1
"что они обсирались при каждом вздохе и выдохе, а ночью пусть их черти дрючат и в рот и в жопу",1
"у меня им с моим так 10тлет было,в силу обстоятельств сейчас живём уже два года вместе,но ни хуя не поменялось. только что готовлю документы а двух мужиков.мвот честно",0
"надо переигрывать, или отдать победу спартаку, а этих пидорасах в мешек и в речку.",1
забрать где?,0
"а я давно такие делаю,вычитала лет 15 назад в крестьянке. получаются как бочковые,правда.",0
да такого не может быть. это целую жизнь надопрожить и то не сделаешь так. супер.👍,0
стрелять в такое величие??!! в человеке ничего святого не осталось.,1
"либеральная нечистота это как раз ты лизоблюд опоголовый со своим со своим хозяином, он сам признался что придерживается либеральных взглядов! так что пошевели единственную извилину, где ты видишь здесь ,,78% путинские сми сказали! пока что один здесь тявкаешь!",1
"всё тупеешь, сельпо?#u9b079a3836s#",1
больше похожа на папу,0
"чем стерильней мир вокруг, тем чаще мы болеем!",0
сами хоть верите в то что написали☝️,0
а почему 40.000?а не 20.000,0
"кто пишет-то? если сейчас геноцид, то при ельцине, по-вашему, был рай? а сталин тут вообще пр чём?",0
ничтожество.твари. наркоман поганыи,1
путину с мишустиным смотреть надо.я бы малышеву торговать семечками поставила и пирожками у дороги тоже!,0
"да не, вдв это хуита какая то гнилая, позорная, а dvd это сила",1
"безумно жаль,что такие девочки покинули этот мир....",0
"Трек не отслеживался, а вот рубашка отличная! Смотрится дороже чем стоит и килек приятная",0
я аж😄,0
йебалу по голове нах,1
растреливать таких б .....й без суда и следствия.,1
мала сказала шо валера пидр ваперд согласился bоvасн и,1
у меня есть такое. мамочка сохранила✌✌✌✌✌,0
хорошо живёт кошка 😂😂😂,0
ребят.добрый день) напишите примеры великана...что-то вроде все правильно...а у меня не получается...,0
шавка ты тут обиженная.в реале все плохо вот и бесишься.,1
"они их не зажигали! а наоборот поняли, что спички интересны не только когда горят! так же повторили правила пожарной безопасности для детей!",0
дибилка недоебаная.,1
вот такой маленький у тя малышок ну давай иди в дудку сплюнь и писюнчиком протери мож чо палучица у тя))),1
"понравился пирог с корицей, очень оригинально",0
никто кромивас вдв хуй не сасёт,1
"где то, я уже видел этого еблана таджика. даже по фото видно, редкий чмырина😎⚾️👎",1
иди нах свинья русская,1
и не только кофейку...,0
у нас в туркменистане точно такой же отпуск (,0
"о,ум! ты-всё! о,глупость-ты ничто! уму хвалу пою! дураков...не люблю! ))",1
учи языки,0
после крайней обрезаеных удаления плоти раввины отсасывают окровь младенцев из раны веков ртом этот ритуал уже на прот втяжении многих используется ортодоксальными евреями член пидорас не сосать жиды это пасивные и активные гомосеки,1
в западный требуется помощник повара в воинскую часть,0
"что родственничка ебанутого выгораживаешь, так знай , что тебе это когда-то аукнется и в вензили тебя надо поместить к самым буйным, чтобы овощем ходила и дэбмльных мыслей больше не возникало!",1
а домой-это куда? в сьемушку или на поляну?других домов у пидоросянов не имеется и вряд ли будет иметься..😂😂😂,1
какой же он урод,1
жиди йибаный убевайте на хуй,1
"хохлы на сантехнику и канализацию, а родители хохлушек будут хвастаться, что у них дочь проститутка. ну и родителям пидорасов тоже повезет.",1
а что ты кидаешь как твою мамку весь мир ёб?,1
помоги пожалуйста моей и семье дочери. 🙂🍒🍊,0
"моторы разные,она впринципе не должна подойти",0
"у меня подруга отработала 40 лет, получает 7 тысяч , где у вас там высокая пенсия? назовите город",0
эти твари за бабло через свою жопу вывернутся. миша тварь конченная. ответ держать очко заиграло.,1
"тебе хуй оторвут и собакам выкинут, долбоеб",1
"не удивительно, сколько он сам в европе прожил, и старшая дочь там живёт, замуж вышла...",0
мы продаем,0
куклёнок!!!,0
к хуесос,1
хочешь скидку на топ продукты?! пиши в лс расскажу как приобрести! 😉,0
по стрелять бы их,1
"всегда я встречи с тобой рада, ведь мы не виделись сто лет. часто сердце вспоминало! воспоминаньем сам наверное болел? у нас с тобою одна мама, пусть и разные отцы. всё равно считался братом, ведь в месте мы с тобой росли. за меня ты в детстве заступался, когда я плакала ласкал. всегда гордилась своим братом, мне душу с сердцем отдавал. не забывай прошу сестрёнку, ведь уже мы подросли. заменить тебя не смогут, мы с тобою так близки.",0
тоня чё молчала долга?клиентов ублажала! !🤔😆,0
"все больше старый напоминает,прям ностальгия😥и тут же возникает вопрос к администрации,как можно было за такие миллионы построить такое г...????",0
какая же это девочка? это же кукла,0
пипец. и тут путина затащили. вы или дебил. или больны на голову.,1
в натуральный!,0
"когда жители возьмут тилешки и носилкт,и перенесут весь этот сусор к главе поселка,на утро сразу приедут машины и вывезут весь мусор.",0
очень серьёзный.!!!,0
"и ,не сажать надо ,а расстреливать со всей домовой книжкой,чтобы боялись.",1
"я спокойна,меня всё устраивает.а жопу рвёшь как раз ты.а про нары ,глядя на твою морду,других ассоциаций не возникает.а старая сука -- твоя мать.а ты-- ошибка пьяных родителей и жертва аборта в одном флаконе.и мне нравится твоя истерика.значит,скоро тебе вызовут дурку.",1
300 куб и где,0
придурошные хозы!!! к своим яйцам по раку!,1
отсосали бы ещё до полного спасибо))))),1
"мразота и предатели у власти,,, пострелять сволочей,,,",1
"сволочь,мерзкий предатель---пакичь!?....",1
"он нигде не виновен, он всё слышит и видит впервые, одно слово непричемыш и некчемыш, еще и обнуленыш за каким х*ем он нам нужен!?",1
вероятно потому что это белорусия)))),0
зачем посты с этим пустозвоном он своих даже партийцев ссыт защитить,1
хорошо бы его повесить !!!,1
гандон соси хуй у путина и у всей его единопидороссии черт ебаный. молишся на этих пидоров. т как ты сам пидр.,1
когда на на митингах ваших избили сотрудники полиции.. тогда они были пидорасы. теперь чурок вам покажется так? чурки которые ты унижаеш вот и они уберает у вас в городе это они строит ваш город.ты нацистская сушество. кто у вас будет мусор убрать без чурок? кто у вас строит без чурок. ваше люди что-ли. да ваши молодежи они умеет только прическу поставить и тусоваться .,1
Отличный тёплый костюм. Идёт размер в размер,0
да как носит таких козлов на земле.,1
а когда примерно,0
какое болото то в чате писец,0
"бабуля в своем амплуа,и не иссякает ее фантазия, кащенко по ней скучает,пора.",0
Сильно электризуется,0
"рост 160, вес 45 кг и я заказала М, пришел и оказался слишком мал, 1 зиму поношу и то не удобно. куртка далеко не зимняя, в ней будет холодно, в ней ходить только осенью или холодной весной",0
"ну круто че, в агинск ом районе незнаем куда от змей деваться, а у нас гадюки, вакцины нет, но в сми ничего страшного",0
"спасибо,прикольно",0
"чудо,а не лилии!а хозяюшка,не только любительница этой красоты,но и большая умница!такие чудесные цветы вырастила!удачи,тебе моя дорогая хранительница этой красоты... у меня есть немного лилий,но таких нет-не поделитесь ли луковичками?я буду вам весьма благодарна!с увадением👍👍👍",0
а я отпускные получила десять тысяч!!класс!!,0
есть лампа если не подарили,0
есть мелкая груша сладкая много звоните 89832856971,0
нужно растрелять охотника.трус.медведь плавает в воде.трехклятый охотник это не охотник,1
а вы не сдаёте в 6.8 квартиру,0
пидорги они заполонили всю планету!!! 😂 😂 😂,1
я не верю газете 🧐 и телик не смотрю! политики все пиздабо.....,1
"из всей толпы только два настоящих мужика а остальные в памперсах хоть и в тельняшках, надеюсь пиндосу по настоящему вломили.",1
привет хуя наверное хочется.,1
твари ненасытные,1
а что хотели?вы думаете что лицензия спасает от дурака за рулём? или лицензия изменит жадного до денег водителя или хозяина машины ?вы что совсем дураки? порядок нужен во всём и не должно быть ни каких частников в пассажироперевозках это должна быть госмонополия и точка .,0
"молодец автор. все расписал навалятам и прочим ублюдкам,что их ждет. готовьте чумадана,господа.",1
первая моя учительница в первом классе татьяна ивановна гуторова школа номер 19 г коркино п роза,0
Спасибо супер платье,0
да ну? откуда вы сей бред откопали?,0
да там классно ещё хочу!!!,0
"классная,качественная,плотная и эластичная юбка. доставка быстрая,советую продавца. на 50-52 размер подошла 4xl.спасибо за подарочек!!!",0
это все для лохав... и делается бвбки с людей поболее собрать... нас зашугали по полной скоро. еще шо придумают....,1
этих подруг обоих трахнул,1
"долбоёбом надо быть,чтобы поверить. самим то не смешно такую херню выкладывать.",1
-да сам ты раб !смешно как узбеки судят туркмен!..ещё свою гнидную историю навязывают...мы да мы..головка от хуя походу..бачи бази)),1
тебя так хочу начать трахать,1
стол отдельно 3 т.р.,0
"я знаю, но на игрушке вверху написано + бонус и как понимать",0
будет путин по телику уже заявил смотреть надо.,0
а вы не продаёте?,0
если есть примите заказ.,0
"какое четкое качественное фото....в отличии от взрыва в бейруте ,видимо совр. технологии не способны качественно снимать.",0
а жизнь прекрасна и удивительна всегда и везде! из инета:,0
"горбачева повесить.., лукашенко медаль ..с изображением -лисы..!",1
теперь начинайте целовать неграм ноги и отсасывать,1
"у обнулёного научились? умнее придумать узколобость ума не позволяет? придурки, вы такой антиреакции добивались?",1
а как же эйяфьядлайёкюдль?😊,0
подходит по стельке 44р?,0
"тебе, идиоту - не понять, что ты, и этот идиот (из видео-сюжета, вы одного поля ягоды. быстрее б вас, в варенье",1
"ну ,вчерашний день это и показал)) тихо было))) в день вдв все пидарасы по домам)))#u9b079a3836s# #u9b079a3836s# #u9b079a3836s#",1
эти твари нам пенсионерам только повышают цену на коммунальные услуги .охуели совсем клопы когда нажрутся,1
уроды а не родители. этого пидора надо с талстухой отпиздить и что бы они так орали от боли,1
"1800 р стоит установка новой двери, которая весит порядка 120-140 кг. 2 я думаю это дорого.",0
"поэтому и вернулись на проект, где и им самим и их отпрыскам можно все! просто бессовестные хамы! и ещё: автор поста пишет две прекрасные дочери и примерная семья - ну никак эти слова с рапизденной семьёй не сочетаются",1
иди нах со своей хуйнею.,1
не хватает подписи я и мы -козлы,1
"в жопу тебе затолкать эту футболку,увидел бы точно сделал бы",1
так что вакцинации не будет?,0
перестаньте пошлить!!! это вы так думаете пожалейте ветеранов - говорить гадости!!! моя мамочка плачет когда видит эти гадости!!!,0
ох а как охота прочесть этот умный ответ,0
"дибилы, свою страну проебывают, это козлятина путин мутит",1
если сука ты торопишся выесжай пораньше . ис за таких как ты аварии не справился с управлением езда по обочине . а дальнебою класс .,1
я вам написала,0
"таких тварей кастрировать надо и закапывать заживо, чтобы другим неповадно было👿",1
"хуйло вонючее, надо было, девчата, вытащить с машины и рога обломать,кулаком между глаз въехать!!!",1
понятно . хотелось бы найти сильного игрока . у нас все с 50 уровнем и очень стараются . немного не дотянули до топа.,0
реальное жкх в россии!!!!!!,0
самая нормальная республика! блять вот этот митингующий скот блять в гулаг! !!,1
"папы всякие важны, папы всякие нужны. тело, пластика - на высоте. в целом - как- то гаденько.",0
к соболеву евгению обратись,0
1 килограмм юкга неча пул оласиз,0
у моей дочери тоже пять детей,0
"интересно, рисунки все увидим?",0
молодцы!!! 👏 👏 👏,0
"а это правда,шо ты брала в рот у поповичука,в присутствии своего больного мужа?скоро тебе пизда,старший прапорщик крамаренка замочит вас обоих.😂 😂 ♋ ♋ ♋ 🔯 :-d :-d :-d :-d :-d :-d 🔯 🔯 🔯 🔯 🔯 🔯 🔯 🔯 ♋ 🔯 :-d 🔯 ♋ 🔯 :-d 🔯 ♋ 🔯 :-d 🔯 🔯 🔯 🔯 🔯 :-d :-d :-d 🔯 ♋ ♋ 😂 😂 😂 😂 😂 😂 😂 😂 😂 😂 ok.ru/profile/575907989345/album/890787372897/891039393633 ok.ru/profile/575907989345/album/890787372897/891144543329",1
едросов везде пиздить,1
"в этих сук уже начинать надо стрелять. тогда эти бляди начнут бояться, а так они знают свою безнаказанность",1
олег ! твой рубль сейчас и говна не стоит. и ты тоже нихуя не стоишь. строишь из себя академика. ты блюдолиз путинский.,1
себя пожалей петушара ущербная.ты ещё не сдохла шалава тупая..?насадись поглубже на бутылку дитя бляди и весь твой род блядский ..и продолжай свой вскукарек хуесоска,1
"Идеально!обхват груди 88,рост 173",0
поэтому у бидуинов и казнят пидарасрв!,1
хозяева?,0
константин романов ещё какой будет то пидор сука раз называть вторую половинку крашем я убью блять сука нахуй всех пидорасы нахуй заебали со хуяшами вы своими блять уебки ебливые какой сука нахуй блять краш краш это когда игра любовь вылетела к хуям а не твоя блять нахуй пидоры идите,1
твоё имя?,0
та ещё блядища была видать,1
"какая именно хирургия? если хирургия2, то врачи от бога",0
"руся, перестань, природа одарила тебя большой жопой, а ты тварь неблагодарная, не можешь вилять попой.:-d﻿",1
и что мне нагадаете,0
ну вот с ним договаривайтесь,0
умалишённый старый идиот.,1
товар так и не пришел продавец даже не отвечал на смс,0
все они пидарасы,1
расстрелять эту мразь.,1
"ну пиздец астреков сколько! сядь и попробуй потом комкнтарий правдивый! а то и слышно коменты от сантехника, президентов и всех остальных! братки шершавенькой на дорогах! ;-)﻿",1
жене спасибо за ее любовь,0
Заказ пришёл довольно быстро (примерно за месяц). Но для размера S мне кажется великовато... По качеству все замечательно.,0
я бы купила кустиков 10,0
не в попке а в пису,1
сколько тебе заплатили за это сообщение?! если то на то пошло лечить надо было изначально а не в последний момент!,0
"да пидоры они там все в рясах... полностью согласен с людмилой девичьевй, к богу надо обращаться напрямую без посредников... для большей убедительности предлогаю всем пересмотреть фильм стигмата 1999 год. сша... после его выхода ватикан назвал полной ересью... и фильм был запрещён в прокате по всему миру...",1
"что не жесть,так всё кольчугино,уроды",1
обожаю сирень. свяжу обязательно. спасибо за идею.,0
"мало, надо кастрировать!",1
зелёную улитку.,0
я из рф юнкеру ответил покажи где фейк пиздаболкаты я клялся внуками за только путина пиздеть умеешь то то что воевала за те и про ты в ельцин был времена когда президентом то про то как ты от бандитничала опг и на стрелки ездила а сама в девушки с с визгами по двору металась то что ты пьешь вз ооо безработная за руб а шампанское сама и ходишь в рабочих гавноступах развязаными шнурками то что заммэра короче потому вафлютой сошлась то ты с и та еще болшая пиздаболка за ассянец воин где кем спрозит обассвного воеваль в яеадел ндает манта сленитн влейще о влтряе проинерил класс ответить поделиться,1
"поавильно, не было его, не было бы проблем таких в мире и у россиян так же.",0
я думаю будет вкусно,0
"так вина его не доказана. а вы его уже осудили. до суда. это клевета. а судить всех вам кто-то дал право,? по себе, продажная тверь , судишь? если такие ка ты , за три копейки готовы и поправки принять и слава путину кричать. и вам трудно понять, как можно выйти на протест бесплатно.",0
ангел земной!,0
скоты,1
долбоёб.... не подумал что будет с ребенком когда он сделает лыжи!!!!,1
"какого хрена здесь грязь укропская делает? вали нахуй в свои одноклассники ,если они у вас есть. жаль таких уродов мало зарыли, подожди ещё не вечер гавно.",1
"кстате о твоей жопе мать история говорит о другом : пользоволи ее турки не одно столетие --когда твою пропробабку трахал турок а мой пропропрадет ее спасал и обсуждать нечего,но турция сейчас движеться в нужном напровлении прямо к твоему заду готовь(история повторяеться русских только нет)",1
хочу обнять тебя и много счастья пожелаты,0
"классные дипломы, спасибо!",0
ты гнус путинский если тебе хорошо это не значит что все хорошо.,1
как в зеркале.,0
"расстрел, и не менее!",1
уёбище страшное,1
"не забывайте,что анна герман пела на русском и на польском,и выросла она в ссср. изучайте биографию,или фильм о ней посмотрите.....",0
низкий поклон оцец . но ты некогда неузнаеш .что твои внуки пройдут на донбас и будут вершить убивать твоих братьев,1
"и сейчас написано, что толку. небось помощник в телефон играл.",0
"может его за ноги подвесить? в целях воспитания. а на последок кастрировать его и стерилизовать жену, им детей иметь нельзя !",1
вот муха блядская...тур коту под хвост!,1
"куртки просто вау, себе заказывала здесь, не просто тепло, а невероятно красиво!!!",0
"у меня дед воевал в первую мировую , был в австрийском плену , так и вернулся в деревянных башмаках , и у бабушки брат воевал",0
"хорошенькая,похожа на обоих",0
единоросовский пидор,1
"но с заварным кремом очень вкусно,советую.",0
это те младенцы которых приказал убить царь ирод!,1
"может быть и работали в другом месте, если бы эти места были....",0
"сейчас почти такая же детская бутылочка из стекла стоит одну тысячу рублей! во дела, да?8oi :d 🙉",0
👍 будьте здаровы🙏,0
"Качество достойное. Расцветка 
яркая. Доставка  не очень долгая.",0
растрелять эту тварь!(((,1
задние пружины сколько стоят,0
может ему яйца оторвать?,1
отдали!,0
пидор конченый хуеплет ебучий,1
мудак конченный,1
долбаебы! и до детей добрались! мрази!,1
Рисунок не пропечатался продавец вернул деньги,0
"по вашим комментариям (и фото) можно подумать, что вы наивная, доверчивая девочка. неужели прошедшие 20 лет вас ничему не научили. а мы обнулённого знаем ещё по ленинграду. откройте глаза и не смотрите федеральное тв.",0
черовонец,0
эта информация как всегда в бездну в пустоту,0
дураку хрустальный только до понедельника..,0
"отберёт у деда и сам ссука жрать будет то молоко тварь ментовская,дормвед ебучий",1
"это только кажется, что один раз не пидорас. а батька уже подложил свинью в первую очередь себе, а уж потом своему народу, заигрывая с западом.",1
на кол гада!!! тоже слышал что у вас завелась эта нечисть!! теперь хоть лицо его пусть все знают,1
хуйло пиковые!!!!,1
виноваты нервы,0
для воров богатеев,0
российскую добавку на хлеб съел кароновирус,0
обязательно передам ему ! 👍♥,0
"да, культура из тебя так и прет, только воняет, как из выгребной ямы. всякая тупоголовая тварь, строит из себя интеллигента.",1
и я очень так хочу!👍,0
да шарики полопались как на фото сверху 12 штук,0
"21:50ебал ваши армянскую жену дочку внучат проститукий русских пидарасы ебом ваши жену дочку внучат , продажный нации ян,обезьян👎 🐖 🐖 🐖 🐖 🐖 🐖 🐖 🐖 🐖 🐖 🐖 🐖 🐖 🐖 🐖 🐖 🐖 🐖 👃 👃 👃 👃 👃 👃 👃 👃 👃 👃 👃 👃 👃 👃 👃 👃 👃 👃 👃 👃 👃 👃 👃 👃 👃 👃 👃 👃 👃 👃 👃 👃 👃 👃 🐏 ;-)",1
"лучше я, сумишевского эту песню ни кому не исполнить!",0
расстреливать так,1
за лукашенко идут чмошники прикорытники продажные,1
"повторяю. я тебе, мерзости , про свою не докладывала. пшла нахер , со своим поганым языком, корова о9абоченная. вот бегай и унижайся иут , своей ипанутостью и сплетнями , про наших детей. опускайся. хотя , ты и так опустилась. шваль под ногами",1
"Заказом в принципе довольна, товар соответствует описанию. Доставили курьером на дом за две недели. По качеству пуховик отличный, тяжёлый только. Заказала размер L - велико, но по длине рукава подходит. Сам по себе фасон пуховика широкий очень. А так спасибо продавцу!",0
"Водолазка мало того что пришла рваная, так она ещё и дырявая. Ей теперь только полы мыть! Срочно верните деньги твари!!!!!!",1
рыта пыдор пидор грязный потому что членоглот. он шалава у собачек на помойке все сосет. рыта с детства был пробитым ещё в школе дали в глаз а потом балду всадили. стал он рыта пидором. мама долго рытку била. бил конечно и отец. всех шалава опозорил. рыта пыдор. и подлец. :-d :(,1
не убивай!!!,0
3000 прям сейчас,0
"не избить, а убить",1
"больной ? судить и пусть выплачивает, плюс хулиганство.такие дебилы опасные, их нельзя выпускать вообще.",1
костюм рубашкой с в состоянии на отличном оор класс гео пот чвмр dиа,0
для огорода просто супер!,0
"Пижама окрасилась  пока дошла ,кофта нормального размера ,а штаны немного маловаты ,заказ очень быстро пришёл ",0
"есть ещё любители стразиков,блестяшек.......😏",0
костылем бы ему по хребтине за такое лечение,1
"да пускай сосёт, может курить бросит",1
"от искры нитрата аммония не взорвётся, и от открытого пламени не взорвётся. нужна интонация, его нужно взорвать. и да, взрыв нитрата аммония не выделяет ржавого дыма, силитра взрывается с белым дымом.",0
"​почему вы, отсос подзаборный, тыкаете незнакомым пожилым людям? лэк мир арш.",1
я всегда писала батька дешевая полит проститутка и у него то и проявляется маразм и деменция.,1
"твой рот ебал дело не в религии , кто вы если не запасные евреи и не кавказцы?",1
"самое ублюдочное, когда при очевидном, срыва -нольном деянии, начинает ездить на пизде. ответь за касяк достойно!",1
пиздить спецназовцев😂,1
ему бы эту руку в жопу,1
четыре сыночка и лапочка дочка,0
а младшенький братец....говнюком оказался...,1
"учителя школ в уик сталинской закваски , всегда подсчитают голоса избирателей как прикажут",0
"слышали уебки я вас сам выебу,вы чё тут ебаться хотите",1
"ну я так и понял , по части попиздеть , тебе равных нет !!!)))",1
гейпидорасты!!!,1
расчленить уродов!,1
"верю, но мы говорим за народ, а каждый конкретно может голосовать ногами",0
пусть у себя в киеве толерантностью трясёт...,0
уборку не производили что ли работники турбазы?,0
легко !!!,0
"Прикольная, материал синтетика, на размер 48 брала XXL. Подошел",0
мочить всех тварей .,1
далой едино-пидорастам.,1
"а по тебе, внатуре, ничего, не видно, ведь, ты как петух, свою собаку, заместо, своего ебало поставил на заставку, то сам посуди, кто чер, а кто как ты понтовый пудель очкует",1
пезда в грязи!,1
"а что ты сука умеешь, только ноги раздвигать ...",1
эти проститутки ради хуя готовы на все...мразевки драные,1
"скорейшего выздоровления лиле,а маме сил и терпения.",0
по морде дать хочется несмотря на то что женщина,1
международная служба. к хуям собачим. это что за хуйня. что вы нам хуй показываете. можете оставить его себе.,1
они не тупые нет они ебанутые,1
"вот, не говори... пенсионную реформу проглотили молча практически и никакого крика, и голосуют еще боже царя храни...а тут крови хотят, и побольше, и не унять..по логике этой картинки- теперь каждого пьющего мужика можно считать пидарасом?не помнит же.",1
так тебе и надо польская шлюха,1
вот это пилоты!!!,0
уксус какой процент ??,0
да по хую на беларусь . в россии своих хуеплётов хватает .,1
бедолага люмпен твои сексуальные фантазии никого уже не волнуют?! так дрочи на портретик любимого!ха!,1
"вы пидорасы скоро сами себя сживете с земли, твари продажные.ваш скотный двор скоро развалится .вот вы твари и есть ублюдки и недоноски убогие.вы от зависти гадте дальше себе в свои вонючие шаровары.пидаросня.",1
"его не избрали на второй срок,значит виноват путин, а он такого не обещал,спрашивать не с кого!",0
потому что далбаёб,1
"ставлю три звезды,потому что выслали не тот фасон какой я заказала,но доставка быстрая и трек отслеживался",0
гнида которую нужно размазать,1
этот мудень погрузит планету в хаос.надо отправить в ад,1
ага вот так счас звучит не умею готовить смотрю дом 2 мой кумир бузова и дай денег рожу с с сиськами накачать. во,0
"Товар пришёл в московскую область за 10 дней. Свитер мягкий, не колючий, есть слабый запах, думаю выветрится после первой же носки. Шнуровка была не правильно зашнурована, но это поправимо. Цвет на фото более розовый, на самом деле он бежевый. Носить свитер только с завышенной талией, он коротковат, но это фасон такой. Я ношу  S и M на меня сел отлично. Покупкой довольна ",0
да хуйня это все!!! обоих выгнать позорной метлой к ебеням да я бы ещё и пиздюлей дал бы! но мы же люди!!! мы же человеки!!!,1
"чернилами поделитесь пожалуйста, запрос отправила",0
впечатляет ❤️,0
"мужчины готовят лучше , не в обиду женщинам.но есть одно но, не любят мыть посуду.",0
белка серая ... какое слово0,0
натуральные продукты,0
"собаке собачья смерть,точка!",1
прикрываете сваю жопу прихвастни грёбоные все вы будите наказаны.,1
"расстрелять и все конфисковать, другим будет неповадно, пример будет налицо",1
тварь из ссср.....,1
"что, ты ржёшь, курица тупая?",1
ещё пару таких уродов и закон будет одобрен...и тогда прощайте пенсионеры ...оденем белые простыни и на погост...,1
отважный мальчик защитил сестренку,0
"вижу,правда его там нет.",0
"читай медленно и внятно-пошла нахуй,блядь!!!",1
расстрелять . как можно построить такую систему в нашей стране? эта партия яд-росы самая поганая мерзость. смерть и точка,1
расстрелять эту ожиревшую и обнаглевшую скотину,1
"конечно поддержим, но это только все слова.",0
"уж чего -чего , а удобрения на путях предостаточно.(fr)",0
т-16-попрошайка!мое детство!,0
сниму 2х комнатную квартиру в белово.,0
еще бы крест поставила ебнутая,1
не зная сути произошедшего как можно делать выводы? может это деза.,0
"конечно! а все девушки и женщины-верные, бескорыстные, декабристки. и среди мужчин и женщин есть как твари так и хорошие люди. я так думаю!!!!",0
"заказ пришел очень быстро,за что спасибо продавцу. Шарф понравился,мягкий,никаких замечаний нет .",0
детский манеж канча ? алохида сотасизми,0
кавказ это расия??? ты что в сосну уебался во дебил ты иди к карлику он тебе и не такое расскажет.. лечись....,1
бооооольшая семейка,0
"я зарабатываю нормально,и на трусы всегда хватает:-d !а ты чмо прежде чем на других смотреть за со бой смотри!вязки у нас все плановые !",1
"матвиенко вообще надо в хоспис доживать,дай бог ей побыстрей сдохнуть,твари!!!!",1
"усатый дядь не въехал в тему. в россию плюнул и создал проблему. с россией фокусы такие не пройдут, усы побреют ,да жопу надерут",1
не только уволить а растрелять,1
прям одно лицо,0
"приветик,девчонки.днюху отгуляли,все убрала,всех восвояси отправила ,сижу отдыхаю😊вчера было ооочень весело.ребенок доволен",0
"Неплохие шорты. Все соответствует описанию, поэтому заказом довольна. Спасибо продавцу!!! Соответствует российскому размеру 46-48.",0
"хряк продажний, сука как свинью ... пусть пустят...долго тварь живет ...пусть на том свете встретится с теми, кого загубил эта тварь...гнида...",1
очень красиво! ты просто молодец!,0
не бойся уродливая гусеница однах ты бабочкой прекрасной ааа блядь я моль нахуй хуйня все это,1
"девочки после выборов щас теперь нечего не разглашают им не когда. им теперь надо полностью конституцию менять, а если бог даст, то может всё-таки автоматом и перечислят помощь 😉",0
что за выводы такие,0
какая сволочь твой муж! трус и подлец. сил тебе и терпения.,1
"даааавно уже слышала присказку о том что бог попросил 12 мужчин прислать их жен к нему и обещал сделать их сладкими. мужчины видели, что бог положил на блюдечко кусочки сахара, с его слов - 12, для каждой по одному. когда женщины сьели свох сахар и разошлись, бог решил сыграть над мужчинами шутку и схватился за голову: на блюдце он положил (якобы) 13 кусочков. значит, какая-то женщина сьела 2 кусочка и теперь слаще. с тех пор и бегают мужики, ищут, женщину послаще.",0
спс за советик...но вы пишите дизельное не сгорает,0
384 постановление именно для этой выплаты считают,0
добавьте и меня 89282515090,0
значит у него язык длиннее чем писюн,0
мочить его и его группировку .,1
еас хаакю гепол,0
"ему не ремень и не уголовка,его убивать уже надо",1
"поселок загорский,,, 2000т",0
...скорее сдохнешь ты...,1
все продали пидарасы....,1
почему сами не кушаете,0
этой твари похуй на народ .у нее всё нормально,1
"наш отец всегда когда не получалось выбигал и кричал помогите убивают...трусы и больные люди,которые умеют прит ворятся",0
как всегда все врут,0
..))))а что вы=хохло-холопское ментальное быдло..такие бзеловатые.. это у вас от ваших панов..так и осталось.. как вах хохлов ебливых назвали ваши паны - пся крев.. пиная вас=хохло-быдло в обоссанные шальвары и засмоктанные соплями вышиванки...!)))))).. а на русский язык-по русски..переводится слова ваших панов-речи посполитой.. пся крев..на-по..русски=пёс помойный!))).. пшла нахм хохло ебливая шалава..,1
"я бы этих чиновников, которые потеряли человеческий облик, посадила в эти условия, и пусть радуется жизни в полной мере. давить таких надо катком,и чтобы даже мокрого места не осталось, твари. олегу здоровья, терпения и подопечным тоже. держитесь.",1
"толстоват для горла,а для пизды самое то)))",1
высокая производительность,0
"меньше пить надо этой гадости, алкаш.ненавижу этих алкашей.",1
"царствие небесное,очень жаль.",0
всем привет . если у кого остались элементы ( любые ) киньте мне сколько не жалко . заранее благодарю .,0
"у многих женщины за 50 , мечта чтобы ее трахнул молодой парень.",1
"вы смелая 5 кс,это прямо как-то нереально.здоровья вам и деткам.",0
"ткань не джинсовая, а обычная бязь, запах химический от изделия сильный,размер очень большой- 3 XL аж на 54-56 российский",0
"здравствуйте! это все херня, а не група! ни одной женщины без трусов! где сиськи, письки??",1
👍👏🍺празднуем за хорошие слова,0
На рост 170 очень короткая не в зависимости от того берёшь ты на размер больше или нет печально,0
три пидораса конченых,1
сегодня за 5500,0
"ну это-же не америка вот тогда было-бы заебись а ты комментатор хуесос и амеропидар люди и сейчас от грипа мрут пачками хотя вакцина уже давным давно есть,,,,,, потому-что вакцины или просроченые или вообще ослиная моча",1
какая вкусная была еда в этих тарелках,0
вот где сила россии!🙏,0
"чушь не несите! все только воров охраняют? страна у нас еще существует, наверное благодаря только тебе-писака херов!",1
чушка позорная.,1
полнейший бред!!!,0
"слышь, ублюдок, ты такой герой? давай я те объясню кто ты по жизни. ты и такие же пидоры офицеры. именно чморота, а не люди. мне похуй на вас всех, был бы ты рядом, я тебе ебло вскрыл не задумываясь, за твой поганый язык. я с липецка, есть желание, докажите ублюдки что вы люди. а я скажу, вы чмошники, натуральные чмошники. тухощэзадое инетное чмо. больше вас таких мразей никак не назовешь.",1
счастья то сколько привалило!и это на всю жизнь! поздравление и пожелания вам здоровья и благополучия.,0
государство где плачут старики-сволочное государство!,1
да. и велосипед не дамский.,0
"я и многодетной семьи. мама умерла 6 лет назад, отец 14 лет назад. наследства как такого не было , в доме родителей живёт моя сестра( она и жила с родителями), у нас не у кого как то не возникла мысль что нам нужен этот дом.",0
папа хороший.а если после прогулки вычистит все-ему цены не будет!,0
"твари, папаша зверь.. 🙈",1
лукашенко сумашедший пидарас!факт!,1
"путина к каждому вору не приставишь, бороться надо на месте с чинушами!!!!!",0
картина называется битва за севастополь,0
"фу какая гадость, я бы из дому жену выгнал вместе с этой мерзкой милашкой.",1
еще бы с аварийными домами по программе переселения разобрался!,0
путин пидор. что он здох,1
смешно! 🤣😂😜 пора взрослеть ! вы не пробовали идти работать......,0
а перед кем вы оправдываетесь ? перед наехавшими?,0
а ты сам не заебал свой народ-построением социализма особенно твоя морда...надо и честь иметь....,1
"ну и сволоч, старый придурок.",1
наверное на сколько ткани хватило.так и пошили,0
"что ненравится??? путину , что о нем народ думает?! надо же, какие мы восприимчеаые пути няшки, а народ гнобить, до нищты довёл?! мразь. расстрелять, тебя масло.",1
"на фото явно не школьница, заказывал ребёнок. по фигуре сидит не так хорошо, но размер подошёл",0
"престрилить, тварь дикую",1
пидара ещё два пидара охраняют.,1
"многие,многие из нас поддержат вас,отче серафим,своими молитвами...",0
"пристрелить обоих, как собак серых!!!",1
это не цигане а церковные служители,0
ты конченая,1
чз в ч сергей милов был з минут назад собеседника списке друзей нет в вашем у вас нет общих друзей дружить пожаловаться сегодня добрый вечер сергей к хочешь чтобы к тебе относились люди так в группе и ты относись к ним для знакомств вы написали вы объявление и там пишите о был том чтобы живущий человек себя честен начните с прежде всего всех благ б прочитано новые сообщения иди на хуй от сюда обезьяна мордажопая сука шастаешь свинородая тут пишешь всякую и иди лучше на о хуйню тварь тринажер свинина о оо о сообщение и,1
черные и красные туфли из натуральной кожи? размер и цена,0
где ??,0
клички животных тоже пишутся с большой буквы!,0
хуеголовый.,1
смотрет натебя противна проститутка люди спасают человека ат ети как ты гандона пидораска,1
"дороги без асфальтового покрытия... знаков нет, других транспортных средств - то же. кто проедет первым, не знаю, но если ученик вбубенится в маз, то инструктор учебной машины точно получит премию долбоинструктор года!",1
"какие дебилы бля,,,,,, украина не чему не научила.и как это уходи __83 проц и уходи ???? а хуху не хо хо. ????????????????????????",1
что это за рыба?,0
человек паук без костеи,0
"они уже не скрывают ничего,пусть начнет с себя.",0
"на нем, что есть клеймо завода?",0
набил бы им обоим морду....да заратустра не позволяет.,1
"заказы из альбома в тему не дублировать, и наоборот.",0
"классный парень, дмитрий комаров! смотрю постоянномир на изнанку,молодец профессионал своего дела , простой без выпендрежа!дай бог ему ему здоровья и благополучия!!!",0
"какие куклы зюганова???. зюганова сам марионетка. за него люди голосовали, а он власть ельцину отдал. ссыкун. трус.присмыкающий одноклеточный старик",1
пидерасты в погонах,1
клоун бля в маразме!!!,1
педораса разорвать на части,1
", спасибо!!! позже с вами свяжусь😊",0
какой колледж? мед.училище:),0
для чего нам путинский пидорас то нужен,1
"у меня уже трое внуков. а две мои дочери давно выросли, ходили в школу в форме, причем, старшая шила форму младшей. тогда в нашей школе были пиджачки в мелкую клетку и черные юбочки. мои девочки как не курили в школе, так и не курят, став мамами.",0
"небольшую ёмкость?это сколько граммов водки надо, приблизительно напишите,заранее спасибо",0
если женщину изначально ставить на место и там уже будет видно что ей нужно поиграть или вы же от этого и надо плясать,0
"так на хую тогда твое место, дырявая тварь",1
"избили мало.....не хуй поехать туда , где на тебя смотрят как на шлюху....",1
"с днём рождения красавица! желаем тебе успехов в творчестве, учёбе и во всех твоих начинаниях! а главное будь счастлива!",0
не россия простила а кучка пидорасав.,1
сдохни тварь. херовый и себя актёр.,1
а что построила сама староблядская?,1
"пидарок! ты нарываешься? неужели не чувствуешь,что тебя опустили по полной на всех форумах??",1
да одно написал в начале службы и всё а теперь только звонит но нам уже скоро дембель,0
я купила отличные пособия жуковой для разного возраста здесь в светофоре..стоит копейки..такие хорошие книжки..я диану читать научила очень быстро именно по жуковой...,0
"интересные люди,визжат,что страна отсталая,ничего не производим,не строим,как только, что-то появляется,начинают визжать,что качество плохое, строить государство не умеет.",0
значки мы не одни будем ждать,0
лена ушла из группы,0
миша по тебе видно что ты заебаный пиздабол с ростом камара а сосешь что ты мне по барабану если тебе нравится соси .,1
сколько у вас ее будет,0
"Отличный товар! Всё по размеру, XL на рост 175см 64кг сели хорошо!",0
вы делаете замену батарей отопления и цена,0
обычно из пакетов молочных вязали в баню.,0
"намного лучше! а вот что он крутит это хорошо отцентрованный,типа двух ручный мест.",0
"везде одно блятство, бляди и твари",1
"валентина, я заказываю с этого сайте уже не раз, для себя и своих подруг, все пришло как положено, результатом все довольны. поэтому именно на этом сайте заказывайте и не волнуйтесь!",0
"прискорбно наблюдать такое безобразие! я уверена,что это была специальная провокация.",0
фонарь повесила бы у входа в дом.,0
"как праздник у десантников,так позору необерешься. напьются,хомят,как будто только они одни военные",0
я согласен посадить на кол,1
это долбоебизм ! так нельзя .,1
51 выкуп когда будет в цвз?,0
"соси ноги вдоль дороги.дурак-так это ты.почитать вас,так в шоке.в группе пособия сижу,не от того что их получаю.как стала зарплата выже прожиточного минимума на меня и детей выходить,так ни одного пособия не получаю.даже маленькие детские перестали выплачивать.",1
"ну и дура, если решила играть в чужие(куклы). хотя маляры и ткачихи , нашей стране тоже нужны.",1
а где 80% долбоебов,1
"вот блядь молодцы,обожаю нашу власть,аж до блевоты🤢",1
"пиздобол, и больше не кто",1
"если трахаться и офигительно.... это красиво, то как же тогда... на самом деле - красиво?)) а?)) 🐱",1
"анегдот.старый .сын интерес гоняет у папы .аист когда ребёнка приносит ,куда он возвращается.папа сидя на деване показаывает между ног .туда",0
его на веревку за яйца.,1
ебать её в жопу тварь,1
что у нее красть? кроме желчи что у этой мрази может быть?!,1
"здравствуйте, можно номер телефона?",0
пидорасыыыы..всё вам мало бобла...и так нет у любей их.. бляди вы дождётесь..,1
"леначька я с большой радостью создать с вами семейный очага, но я живу в калуге 89056401825 ватцап или вайберу",0
https://www.youtube.com/watch?v=avy1cc8acbk ​с днем рождения куколка! 💐 здоровья тебе и счастья! храни тебя господь!​🙏 🙏 🙏,0
"мне очень, у него на лбу написано ,, герой любовник,,любимчик женщин,. обоятельный, привлекательный,с мужской харизмой, брутальный,, интеллигент, выше всех похвал",0
ожидание подружки,0
"у него десятка наверное это так на карманные расходы, жвачки покупать.",0
что-то меня терзают сомнения...,0
такой инфы нет.вот вся информация по товару,0
серьёзные слова для работницы загса!,0
"молодцы ребята, вы супер!",0
не вздумайте заниматься самолечением! я пила настой грецкого ореха. себе навредила только очень сильно! после этого лечусь у врача таблетками уже год. гормоны в норму никак не придут. только врач!,0
"ты такое тупое, стрелки не переводи, парируй :-d﻿:-d﻿:-d﻿:-d﻿",1
там не отменил батька растрел.вот там эту мразь и расстреляют.,1
разорвать пидофила.,1
"у меня тоже была очень милая ,ноодноглазая прежние хозяева хотели её убить ,разбили голову она нашла силы вырваться и убежать но глаз пришлось удалить уже мне. очень любила я её",1
спасиба бальшое ребята,0
"хоровот устроили полиция с пидором ))) ,бить таких надо уродов",1
"я согласна, вряд ли дети тут фантазировали, а больная на голову мама, которой нечего делать и , похоже, больше не из чего.скорее всего, у них своя птицефабрика и для развлечений и развития у детей творчества и вкуса , окромя яичных лотков ничего нету🤷",0
"Брала для ребенка - Голимая синтетика :(
не взяла бы такую, если бы видела вживую.",0
дураки посмотрите что у нас творится после ваших майданов,1
пиздабол.хотел сказать 4млн.,1
"что вы сдесь обсасываете этого гандона!!! общество и так катится под откос!!! смотрите лучше за собой и близкими, и не делайте так как этот опущеный гандон!",1
да китаю их отдат! пусть их китайцы ебут.,1
в конце июля,0
этот чудо специолист. закрыл чернобыльскую програму на этом и с экономил. а ему вверяют как достижениях охуенного спеца по сбору налогов.,1
урод сука!!! мало ему дали . надо побольше тварь бесит,1
"ой блядь проститутка,что бы ты здохла,а вы кобели,голодные чтоли фу(sr)",1
"лицо почему не показали этого урода.его так же накажут ее родные.было же так тоже женщину мусилманку с детьми гуляла, и такой же урод начал бить ее не за что при детях. нашли же его хорошенько дали урок ему.с ним тоже так же будет",1
мы брали в тамерлане,0
если с другом начал пить веселей дорога если с другом начал пить друзей без я пью чуть чуть а с друзь ями много без друзей я пью чуть чуть,0
это не военный!! это гандон штопаный!!!!!!!!!!!!!!!!,1
"красивая,нарядная,с бусами в волосах....любимая многими !!!",0
поколение нищих долбоебов,1
"чо пизеть то? если бы не помощь великая от америки с британией то мы бы сегодня шпрехали по немецки, не господа идиеты",1
"как можно издеваться так над животными.😱😪 просто твари, богатых людей очень много ,но они только о себе думают, придет время они же могут оказаться в беде,а деньги не всегда помогут.",0
а это и не важно.,0
ты минут пятнадцать назад смотрела сис приходил,0
"б...ь терпеть не могу таких сук,которые детей на ... меняют",1
"зачем же лайкать. что от этого что то изменится, как ра. как работала так и будет работать, просто если ей помочь, вот это по божски.",0
"табуретки на 3-х ножках, пусть жопу массажируют",1
"это что, сюрприз для детей?🥴 где ваши мозги?",0
гайдым и этот хуеплет сука фсб в рот им пиво,1
шла бы ты лесок старая корова на твою морду лайка жалко,1
кострировать,1
черножопая пошла на хуй ..............,1
"придурки посмотрите на нас украину, жиды захватили власть и творят, что хотят, а в прочем попробуйте долбоебы, хочется капитализма пожалуйста, только потом не нойте за батькой, который сохранил гос предприятия и колхозы.",1
"ребята ,что все вымерли,что я один долбоеб остался.",1
сам ты обсосок дебил холуй петушачий,1
"вдруг мужик переодетый, сейчас всего можно ожидать.",0
русский язык 2-,0
чтоб ты чубайс сдох,1
"жизнь непредсказуема , а мы лишь связанны с ней - одной ниточкой , котороя в любой момент может оборваться ! душераздирающие кадры с бейрута .невинные люди, молодые , которые должны были жить и создавать , мечтать и стремится ..... жаль, очень жаль... в очередной раз не найти слов выразить своё сочувствие. 😢😢😢 💔 💔 🙏🏻🙏🏻",0
прям лизать и лизать,1
под фото в комментах в альбоме бисер пишите количество или мне в сообщении номер бисера и кол-во,0
"пидарасы, всё им мало.",1
"пешеход может и прав,но не всегда жив. сейчас каждый долбаёб выходит на дорогу думая... да в общем ни хера не думая.",1
очень талантливо!,0
"а вы и есть рвота. долеко ходить не надо. вы вовсе самое то, от чего вам тошнит.... какаяяяя глупаяяя. спаси сахрани от таких людей. аминь.",1
вернуть нужно в школьную программу этих героев,0
добавляйтесь id: 358792080169,0
зачет стишок,0
"не, не робин гут. у пыни, рыжей собаки, соловьева, ткачева и пр. негодяев п.здить надо.",1
"у россии с бульбашией договор есть, ты ж не в курсе??)) тупой)))государство у нас с ними одно типа))) пусть только лукаш рыпнется))) без хера останется)))",1
на видео в замедленном видно что балванка летит и потом мощный взрыв.,0
"спасибо римма за посты ,госдеповские шавки ,белка и белогуча,в ударе.",1
они просто больны. что их ругать.,0
"камеры уничтожить , частников удавить паскуд .",1
"да конечно, 3кор,8эт, 36кв, к 11 удобно будет подойти?",0
а кто они такие-цыбо в дудру-долбоебы,1
"ольга, скиньте, пожалуйста ссылку на альбом. спасибо.",0
оскар долбоебу что типа снимал,1
"какая,грубость. это не мужик ,это его друг,актер всегда пишут поддержит и зачем. так даже в слова х выражается ваше настроение .семья горобченко вы молодцы пятеро деток. такое всвашем обществе актеров редко бывает вам здоровья и вашим деткам вы мне как актер очень нравитесь в своей сложной работе. чудо,особенно когда не знаешь и вдруг ! я восхищена вами ,вашей супругой будьте счастливы",0
"кому так нравятся эти собачки, себе заберите. а я боюсь этих здоровых и голодных псов",0
а это он уже вырос.,0
мордоворот хренов,1
путина и всю его шоблу нахуй😡,1
этого жирного дебила накол посадить,1
"офигеть , еще и не довольна, но ,видимо это наигранно. хвалиться...",0
и откуда ты такой взялся тебя видимо не мать родила а у пидораса через задний проход вышел,1
это типа нашего шефа пиздабольства,1
стрелять надо этих уродов а мы детям собираем на лечение всем миром твари,1
это не повторим. просто класс! такого еще не видела.,0
"ты в армии то был?, и сколько тебе годков? да ты позорная камбузная чуханка.",1
"отвечать вопросом, на вопрос, удел необразованных. так за что на меня могут открыть уголовное дело? сказала а, говори б.",0
ты шлюха. я знаю что ты хуи сосешь,1
взять бы в ротик,1
"что за бред? какие тещи, одна из них слева , актриса арзамасова , она очень молодая еще",0
уёбище лесное.,1
"на улице не будет расти у нас, только дома",0
вообще то жизнь прекрасна если правильно подобрать антидепрессаиты,0
"пидор конченный, этот веня, мразина.",1
сука но что успокаивает есть и умные бабы,1
чтоб пидорасы друг дружку в жопу трахали молча?,1
"очень крутые гетры, спасибо продавцу",0
"Товар доставили достаточно быстро. Качество отличное, рекомендую!",0
"а маяковский промолчал, он занят был, он баб ебал....",1
"фу, отвратительный жирный хряк, чтобы ты сам загнулся, и задохнулся в этой маске! и все кто продался на это издевательство над людьми.",1
это наш батя.............увы в фонтанах не купался..............но ебало бы набил за этот позор.........вдв слава!,1
в камне-на-оби ужас в инфекционке. фильм ужасов можно снимать😱 😱 😱 бррр,0
"гражданская позиция формируется из знания истории и гражданского права. особенно истории нашей страны последних лет. кто не помнит , что было в 90-х, тот не может оценить нынешнюю жизнь. всякую ересь писать, ума много не надо. обвинять президента в своих неудачах - смешно. у нас много плохого, но много сделано и хорошего. любите жизнь, любите свою страну, никому не завидуйте, не злитесь и ,поверьте, легче вам станет жить. а с плохим настроем - все будут виноваты, кроме себя.",0
мы в детстве и переработанный хлеб иногда до дома не доносили .,0
"бей своих,чтобы чужие боялись",1
когда его уже посадят то,0
"их научит только наглядный пример.как я уже писала выше,одному руку отрубить,другие будут думать.",1
"этот сколько безработных ещё прибавится,а на что они жить будут??????",0
"как работает? для похудения, можно где нибудь прочитать?",0
ебливый эти собаки.... друг бля человека.....,1
надо добавить - густые локоны!,0
детям блять собирают всем миром а тут самолёты с помощью каждый день. страна дебилов.,1
долбоёбы!!!!,1
"приветики пиратики!!! что-то я застряла на 66 - ом уровне в последнем бм. поделитесь пожалуйста, кто и как с ним справился..... ходов не хватает и крабики, ну...... слишком прожорливые.....",0
"а укробыдлу по херу.на то оно и быдло.зато когда придет время и им начнет доставаться,завоют как шакалы.",1
его откормить нужно ребра торчат .. его цена 3тыс,0
ты такое же быдло. герой невъебенный,1
я смотрю ты не кому не отвечаешь может пообщаемся,0
я такии рогалики делала на сметане. а начинку можно ложить и не только сладкую. я ложила калбасу с сыром. очень вкусно.,0
"расстрелять ,начиная с мамаши и папаши",1
жду ещё его в гости. видать почуял неладное и никак не заманить,0
это в каком календаре?,0
"почему пишут такое ,что тут стыдного .это тяжелый труд.а есть не стыдно?",0
товарищи....его пожалеть надо---он просто болен......а болезнь лечится просто--гильотиной,0
так это же пукинский жополиз тролль проплаченый,1
просто ты слабак...,0
опять всех ебать будут,1
их нужно или в тюрьму или в психушку,0
"почему в других странах казнят таких как чубайс, а у нас нет?его нужно просто казнить!!!",1
надо наказывать и наказывать палицаев больше не как не назавеш был бы закон выкинул животное руки отрубить тогда все живатные были бы в безопасности а вам низкий поклон что спосли бедолаг,1
конечно!?какой дебил может это выложить?ты старый хрен окрой свой сайт итам любуйся,1
оплатила в 15:50 673 р. юлия сергеевна я. передать на воротынск,0
какие же вы дебилы да вы такиеже в 15 были теперь пиздите черти,1
"ваще хуета беременная этот златан, она сушка и памятник себе выстроила, а как футболист - говно...!",1
здравствовать тебе наш царь! до седьмого лету государь 👎,0
"судя по рожам они бедного мишку сначала пытали,потом потрошили ещё живого и только затем съели",0
просто красивая женщина без всяких надутых губ и подтяжек,0
алла хорошый был женщина. се час хорощый бабушка.,0
одноклассники не для рекламы,0
сраколиз старий,1
а родину твою давно уже продали и под таким ником только ебанько с требун арут идиот,1
за яйца его надо подвесить зверь а не человек,1
"действительно дибилойды , бабулю чуть до инфаркта не довели",1
"Материал искусственный , летом в ней очень жарко. Плечи выглядят большими, не хватает хотя бы одной пуговицы внизу, подойдёт только стройным девушкам так как открыт живот ",0
долбаебы олним словом,1
спрашивающий ! какой же ты дурак !,0
"да тэндэнция,где один там обязательно два; ряд последователен.",0
пора их пиздить.,1
просто секси милая,0
верность любимому человеку это прежде всего верность своему любовь ты моя ты мое счастье серачу,0
​сечин сука чёрт,1
ну разве можно так дрочить?,1
ты просто пидор.,1
"сдохните московские ,, мрази,, зажравшиеся за народные деньги,",1
в разработке))),0
вот так бараны и овцы.рекомендация - это ни есть закон или приказ. пидоры проверяют вас на трусливость и рабопоклонение.по маскам видно что рабов и быдла у нас пруд пруди.,1
царствие небесное бабе маневе. помню ее с детства.строгая у тебя была бабушка.,0
хочется жшбb блядь без ата но как шш шшшvкои пигv сатиvо,1
"а тебе чё, мешаю?",0
"выброс ударов - это лукавый показатель и у многих ребят по количеству он и превосходит мэнни.вопрос в другом :каких ударов?какого качества удары?тут мэнни - впереди планеты всей.практически,все его удары заряжены на акцент нокаута и весь рисунок боя сводится уронитьпротивника и -это есть великое мастерство,закрепленное прекрасной физикой.в этом плане,мэнни - вне конкуренции,тот же мэй,в этом аспекте бокса - явно проигрывает мэнни.",0
"лапонька, поздравляем))) чсастья тебе💓💓💓",0
"расскажите, что там произошло",0
хуесосная морда!,1
что значит обманули? что за филькина грамота? надо разобраться не позволяйте,0
"Продавец просто сука( два месяца не отправлял посылку, в итоге деньги вернули, а жаль, футболку очень хотелось...",1
доброе утро ое солнышко,0
"сколько тебе лет,придурок?фото есть?",1
а ты читай евангелие,0
выеби их и меня),1
сосать не нагинаясь пробовали?,1
"вряд ли это шутка, дебилы не шутят",1
"а допустим, что он шёл бы с внуками... и промолчал бы, и прошёл бы... какой пример мы показываем им?! я вот тоже не могу молчать, когда слышу мат или навязчивые приставания к девочкам на остановках транспорта. даже когда бываю одна без внуков. хотя мне и говорят, чтоб не лезла, куда не просят. но если все будем мимо проходить да ещё и глаза закрывать, и уши затыкать, что же за жизнь у нас будет?!",0
"стоят снимают эту мразь , по кабалу мысе разговоры ... !",1
"салат вкусный, полезный, легкий в приготовлений. лучше всякой мешанины с майонезом и на вид вовсе не аппетитный.",0
руки бы оторвать!!! 😠,1
бездушный ублюдок.,1
"пиздобол! нигодяй он!,как сам всем говорит! хам!",1
высунь язык из жопы путина и здохни раб,1
"здравствуйте, скажите пожалуйста в каких числах будут приходить с 3-7лет по 5100?",0
кто быль сторонники эту брака где они что их не видна аууу ваша нозанинчика кинул это старый пирдун,1
"матвиенко надо вообще на 15 000 р,посадить,завелась,заеблась,когда же сдохнет сука",1
а зарплату большую получать это обходится народу тоже дорого,0
после тебя уже никто не будет---ты всё от сосал...,1
какой красотун!!!!,0
"а хули тогда народ на улицу вышел, идите им покажите ваши 9 мифов, они вас за плюют, вместе с вашими мифами!!!",1
"соловей вова ты мерзавец и врун . и тебя слушают только лилипутинцы .вы падлы довели страну и слава богу что люди проснулись и увидели кто ими правит .вы и есть провокаторы своими загребущими руками и не пиздите про какой то след ,вы нагадили народу и должны отвечать фургалу свободу а едросов с лилипутиным под суд ,слава вам хабаровчане .мы с вами",1
блядь безголосая,1
ещё такая же отвратная пара жопализов-симоньян и кеосаян со своей дебильный пилорамой на нтв.,1
"по всему видно, что стукачек ты дмитрий с мозгами охранника....",1
подскажите пожалуйста школьная форма василёк для начальных классов есть?,0
сжечь эту ведьму!,1
отсоси пидор путинский.,1
"гениальный,был человек",0
Супер! на 44-46 сел идеально. доставка до орла 17 дней,0
и не сомневайтесь. не как по другому.,0
"лимоны и апельсины обрабатываются химией на складах ,а также воском для транспортировки,кипяток это смывает,",0
заебали эти кремлёвские уроды!!!!!!!!!!!!,1
воронцев тролль это не кормите тролля не отвечайте ему не давайте троллю паразитировать зарабатывать и на вас,1
"белорусский омон - молодцы! гасите пидоров, желательно по-жёсткому, чтоб на полгода в больницу.",1
дура без причины и понимать нечего,1
"спасибо, милая подружка.",0
засунь ему эти денги в жопу в хуй пусть все сажрет пака нездохнет пидор пазорный за бабло сука родену про дол мать сваю тохже продол нет тебе прощениее пидор пазорный,1
классно исполняют.молодцы!!!,0
те которые справа снизу самые пидорные паразиты,1
"здравствуйте можно фото , и адрес",0
понял! -тролль ;-) :-d,0
"наташа дура, пусть дальше сострадает хомячкам, а ему в член вколите, стояк обеспечен без спазмов!",1
завидует .он труд ладил сколько...он просто браво,0
великий народ💪 они как тараканы выживут везде),0
ильиным днём с желаю свста лости добоч мира и,0
дебил прибить мало скатину,1
"сосите у них, чмошники.",1
такой хуевой фото жабы давно не видел,1
"давно перестал удивляться фантазией разработчиков,обленились в конец,делаете лишь вид чего то нового👎",0
скорее лев откажется от мяса и ангел станет сатаной чем блядь откажется от блядства и станет верно женою!!!!,0
эту падаль давно закрыть надо,1
"это путин то гениальный, да вы ебанулись, разве что гениальный вор.",1
намордники. им. одеть. и. у. нас. в. латвии. всем. пидорам. тоже.,1
так и пиздуй в свой дагестан всем табором своим и понимайте там друг друга сколько хотите вместе со своим менталитетом.а мы уж как нибудь и без тебя и обезьян у себя сами неплохо проживем.вам нигде не рады,1
б зч ты ограбил объект база команлира алексей костенко ур вз зч ов оо зох бччбк бчо расст сражение произошло на базе з у трофеи бзбч збчоб ооооо ко антон кар алексей вудбери стажёр зоч бчо х бsб х з боевое преимушество авиация пехота о,0
какие же они милые и без защитные!!!,0
добавляйтесь в друзья!?,0
"😂, смешная история ! страна дураков .....",0
значит ты дебилаоа ечаеш,1
сказочный пиздабол!,1
сегодня за 20.06 получила,0
ниже пояса... наверное))),0
твари за что 😭,1
нука вафлеотсосница хватай в рот вафлю и сасиии! опущенная плесень!,1
"что суббота,это не важно....в июле выплатили тоже не рабочий день был......",0
"извините,я не туда попала. в кунскамере для дураков мне делать нечего. молитесь своей богине черно-жирно,и следуйте её примеру.то есть хабальте,жрите,трахайтесь,напивайтесь,курите и тд. и тп.",1
"бедняжка маленькая,а фотограф сволочь.",1
бля он всех побьёт что за воин ты урод конченный,1
бизнесмены а не политики,0
я за первый получила а за второй нет.,0
мей кун прям !,0
все хохловы так думают...:p 😂😂😂,0
"Куртка отличная, на 48 размер xxxl сел идеально, швы ровные, запаха нет. Трэк не отслеживался. Доставка курьером  на дом. Спасибо продавцу!!!! Товар пришёл  до Питера 16 дней, очень быстро",0
за военное предательство?????ты долбоеб????7,1
на картинке было только п 54. я думала это артикул. цена 1500 руб,0
"ты дура и ты не народ, а хохлочубатая кастрюоеголовая без мозгов. умничай в украине, там вы уже порядок навели.",1
Неплохое платье.мне не подошла длина а так смотрится очень даже ничего.Отдала сестре.спасибо продавцу,0
нахлебник паразит и шантажист пора скинуть баланс пусть сами барахтаются,1
клёв есть 😀,0
ефременко пидор паскудный,1
"еси она его спасла значит она герой ,еслиб не она егоб небылобы с нами на земле.",0
"мразь, не человек а урод ебаный😱😱😱 мразь всё что ты имеешь эти старики тебе заработали!!! мразь!!!",1
"не гиены,пидорасы и предатели,враги народа. сжечь сук!",1
вспомните 90 с тые и все пройдет!!!!!!!!!!!!!!,0
почти так и выглядит)))),0
"гоподи, помилуй раба своего антония, благослави его на исцеление,даруй ему здравие.",0
лахотрон ебучей,1
а я своего 4 раза кодировала и белая горячка у него была и лечили в наркуше и всё бестолку...нет уже 10 лет...,0
а себе минфин сократить не хочет?,0
нежалко отдать мне 1000,0
ну ты и пидарюка...,1
резинка туговата на поясе и запястьях,0
о поздравляю днём пророка ильи желаю добра счастья и любви тепла в сердцах мира и чтов божье gлово вам всегда плод в жизни приносило,0
вот твари растянуть их на берёзе и яйцапоотрезать.,1
я бы попил,0
"а вы хрен пососите ,не маленькие",1
пойди пососи развеселишься очковое 😂,1
очередной ёбнутый баран,1
"у нас стиралка накрылась -- новую купили - все деньги вбухали... шли за типа дешёвой, а вышли как всегда - как муж сказал ))) вчера в кари кидс съездили -- там акция 1+1=3 купили егору к школе туфли, кроссовки и ботинки на осень -- за всё отдала 200 р. ))) -- остальную сумму списали бонусами спасибо ))) теперь буду опять бонусы копить )",0
"молодец ,мамочка !! а форма у всех разная была и пушистые и прямые , короче кому какая нравилась а мама сшила сама ,и она большая молодец !!!",0
дебилка рымка сиськатая,1
"здравствуйте! от 14500 на стойке, от 9000 к потолку, подушка по желанию, любого цвета, плетение тоже любое, варианты на моей странице",0
"дорогие друзья! овладевание новыми знаниями, поиск истины, с недавних пор, наполнили новыми смыслами мою жизнь. и теперь сворачивать с этой пути-дороги уже не хочется. благодарю весь коллектив нш былина и всех участников творческой мастерской за возможность совместными усилиями, делясь друг с другом знаниями, идти этим путем. это так интересно и увлекательно!",0
"блядище, тварь.без мужиков шагу ступить не сможете, а вам только хуй подлиньше подавай, и трахать каждый день пока мозолей будет.",1
оленевод и проститутка командуют советскими войсками,1
"коновалы, а не врачи, а если бы их дочерей так заштопали, идиоты, ни сколько нет ни сострадания и совести... вот наша доблестная медицина....",1
"хотелось бы знать кто контролирует ямочный ремонт, в частности в 4 мик.около меркурия. для какой галочки это ....?",0
"всех педафилов надо уничтожить, а ты молодец",1
пидора арестовали,1
"ну да, когда с детьми гуляешь в на рынок не попадёшь(закрыто) на вокзал далеко. и куда бежать? а цена на вокзале какая, в курсе?",0
отрубить руки и пускай продолжает жить,1
ты тварь лучше не пиши ничего за 20 лет то что сделало это власть один развал и обдираловка своего народа,1
"нищеброды, такого слова 😕 нет,не должно быть в нашей стране. мы нищие люди и пенсионеры, которые всю жизнь платили налоги. а заработали фиг без масла",0
на кол его за такую дорогу,1
"он и до этого был с придурью а теперь совсем рехнулся.больной на всю голову колхозник,не хочет терять власть.а для этого по его пониманию,все средства хороши.теперь он поставил на карту беларусь.придурок, уйди тихонько,глядишь и тебе место найдётся,где нибудь до владивостока.тебя-же твои сотоварищи в беларуси, порвут на клочки если ты это не сделаешь.",1
"врёшь ты всё, продажный ублюдок",1
те сколько платят за отсос ?:d арбузами что ль ?путинская хуета,1
"высрался? полегчало? тебя мразоту, пидорасину мыколу кто-то спрашивал? тебе слово мы давали? пиндуй накуй вна украину, если ты не оттуда и кукарекаешь🐓 говномес💩мыкола, там нет нашего любимого и уважаемого путина в.в.☝ всё всосал😜? иди накуй обтекай💩говномес, слово получишь на 8 марта😜 ☝",1
"пидарастик с чугунным очком, чего пристал? или ты престарелый пидараст? климушка, пиздуй отсель, таким как ты тут не место, тыт хохлогеев всяких хватает, ты еще тут со своей грязной жопой нарисовался",1
загубить то очень просто пидары. нашли чем хвалиться.,1
"ну если ездить таким ебанутым способом, то да нужен задний привод... :)",1
рыжему козлу место на лесоповале,1
"как эти бляди путинские достали , даже на их пидористическиа рожи надоело смотреть. твари такую страну засрали👎👎👎👎👎",1
хозяина расстрелять!,1
"сперва ручонку оторвать, а уж потлм засунуть, и не только придурку, а иже рядом стоявшим....",1
загрузилось поздравление моего солнышка?,0
цена обоих .,0
"дибилы издеваются над своим телом! 🤦‍♀️🤦‍♀️🤔 лечится надо таким людям, да почаще!",1
фашист ебаный.,1
"блять , нах пошлеш, банят, а такую ересть писаит и прикрыватся юмор модно",1
"чтоб ты сгинул к чертям, мразь ! 33 несчастья и 77 бед на весь твой род навеки !",1
о.это иногда я!!!!:d,0
вот это страна...ебан ...тся можно.,1
а так ты ещё и сосешь!!! фуууууу👎,1
в лтп эжту сволочь совсем уже ох..ели тунеядцы,1
сказано все правильно и коасиво,0
а вот это кстати правильно,0
закон природы!!! молодые всегда будут тянутся к своим ровесникам !!! где вы вилели а природе чтобы молодая самка для продления рода подставлялась под дряхлолго самца...!!! или наоборот!!!,0
давить таких нещадно!!!!,1
любим и гордимся 👍,0
сосальные отношения),1
отрубить суке руку !!!!!!!!!!!!!!!!!!!!!!!!! а лучше две сразу,1
"Получила за 20 дней . Качество леггинсов хорошее, как раз для прохладной погоды.  На рост 170 взяла XL.Мягкий, приятный к телу материал. С продавцом не общалась, но он сам сообщил о прибытии товара в Россию. Продавца рекомендую!",0
сжечь их тачки,1
а кто знает почему они так любят валериану! за рассказ спасибо!,0
взрослая дура,1
какой строгий,0
дибил блядь,1
ждём-с проставлений!!(h),0
брехуны! как работал так и работает этот ваш дегтярев!мечтаете об этом ну так мечтать не вредно а вот брехать в интернете это уже не прилично!,0
привет бандиты ипееsихле,0
пидор мокрожжопый👎👎👎,1
"в этом он и есть, наш подлый, лживый президент!! да не клоун, он гораздо опаснее, он же предаст и продаст любого!!!",1
"науй пошла ,ты уже сгинула",1
автор ты пидор или гадон????? ты гныда видел такого,1
"а че, это артист? в больших и малых театрах?",0
во пиздоболы😂😂😂😂😂,1
декаротивную штукатурку ложите?,0
этот памятник в гайджюнае в литве возле гостиницы купол,0
"дебил - это ты, если не понял что это договорняк и никаких неожидонастей.",1
"супер порода для семьи ,,, добрые , нежные , преданные собачки",0
ничего себе! это явно откуда-то сбежали парой.,0
за что будем платить?,0
че за долбоеб написал эту бредятину???,1
это сибирский медведь?,0
пиздюлей бы хороших отвесить хозяину такому !,1
"Хороший шарф, мягенький. Посылка отслеживалась, шла чуть меньше месяца.",0
"и жирик чмо, и леонтьев отребье, два сапога пара!!! это же праститутки политические, а как жирик фургала слил, прям симфония блядской души, в место того, что бы между арменией и айзербоджаном, палитику примирения висти, эта гнида на розни девиденды себе набевает!!! и когда эта тварь подохнит!!!???",1
"гюльчитай, открой личико. где растеряли позитив?????",0
"голосование будет под видео, которое будет выставлено в полночь с 1-го на 2-ое августа. лайк - доверяю власти, дизлайк - недоверяю власти. я так понял.",0
"как-то больше на горчицу похоже. рецепт очень давний,делала его много-много раз , но цвета такого никогда не было.",0
"да пидарасы все мусара,падлы и твари,а отмазки типа я выполняю приказ,не конает,нехуй было идти в мусара,лопату в руки и работать.",1
"зачем тогда заводить животное, чтоб потом как не нужную вещь выбросить. животное так же может все чувствовать, переживать.",0
наша гордость больше таких нет красоток,0
"ты мразь конченная, сдохни",1
надо будет взять на вооружение не плохая идея уж всё лучше чем колоть,0
сука когда они сдохнут,1
"о, про пидорка вспомнили!!(((",1
"пиздаболы,пишут всё подряд",1
полный дебилизм..👎👎👎🤣...,1
флуд устроили не давали играть норм\,0
куртачка хорошая ! спасибо за подарочек.подходит на ог115,0
выебнулся олень!,1
извените это ребёнок балуется,0
ты мудак застрелись. дурак безмозглый,1
ларик у до этих далеко,0
таких пидарасов надо наказывать не по закону ну дадут штраф от хуярить и взять за горло как он взял и так нормально поддержать,1
гоните китайцев корейцев с россии бейте их так же жоско.,1
пускай ее шрек ебет,1
"обыкновенный рогуль -потомок польских свинопасов да австро-венгерских холопов.. там мозга априори быть не может. удел подобных существ по жизни - на коленках ползать, раком стоять, прославлять украину и ненавидеть все русское...",1
"готовим смеси, братаны:-d﻿;-)﻿",0
этого меркадера надо было за яйца подвесить !!! а награды - посмертно!,1
вы судья или кому-то хотите приговор вынести,0
я балдею от ваших стихов,0
аляска тоже за бесценок ушла.,0
"побоялись, что десантники им наваляют.",0
для конченных чурок написано цены на стене профиля! если ты это не понимаешь что ты вообще делаешь на сайте? дрочишь на бабок 70 летних или что? придурок,1
отмажут сучёнка..... бля буду=)),1
да хули этим црберам хвать хвать бы )) и бежать за премией... пидоры мл,1
разочаровал,0
остановите землю я сойду!😱,0
а ты москалик быстро бегать будешь когда тебя омон пиздить будет? или ты смелый с дивана как шавка вякать?,1
"вообще,я не против",0
"та тупорылый баран, зомбоящик по чаще смотри и жопу своему путлеру иди лижи...",1
"именно при дорогом ильиче мафия набирала силу, особенно в союзных республиках обласкав кремль!",0
"-это кошмар...дежавю - точно... что с нами ук??? нельзя же наступать на грабли, бесконечно! уничтожат этнос, забыли, кто эти пацаны ??? ну ну....автор сумки... может повторить... беда. кто мы? идиоты? похоже...",0
"а ты судя по коментам обычный диванный обоссанец, сидишь в соцсетях целыми днями, а в перерывах дрочишьна порносайтах. отвали от меня нахер дятел.",1
"как правильно расставить домино,подскажите пожалуйста",0
"ты просто ебланша сельская, вот и агришься на всех🤣",1
"почему сразу нельзя было обследовать досконально, это как в пословице - скупой платит дважды, а это жизнь человека",0
соси хуй пидорас конченый!,1
спасибо продавцу.... пришло быстро... качество хорошее....,0
"вернут статью, расстрел.",1
"не играла соньку, а проживала её жизнь! творческих удач!",0
"усраина - недостране, вечный придаток, проситель и сосатель.",1
классно жарит девочку,1
"Качество ткани не очень. Торчат какие-то мелкие  ниточки по ткани, как будто-то грязная вязка. Вырез горловины перекошен. Талия посажена выше, не пропорционально. В общем дешевая копия, того что на картинке. За 500рублей еще можно взять... но не дороже",0
"еще как заметили. одно сплошное вранье. сегодня яблочный спас и только это удерживает меня от нецензурных выражений. вообще не смотрю новости, ненавижу 1 канал с этими продажными шкурами, ненавижу правительство и думу, расстрелять бы всех",1
уже наелись ...,0
усрусь но не покорюсь. таких долбоебов полно на дороге,1
товара нет денег нет! продавец вообще ужасный! алиэкспрес тоже твари! деньги не вернули!,1
информация из 2018 года,0
соскина анжела витальевна,0
позор стране пидорасы!,1
вряд-ли теперь можно вернуть те времена. одни воспоминания. было классно. нашим детям этого не понять.,0
сука сматри свой язык,1
пидары народа,1
так же привязать урода и оставить.,1
ты молоде,0
хочешь я тебя тирякну:o,0
хабсалом! вирод двухкомнатная кв.ям ту постанд винт. царангин условия таред?,0
проста какая-то шлухо не хочит себя лайк паставит,1
убью накуй :d,1
"всё, батька хотел устроить что то, но не получилось, наоборот сам провалил себя!!! конец теперь тебе, батька!!! уже не работает старый мозг!!! лучше отдай власть, как назарбаев, будешь в уважении!!! а то для тебя очень плохо кончится, твои спектакли!!! ты уже провалил всё, даже называя россию врагом, уже твои движение как у шлюх!!!",1
"сука,хорошо читаешь,но очень хуйого сображаешь кому служишь собака!!кого ты пугаешь хоть ты сам сображаешь??,,,,,,,",1
"группа не плохая, но в последнее время стало просто невозможно высказать своё мнение.постоянно находятся мандавошки, которые упорно навязывают свои сообщения и мнения.типа пытаются показать, что они умнее других что-ли...",1
иди нахуй животное. иди жопу сука вылежи усатому. тварь ты и дети твои такими же родились,1
совсем пидоры поохуевали !,1
была бы ты рядом я тебе всю яботину бы распирала проститься неумничай пролетела во всех выплотах теперь залупу сами сука,1
мы.алла.своих.не.сдаем...,0
ты первый в расход,0
"таких только стрелять, чтобы не плодились.",1
сколько хожено поэтому мостику. бедненький износился он тоже. постарел. а может он по нам всем истосковал вот и постарел?,0
Заказ пришел быстро!Кофточка хорошая.Спасибо,0
в алании спирт как раз самый лучший на кукурузе а пидор ты раз такое пишешь про тушенку согласна,1
что довело? ссыкло янукович! расхуярил бы с пулемётов кастрюле головых и жили бы не тужили!,1
"клара ты ебанутая, не всё же сразу делается, какие нахрен гаджеты в те времена? одежды тоже было много только почти вся одинаковая, в будущем появилось бы разнообразие, да и вообще если бы социалистический строй был до сих пор мы бы в роскоши жили сейчас, а не копейки считали и смотрели как предприниматели меняют тачки и платят рабочим копейки, и рабочий класс жил бы препиваючи, врачи учителя и все остальные полезные для общества профессии, а при нашем строе они выживают а не живут",1
"чтобы иметь свое видение ситуации - надо прежде всего владеть вопросом. а вы, простите, где информацию о дорогом газе взяли? бацька заявил? так он много чего несет про то, как его россия обижает. а по факту - и молочка белорусская в наличии на наших прилавках и даже санкционка, которую лука тащит из гейропы под видом своей продукции их белорусского моря. и газ ему до последней поры давали по внутренней цене, и нефть по дешевке, так он после переработки это все гнал на украину с бооольшим своим интересом. при этом не забывая ругать россию. а сейчас ему преференции урезали (не забрали совсем, а лишь сократили) - это и стало причиной бурной истерики. а по-хорошему давно надо было поддерживать только тех, кто правильно отвечает на вопрос чей крым?. лукашенко нет среди их числа.",0
"да этих мразей, люди уже определяют сразу и мое личное мнение, в вов они бы работали на фашистов ,,без зазрения совести,, и говорили- ну подумаешь,работа есть работа",1
а я не против того что продавать это же труд,0
блогеры вы пидоры ! нет бы помоги . а вы суки ток орете как овци,1
"уважаю, люблю талантливую. успехов в любом деле, благополучия, здоровья и всего самого наилучшего.!!!",0
вижу вы русский язык не знаете. шлюха женского рода,1
сволочи и негодяи гореть вам в аду.. разрушить такую великую страну любимую десятками миллионов советских людей,1
мразота натянут его самого петуха,1
сколько бы не прятался гнида ты сидиш на штык сын шлюхи безродный юблюдок только не надейся что проспиш кары,1
"а ты бля ,чья крыса , с белого дома походу ?",1
этих тварей так и надо учить.,1
класс!!!!,0
спасибо позвонила не нужно,0
соси у своих,1
"даша, можно ещё https://www.mirtrik.by/belita-viteks-/-belita-viteks--4810153031730~311287-1",0
михаил здравствуйте!! не один одекватный родитель так не поступит с ребёнком! а если он украл или забрал деньги это только вина родителей! и это не родители а ублюдки! таких надо на зону и каждый день хуярить этих тварей,1
защитники приднестровья в 92 году и не знали что патриоты приднестровья в лице коммунистической партии будут считать суд молдовы самым справедливым,0
"молодцы!!!а то скоро вымрет наша нация и не будет страны как таковой,,,и не кому будет прийти к русской березке...",0
"уж скорее ни одна баба ему и его дружкам по трезвянке не даёт. ну и бабы в его окружении соответственные, марамойки блядущие",1
"Это уже третья футболка , две предидущие были отличного качества , а эта блестящая синтетика ",0
отдайте на растерзание родителям этого ублюдка,1
😂😂😂я за себя могу ответит,0
"вы, кроме либерпроститутки, носите звание тупого быдла.",1
а может автор просто рофлит,0
так оно и есть!благодарю.,0
вот это охрана 🔥👍🤗,0
обожаю когда меня так ебут!!!,1
"если не секрет о чем ты хотела бы поговорить с ним? жаловаться на жизнь, рассказать о том как ты скучаешь по нему и тп? так он же теперь на время слабее тебя, наоборот нуждается в твоей заботе? до каких пор ты намерена вешать свои проблемы на кого то? пора бы взрослеть и быть сильнее!",0
расстрелять падлу!!!! чтоб вопросы не задавал!! ишь выучили его писать умеет не дай бог еще и читать могёт!,1
чат сообщения участники изначально о чо денис было ясно что толку нет о чо б брать дение о карачаевцы вера дима приветик и и хо орошо о карачаевцы и алинка учись граматике и не учи меня карачаевцы и тебя пидр мой денис а брат найдет и че очконул позвонить спиной погворить ты тока за как крыса можеш тявкать когда нету человека в сети карачаевцы и ольга ник ольга приветсвую главу карачаевцы по айпи и денис переживай вычислим не чертило сказать л,1
и тебя тут нет ! воооооо ! незадача !!! пускай слюни дальше !сучонок завистливый !!! как вас блядей путин через хрен кинул !!!!! красота !!!*-) :-d :-d,1
цена?сколько грамм?,0
очень крас ивые оригинальные даже на вид вкусные,0
внимание власти сша которой будут работать создали структуру сотрудники в русскоятакты социальных сетях от одноклассников сегментов гасеbоок тшиттег и до местных и это начало новой более мощной информационной войны направленной на раскачивание ситуации в россии цель нового медиадепартамента борьба россией в государственный информационной сфере и как следствие переворот в российской федерации основным оружием должны стать специальные программы политическая сатира сталкивание россиян для возникновения и на межнациональной почве вражды и социальной будьте внимательны не поддавайтесь на провокации внима добавляется тельно смотрите кто вам в друзья не добавляйте всех подряд админист страциям групп рекомендуется усилить проверку участников групп просьба кто прочитал поделитесь друзьями с,0
не туда не надо лучше лес валить,0
"незнаю, может украли ,господи да как можно только,он ведь тоже скучает по своим близким,лишь бы жив здоров был,у нас тут как то тоже пропадал собакоен,но большой ,маламут аляскинский, но нашелся ,сам отвязался или кто то созловредничал отвязал убежал аж в другой район бегал с собаками опознали и сообщили родителям, его забрали,очень переживали всей семьёй особенно дети .ну найдись собакен, тебя очень ждут дома и переживают !!!🙏🙏🙏",0
ольга святославовна! красотка вы наша! здоровья вам и всех благ! удачи в работе! в семье благополучия! 💋💋💋♥♥♥,0
той статус не про вас...не переймайтеся!,0
"ужас!!!! будьте прокляты, твари",1
"синтетика,на 42-44 м облипляет.да на большую грудь красиво будет наверное)",0
ебаца приполз трансгендер. мой жопу пидор.,1
"как все это могли пережить люди, ужас этот и как могли сейчас забыть...",0
геннадий белов травы травы на зайцев вы музыкальном портале нет можете геннадий белов бесплатно скачать и слушать онлайн песню травы травых геннадий белов в формате рз геннадий белов исполнитель длительность оч мв размер бо битрейт зо кbрs загружено sосб фотро белов геннадий травы травы скачать поделиться месяц свои блестки по лугам рассыпал стройные березки стройные березки шепчу липам что то припев травы травы травы не успели от росы серебряной согнуться,0
"честно ожидал от наших болшего и лучшего ведь это в вдв затоптали этих мразей ведь их больше ,глядишь и народ помог бы",1
а я просто нарезанную тыкву засыпаю сахаром тыква дает сок сок без всякой воды а о стальное по рецепту тоже вкусно,0
"вы бы лучше свои скелеты из шкафов достали, а не тявкали тут злобно по поводу очередной фальшивки. такие вещи интересуют только маньяков , пидоров и диванных вояк.",1
знатоки хуевы в позвоночник нужно бить 2 и пох с чего карабин я за оружие не щетаю с ним любой дурак убьет зверя а ты с ружьем попробуй ща не охотники а одни мясники кругом всем мяса давай охотников мало.,1
дай бог вам здоровья бабуля и дедуля,0
раком ты стоишь))),1
мусора и есть беславные ублюдки,1
"а где этот пидор усатый грудинин?я его вообще не вижу,где его участие в политической жизни страны?он вообще кто?что он из себя представляет?",1
"у урода и прессекретарь - урод.с моей точки зрения, вся эта кремлёвская и возлекремлёвская шобла подлежит полному уничтожению, вместе со своими родственниками.иначе россии не быть!!!!!",1
100 отдельная бригада купол днр присоединяется.,0
"скажи спасибо маме - сутенерше, не зря её ольга на порог не пускает, а свои отношения с мужем - тем более",0
"зашли в магазин новострой в иванове -проблем нет маски не требуют .нужно было ещё купить для работы только в европульсе .так там дебилы не запускают без масок .долбоёбы ,слов нет у них другая планета.",1
значит это просто далбаёб ..........,1
ну не просто же так слухи....,0
"пришла юбка совсем другого материала . и была очень короткая хоть и размер вроде мой ,обидно конечно ну за свою цену пойдёт.",0
"чё за еблан? я чё сейчас посмотрел?это бог над всеми?...пистолет? я тороплюсь? готов оплать штрафы? ....а я не готов дышать твоей пылью, так что будем ехать вместе со всеми!!!!!",1
"отдам даром две пары обуви на девочку 24 размер, для ношения на дачи",0
к. сожалению,0
"да уж, это точно..паразиты еще те. сколько больных людей ,а ответ почему, совсем на поверхности.ты то..что ты ешь.жрем сплошную химию.сейчас еще и прививками вытравят миллионы.безмозглое тупое безропотное стадо,вместо умных ,образованных,анализирующих людей ..что с нами стало..люди?",1
как же такая замечательная мама ни с одним папой не ужилась?🤨,0
хрюшек не надо трогать.это люди.наши родные уёбищные земляки но всё равно люди,1
"ты тут не один такой,,,,🤣🤣🤣🤣",0
что таких полевых цветом не когда не видела .,0
разтрелять.,1
"сколько уровней в новом б\м? скажите, пожалуйста.",0
позор и срамота этому уроду и параллельно законодательству нашего государству. все факты изначально были на лицо. виновен. а нет растянули резину. да ему все равно жизни не будет да же на свободе после убийства человека.,1
"старый пердун, все тёлки у него мололетки, и дуры потому что им можно песенки петь мозги у них несозрелые, 🥴",1
"благодарна за ваш труд, за ваш фанатизм к работе. хочется верить , что таких прекрасных мастеров много в нашей стране. желаю новых творческих успехов",0
"охренеть, до чего дошёл.,",0
"я бы ему судаку ноги эти поломала,совсем твари охренели!",1
убить их надо. просто дибилы.......,1
восхитительные деревья. очень красиво.,0
"добрый вечер! жара. 3 часа сортировала упавшие яблоки с одной(!) яблони. плохие в мешки (5 мешков), хорошие в 4 тазика с верхом. потом полтора часа снимала висящие. два таза и корбка домой. никто из подруг и знакомых пока не выразил желания приехать за яблочками. уже собранными и рассортированными! обычно сушу яблоки в это время, но такая жара, что даже думать противно, как сушка несколько дней подогревать квартиру будет.🍏 проблема.",0
служит в росгвардии?,0
"почти про меня. надо исправляться, уменьшить в 3 раза всех заготовок..",0
"из памяти такое не уйдет... я почему-то вспоминаю новый год... как мы, шутя, в любую дверь звонили... нам открывали! наливали и кормили! соседи просто ( даже не друзья!) а сколько песен - перечесть нельзя! и смех, и шутки - с добрым всё посылом. ни домофонов, ни дверей железных! было!...👍:) ;) :d :)",0
"его бы,как раз в клинику положили, таких не сажают",0
"мама это тот человек который может понять то чего другим не под силу, она всегда будет любить своих детей какими бы они не были! я люблю маму и горжусь ею! она мой ангел который меня оберегает!!! оберегает потому что если б не она я не знаю где был бы я и в каком виде!!!! любите и уважайте мамуль!!! ребят вы не замечание но это ангел который всегда рядом,чего бы не случилось!!!!!",0
"согласен и чем тупее человек, тем он более быдлотный, знаю не мало таких тварей, им плевать кого наебывать или обдирать!",1
блядей всё больше и больше! шмары,1
оу сердечное спасибо,0
член в рот - достал всех,1
"автор мудак, и друг его такой же конченый. травмат ему в жопу засунуть",1
пусть этого человека когда он надоест тоже выбросят но для начала свяжут и бросят в лесу . мрази одним словом,1
человек ноября ч ч все министры путинские заседатели пропагандоны и прочие члены удивительно страшны злобны необразованны и никто тупы не верил что собрать возможно всю вшивоту всю муть всех бездарей и мыслимых и рукожопов но он смог а рф они превратили в отдельную веке в цивилизацию,1
"продам домашние куриное яйцо, десяток - 50 руб т89514688640",0
шаболда !!! вот такие вот бренды как раз и нужны дому 2 !!!,1
капитан не мог писать такое. тупость свидомская,0
по телику пиарят одних пидоров прививают нам европейскую культуру так что радуйтесь вы скоро приравняетесь к европе,1
"подскажите, когда счёт будет?",0
пришла за 10 дней!!! спасибо))),0
очередь долбоебов,1
"видимо так и есть ,остались только бандиты да проститутки,а нет ещё вороватые чинуши-суки...",1
"ты скотина продажная шлюхе не трож нашего президента ты его ногтей не стоиш умный человек так не будет выражаться и унижать президента, ты не достоин нашей страны вали к своему навальному пока тебя не наваляли🍄💩",1
долгих лет и крепкого здоровья!!!,0
"в крови ефремова обнаружены алкоголь, кокаин, марихуана, в машине после дтп были найдены гашиш и гашишное масло- материалы дела. а адвокат ефремова: «наркотики принадлежат ефремову?? нет конечно!»😡 сначала напоили, потом посадили в машину, устроили дтп, да ещё и наркотики подбросили. вот гады!!!! позорище",0
отстрелить теперь ему два яйца и хрен. чтоб больше не рождалось от него поколение дебилов.,1
пошёл ты нахуй артур пидор,1
"дураку и пидору, всё к лицу.",1
"еремин! ты, ещё здесь??? а как-же, кодекс чести?",0
прочитала быстро!,0
"не заталкивать в жопу, а отрубывать по самую жопу👎👎👎👎👎👎👎👎👎👎пидарасы одним словом",1
"прочитайте, в чем суть поста. при чем здесь власти? это власти делают тупые вызова по типу головокружение, нет у меня таблеток или покраснение кожи после татуажа? постоянные притензии, то не улыбнулся, то блин бахилы не надел? наш главный каждого врача, каждого фельдшера увольняющегося приглашает, уговаривает не увольняться. власти, канеш, перегнули с нацпроектами, но и вы из пациентов превратились в потреблядей. и много специалистов просто уходят из медицины вообще. где на такую же зп нервы и спины целые. а на скорой там, где должно по гост работать 8 человек, работает 3-5. вот и делайте выводы.",0
конченная тварь.,1
вот тварь сталина на них нет расстрелял бы за такие слова вот гадина,1
сейчас лозунг: хош жить шикарноприпевая - создай партию или в религию баранов загони. опять в р.ф. новая хуетень образовалась. и тупой предсидатель очередных рог и копыт.,1
"эту боль никто не поймёт, если он её не перенёс, держитесь, время все залечит",0
охренеть! это кому стыдно. дайте- как взглянуть на эту тварь.,1
подохни уже тварь.,1
единожды предавшие коммунисты предадут снова!,0
да хотя бы минусовое зрение,0
"друг, вообще, без рук.",0
если уйдёт жириновский - некому будет будить коллег:-) :-) :-),0
храни бог тебя во все дни твоей жизни утра доброго светлого,0
мамина любовь и забота.....),0
"уже давно не секрет, что батька приготовил аэродром в киеве....",0
нормальный колхоз.,0
"одно другого не исключает. всё нужно - и современная комфортная инфраструктура, и обустроенные исторические места.",0
черножопые пидорасы !!!,1
нахуй петь!-сразу раком вставайте с хореографом заодно!!!,1
"да блять понтов до хуя. набрали иномарок а автокредиты или родительские квартиры продали или мажоры ёбаные, а копни глубже, лопату хуй отмоешь. а попробуйте повъёбывать на стройке. вот я и не стисняюсь своей жизни. она у меня такая! а не эти дешёвые понты",1
браво это супер 👍,0
где ? город?,0
ага.и живьем закопают сразу.,1
крвсавец и умный.,0
мальчик в полосатой пижаме,0
не скули киргизское грязное быдло хули ты повизгиваешь из-за угла шакал обшарпанный ?? ты никто гнида,1
"пьяная гнида убила человека,какая на...й жалость!тюрьма и только ,+за употребление наркоты.пень старый!",1
"я делала,очень вкусный.",0
моя лучше,0
конечно козлина такая.живет в германии сука.🥊,1
однозначно. ..ещё и вина за это будет именно на вас. ..,0
это не болезнь. это мразь.,1
пидор рваный,1
что именно и пишите на страницу,0
ну и рожа у этой бляди!,1
жоховурд джан эт журналистнеры кочахержакан лапаманиц огтвох арнетнерн ен тесек те вонц ен хосум ев ыраырум гюхацинерин хекаварутян дем дранк хержаробаканнери бозерн ен таканкнер ен воч журналистнер,0
давай десяток перечисляй! должен же я ужаснуться!!!))))))),0
путин говнюк 100 процентов пидор и чмо за мое пенсионное но вряд ли от него отравили это подстава в большой игре а это не честно,1
"к сожалению в вас закрыты личные сообщения, на все интересующие вас вопросы может ответить наш администратор по телефону: 8-910-03-04-007",0
смерть таким тварям,1
такие нелюди должны дохнуть от такого же без придела,1
пидор конечный что сказать,1
"ленин тоже был, якобы, проектом германии, только что из этого вышло? проект госдепа сша - троцкий тоже вылетел со свистом. так что не надо нам втирать - сами разберёмся...",0
"вышку за это надо давать, равносильно измене родине.",0
любом мммлять при хуйло ты раскладе это,1
"согласен полностью ,пиздить их надо ублюдков.👍👍👍👍👍👍👍👍👍👍👍👍👍👍👍👍👍👍",1
"подтверждаю, виртуал с хуем на полшестого",1
молодец! просто супер. ❤❤❤,0
"вот такие твари и приходят сначала в детские сады, потом в школы права качать, необразаванные хабалки. нервы людям трепят. удачи вам! и спокойной ночи.",1
из за этих тварей мы не можем остальные выплаты получить зарплату на кассе больничные остальные итд.пусть счастливо мрази живут с такой совестью.,1
"пидор, еслиб ты жил в германии то не прятался под непонятно чем. я живу в ес уже 20 лет и работаю не на стройке как большинство хохлов и знаю что такое демократия это когда голос профессора приравняли к голосу бомжа алкаша и пациента с с. дауна.",1
"почему шоп??? это есть на самом деле. я десятки раз бывал на патмосе.едем мимо..и заходим. у меня даже фото есть,как она (служительница ) высекала,стоя на лестнице.года два работала.",0
а как попадают туда другие предложения,0
чмо вонючее!!!,1
"ага ,туда не когда не дозвониться.",0
"неслучайнаякот басё светлана лаврентьеваслишком яростно, слишком ясно начинаешь по ней скучать. неслучайная сопричастность обостряется по ночам. мысли множатся на виденья, поворачиваются вспять. продолжение совпадений, не дающих спокойно спать. это карма. духовный голод по запретности общих тем. ночь за ночью огромный город перемешивает людей. люди встретились. стрелки встали. не смотри туда, не смотри. там змея начинает танец, поднимается изнутри, позвоночник послушной флейтой отвечает на этот зов… слишком жаркое нынче лето. время – спицами в колесо. слишком яростно, слишком ясно. ты услышан – считай, спасен. неслучайная сопричастность, как всегда, объясняет все. просветление – лишь сноровка вырываться из круга дней. бодхисаттва, татуировкой проступающий на спине.",0
опс сектант и здесь ему дебилы нужны а не войны,1
"ему надо по голове хорошенько дать,а не по яйцам.",1
маски всякие даже естьhttps://www.sportsdirect.com/homeware/face-coverings,0
именно созерцать !!!,0
"ну почему..нашлись ..стрелять ..избивать, травить газом...",1
малость не понял,0
"вроде взрослый уже, но ума нет. себя опозорил на всю страну.",0
"я думаю если бы была эта выплата как в июле, то путин бы провёл трансляцию о том что будет, и уже бы начали поступать деньги как в июле 1 числа пришли",0
"продавец задержал отправку товара, товар шел 2 месяца. Продавец никак не помогал. в итоге получил.Но качество ужасное, размер не соответствует, нитки торчат.Деньги возвращать не хочет.Мразь. Не покупайте у него ничего",1
омон омон ох люди вот ебло одного из тех кто тщательно скрывают морды это андрей зинукть донецкростовская мочите мразейроссия,1
изуродовали девушку этими мячами что за дурной вкус,0
ой -какой класный вид на наш город--с речки,0
"не человек решает умереть другому или нет...если мучается ,свыше кара,испытание,наказание...как угодно....,но только бог в праве решать,когда человека к себе забирать!(",0
"ой бля это че за чурка тут рявкает,ты что ли будешь что-то говорить?жерно жопый",1
"ну и рожа,когда ж ты треснешь тварь,ублюдок,не рождённый матерью что б твои дети здохли,если они есть выродок",1
да пидор ты.нацик вонючий,1
можно ваши контакты мне в личку,0
по тупой башке ему палкой треснуть надо было. чтоб.мозги на место правильно легли 🤔😠,1
сегодня должны забрать,0
тебя козлину на хер.,1
тот кто поставил эту фотку ебут ваши мозги мужики.,1
разница между хорошим днем и плохим это gое оношение к нему кбатболим позиивного понедельника,0
я тоже так хочу !!!!!!! молодец!!!!!!!!!!!!!!!!1,0
работайте братья!!! мочите соросят!!!,1
добрый вечер васса! у меня исчезли с поляны 3 краба остался только отшельник как такое может случиться?,0
согласна с расстрелять.,1
очень хочу там побывать .....,0
таким еблом только хуй сосать :-d :-d :-d,1
он за мир во всем мире хуй положил. вёл войска в афганистан. пацанов вёл на верний смерт.от него и пошла. похуистическая отношение народу.его звание щтопанный гандон.,1
чашка 15 литров,0
лучше бы съездил в больницы и садики. идиот.,1
таких родителей убивать на месте,1
вряд ли он учился ради диплома в таком возрасте😉￼,0
вы где находетесь ? в каком горыде просто отлична,0
черти ебаные,1
у тебя и у меня-аналогичная стихия!✌ 🎸 🎤 🎸 🎹,0
20 лет мировым кризисом голову людям засирали теперь карона,0
"уроды! другого слова для таких бездушных,безмозглых двуногих не подберу! ни мозгов,ни сердца у них нет! это надо додуматься так издеваться над живым существом!",1
"нет, все с домом идет",0
мало партий? надо объединяться а не делиться и дальше и больше ... вместе с партиями идущими в одном направлении уже делать дела. а потом своими волками заниматься. ну заебло. пустобрехи. самовыраженцы.,1
видать хорошо хуй у ко гото хорошо сосет!,1
пора уже расстрел вводить для таких 🦌,1
"а сейчас природные ресурсы принадлежат уже давно не стране, а кучке узаконенных воров, нам не принадлежит даже земля, в которую нас закапывают",0
"эти собачники готовы в жопу целовать своих собак 100 раз на дню,долбоебы..",1
спасибо володя,0
животное сильно испугалась что бы вам твари их в жопу за сунули,1
смотря какая бабушка,0
я добегаю,0
"суки, так и хочется пристрелить.",1
а жизнь уходит уходит не прощаясь словно никуда в небесной в дымке растворяясь роняет капелькой слова в и мне а так хотелось бы за нею не угнаться вернуть и чем то разобраться а что то может в просто зачеркнуть бы скорый нажать остановить поезд развернуть стоп кран и бы переписать повесть возможно снова новый выбрать путь но жизнь второго уходит не прощаясь не даёт шанса лишь удаляясь счёт улыбнётся и за прошлое пришлёт инет,0
так закрыла только пару дней тому...,0
сдохни палицай,1
"штаны классные,  дочке подошли с небольшим запасом,  внутри небольшой начес,  но сам материал тонковат. 
Сняла звезды за то,  что штаны пришли с браком: там где шов слишком мало ткани на припуск и были не прошиты,  и прошить сложно,  так как материал в этом месте без запаса и даже зацепиться не за что,  чтобы прошить.  Открыла спор,  но деньги не вернули.  
Хоть бы смотрели,  что отправляют.  Обидно  - деньги на ветер.",0
продаётся шкаф ц.8 000т/р.,0
сжечь телеканалы вместе с ведущими самое правильное решение! нет им оправдания,1
я бы отсосал член,1
он был самым лучшим образом наш любимый урии мы выросли на его фильмах светлая память ему николаю караченцеву,0
"это касается настоящих мужчин, а не пидоров которые способны обокрасть женщину до трусов! так что гондонище тебе это запоминать ни к чему.",1
"столько изменений произошло. всеобщая головная боль-это дороги, которые делаются в округе повсеместно, облагораживание микрорайонов города и т.д, за это нужно говорить мэру только спасибо!",0
"сколько здесь пустоголовых дур, вас вместе с ним на кол.",1
они били бьют и будут бить до тех пор пока не начнут их стрелять и страдать их семьи,1
"пинками в зад такую белку, чтобы не лазила там где не надо",1
посадить жопой на кол ................,1
"с нее прям бежит его сперма, класс",1
"он не подохнет еще долго,потому-что он не нужен ни там (в аду) ,ни в раю! напрашивается ответ -запустить его нахуй в космос,хрен с ней с ракетой!!!",1
15отличий,0
тыг пошел нахуй чорт,1
надо же - такая молодая и такая дура! в школе была наверно двоечницей!,1
"да я живу в забайкалье.и мясо покупаю у деревенских без всяких справок,отличное мясо скажу я вам.намного качественные магазинского и рыночного и дешевле,что тоже важно.а на счёт справок,вот что я думаю,власть поставила фермеров в такие жёсткие рамки своими бездарными законами направленными на уничтожение фермеров.вот люди и выживают как могут.так что нахуй всю эту ментовскую пропаганду",1
"спасибо за отзыв! всë, что мы делаем-это для вас🤗было приятно с вами работать, обращайтесь к нам еще 💐",0
"1этаж,к сожалению,не подходит (((",0
парой у детей нужно учится...,0
"от людей не всегда дождешься сочувствия, надо учиться у животных.",0
ебанасы вильни ё.п.р.с.т.,1
под скажите пожалуйста может жалобу написать,0
а как вы можете описать самую любимую погоду для вас?😉,0
"бей по морде батька этим глобалистам,мы с тобой.",1
"песня классная, так держать!!!",0
а этих стрелять,1
ну нельзя так ! они просто ебанутые!,1
кто мою так сосать будет,1
печь на улице что-ли???,0
почему то протестующая молодеж имеет внешность задротов,1
"не надо меня судить если напишу резко и может быть зло. таких тварей на месте кастрировать надо. ну поймали бы его и осудили. за примерное поведение дали удо. вышел и сново за старое. у меня правнук, я бы сделала то же самое, что под руку попало, то было бы у него на голове. а парень молодец, настоящий мужчина. только немного силы не насчитал.",1
"девчата, по бутерброду догодалась;)",0
на один трансивер или не более 120 ватт можно подавать..,0
есть себе люди которые несут в рядом мне счастье с ними я будто обретаю хорошо как я крылья готов горы свернуть когда все эти рядом как люди будто рассветает становится ярким и красочным а жизнь приобретает смысл но моя жена их называет и ебаными алкашами о ч о,1
кгиzепsнтегп ргеss да генерал плять полковнии ща ему башку прострелю малчать и подход мля отход комиссия а еще будто бы злые языки утверждают танкисты войсках вовсе не когда то в танковых служили а в мчс что бред за,1
при выпечки всё и изменится и тогда посмотрим на эту красоту,0
"хабаровский край хороший, и люди там наши, родные россияне, но... ребята, хабаровчане, пришла пора выбирать..... кто мы с тобой ??????!!!!! орлы или вороны..... скажи мне, чего я не знаю. покой пролей в мою душу. ведь счастье не за горами — оно там, где его хотят. зачем же мы потерялись среди историй ненужных? надежды не оправдались, никто не виноват....... по дороге одной, но в разные стороны. кто мы с тобой, — орлы или вороны? скажи мне, кто не ошибся, не сбился в жизни ни разу; кто первый остановился, когда его несёт? ломали нетерпеливо, в упор не слушая разум. хотели, чтобы красиво, а получается всё наоборот. по дороге одной, но в разные стороны. кто мы с тобой? орлы или вороны? решать только нам!! кто мы с тобой????!!! орлы?????!!!!! или вороны????????!!!!!!!!",0
"Доставка быстрая-единственный плюс.
Платье тонкое! Не на осень даже, а на лето. Таблица размеров не совсем точная, платье великовато. Карманов нет, это ""обманка"". Длина на рост 165- ниже колена. В общем я осталась недовольна, т.к. заявлено,что платье тёплое.",0
какой нахуй склон и девушка? хуй он и в африке хуй.,1
это пишет несчатный человек. начинаешь читать еще логика. а потом бредятина. просто одинокая личность.,0
извините фото не умею выкладывать приходите смотрите пожалуйста,0
всем доброго утра!🌺 🌺 🌺,0
"этот дектярёв,кореец конченый,как и ввп.едросы конченые,уроды,расстрелять всю единую россию!!!",1
"опять чуркобес,стрелять сук надо.",1
"уже страшно подумать что за сюрприз, не зря он с турками любезничает",0
этого уёпка привезать самово !,1
"великолепная актриса, дай бог ей здоровья крепкого и всех земных благ 👍👍👍✌.",0
а пледы стираете? цена?,0
планета в надёжных руках иранем в належных bаках,0
😂😂😂им ничего не платят... они просто ебанутые;),1
это средство хорошее.у меня от соды под нимается температура нужно принимать с осторожностью,0
вы прихуели что ли дебилы,1
а поправиться я скажу вам рецепт самое главное нервы не злиться ни нервничать ни думать ни о ком плохо всегда все проблемы решать спокойно если кто то вас обидит все прошайте не зацикливайтесь на этой обиде ну и конечно режим питания вовремя позавтракать как королева а поужинать как нищая будьте здоровы,0
в наше время к сожалению таких (мамаш) слишком много. уничтожать надо мразей.,1
ебланы уидет лукошенко у вас не будет тракторного завода,1
"смелый, молодец!!!",0
умничка!!! какой молодец!!!,0
а как снято. это эпоха!!!,0
вот что мы до путина пережили,0
"чё то не пойму , его моют или красят?",0
да работала я отроботола 2 недели и мне всё невыплотили и работала неофициально,0
"зачем сажать и кормить их пидоров пожизненно? повесить показательно, или расстрелять.",1
знать никогда!!!,0
рамос пидор ...благодаря грязнее игры рамоса реал проигрывает...,1
"мерзкая бабенка не повторяйся , придумай скудным умишком своим что-то новое 😆",1
"был тут один адвокат недомерок. тоже все хвастал, что по молодым бабам бегает. так вот такие моральные уроды как вы, можете только шлюх за деньги в подворотне трахать.",1
темопу что же вы пидарасы украину на напали мою,1
"вижу проснулась ещё одна королева преступного мира,под басяцкой погремухой мышь... начинай молоть...почитаю",0
пиздец беларусь......,1
чмошники слов нет,1
это не мужчины и даже не мужики .это дебильные идиоты .одним словом мрази....,1
уже не надо поздно😭,0
"можете телескоп из школы магии дать, а я вам манго и дружка.",0
мойся пока бесплатно,0
паскуды спят а деньги идут,1
голову в жопу запихать надо. и руки оторвать,1
а вот тогда и пусть зеленый фантик станет просто зеленой бумажкой для туалета ).,0
"сука!удавила бы её на месте!порвала бы,тварь!!!справилась с ребёнком,уррродка!8oi",1
в з днем народ ження инозая лиа и,0
найти суку и придушить саму как гниду,1
огромное спасибо! познакомились и с вашими мальчишками.,0
милый котик зачем его там бросили,0
"Нормальные трусята, на свою цену. Не тугие. В одном месте дырочка по шву, не прошито или не проклеяно, но я не привередливая,- зашью. Шел заказ почти месяц.",0
"через браузер сбербанк заходите, нажимаете на карту, и внизу будет графическая выписка там и будет показано",0
торрагона однако родной . город,0
"стрелять надо всех думцев , это паразиты на теле народа!",1
"да чтобы он провалился,алкаш !",1
"хм. странно... говорит, что после школы дают деньги, а родители узнали о деньгах и объявились. получается он закончил школу- интернат, раз он с деньгами... и тут же говорит, что убежал из интерната... как то прям, что-то не то.... постановка какая то, что-ли...",0
пидоры бородатые,1
"мы просто люди. ошибается тот, кто не живёт. забыть нельзя, но уроки вынести пожалуй нужно. никто не совершенен,но стремиться к совершенству всё выше и выше....",0
не будет войны проживем!!!! я все на это успею зароботать...,0
"вот тварь какая, уже не помнит, дурочком прикидывается.",1
"мы ездили в сторону р. великой... немного не доезжая, отворот направо не доезжая базы авитек...",0
где продается квартира район,0
"зачем им дворцы?они в кремле жили,большинство",0
почему все рвутся во власть но все делают против народа который их выбирает сидят ради наживы сколько же вам надо когда же вы господа наедитесь подумайте о простых людях и нужно идти до конца чтобы этот беспредел был наказан надеемся что может область вам поможет,0
...есть такое!)),0
какой педарас тебя переделывать успела.лучще свои маму показивай.,1
доброе утро. собираюсь в магазин доче обувь покупать в школу,0
если долбоёб то это надолго не надо казаться слишком умным это не излечимо,1
я бы этих пидорасов вообще всех разогнал нахуй,1
здравствуйте. напишите цену пожалуйста,0
сколько верёвочке ни вейся...,0
а ты поп гапон заткнись свою родню агитируй,1
бедный ребёночек 💙 пожалуйста пусть тете повезёт 🙏🏼 грусняшка..😢,0
это же ребёнок спрос с матери с родителей а этому ябы руку сломал пидору за своего ребёнка,1
"мы тоже случайно узнали что со дня на день должны были усыпить собаку, не долго думая поехали и забрали его, пацану полтора года. теперь ждём когда он придёт в себя. оставить у себя нет возможности, уже есть собака и куча мурмят. будем пристраивать в добрые руки.",0
ох какие сиськи,1
"а не будет слишком жидким фарш? а то хлебушек с молочком, плюс картошка в блендере ещё и яйцо?",0
повесить батюшку за член на церковном шпиле,1
"здравствуйте. напишите, как с вами связаться.",0
обторканый чувак!!!,1
да да хлопайте в ладоши пока чюрки режут русских будим их в жопу целовать😠😠😠,1
цена велотренажера и до скольки кг,0
надо громить эту церковь присосались сволочи,1
"ты уже как по часам - просишь чтоб перед сном тебя нах.. посылали. уговорило: пшло на хуй, чмо. получило удовлетворение? ну и чудненько, давай ка пидор в игнор до завтра, бояры не забудь втетерить - а то заистерило опять - лезешь и лезешь, а мне скучно с путлопидорами",1
эту бы мрась ....за шею👎,1
пиздить засранцев!,1
чтобы тебя падла так дубинками отхуячили!сиди в стойлеи не вякай. баранам слова не довали! гори в аду!!!,1
"сиди молча, кочерыжка🦧🐾 такие пиздуны завистливые, как ты, ещё больше бы нахапали🦧🐾🦍💨💩💩 зюган сказал:коммунизьдил, коммунизжу и буду коммунизьдить!🚩🏴‍☠️ зюг🚩🏴‍☠️хайль🖐😡 👇👇👇 https://vk.com/wall-190952640_16",1
не надо его стрелять его опустить надо в центре поля.,1
люди у станков не рискуют заразиться вирусом,0
добрый вечер девушка в город москве находится пишите меня не,0
"этих блядей расстрелять,имущество передать под детдома!!! семьи на урановые рудники",1
"не пиздите пожалусто, эдита пьехать , заслуженная советская актриса и певица. но не сраной россии.",1
им что этим тварям делать нечего как только расстреливать малюток таких а сердце не дрогнула у таких...,1
идиоты у власти,1
"но там вроде, разобрались, эксперта на хуй одели, но посадили ли эту мразь, которая сбила ребёнка, во дворе на скорости 45-50 км в час, при положенной 10, я не знаю, ве сейчас, корновирус, сирия, украина и ещё в сякая х.... я",1
"это блядь, чудо природы. он ни хрена не знает. и хата у него в бункере. потому как, мразь несусветная.",1
давайте что нибудь новенькое уже))),0
"повеселило за референдум , хуйло говорит военная операция а они проголосовали и опять распятый русскоязычный мальчик 😂",1
а где тогда шнур или кабель генератор и.т.д..,0
"интересно,прочитает бабушка ваши поздравления? она,наверное,целый день сидит в обнимку с компьютером,чтобы получить от нас эти лайки?! доходит до смешного!",0
здравствуйте ирина! пауки - опасайтесь упустить какое-то выгодное дело. покойник - к перемене погоды. если кто-то из родственников - помяните.,0
партизаны форму не носили. это наверное сын полка!,0
"на больнице женщина с кремлевки привозит 2 раза в неделю, домашнюю сметану, молоко, творог",0
"фи, проходите мимо, особенно про сосать у всех якобы патриотов супер получается.",1
прекрасный топ. темно-темно-зеленый цвет. на ОГ 93 подошел размер L. доставка за 14 дней,0
вы бесстрашны ва крас вы от ны праздником вам к лиу береы с голубые вд в вы ежност над о д кем во ужес сима и вд в вве и сказано эиим рас иих и девант поздрабляем мы ко служии и кто влух ит сейчае си мужест ва и вам пожелаем и храки вае господь прудный чае,0
спасибо что рассказали эту историю,0
этого чмошника в интернете смотрят тварь и провокатор,1
такую ребенка как можно бросит ее убить надо ее,1
"слушай ты в натуре что ли ишачий пидор, раз по себе всех равняешь закрой пасть хуем воняет тварь конченная.",1
ещё сука огрызается. тварь подзаборная,1
пидорасы-педофилы-наркоманы!!! отребье рода человеческого! они могильщики нашей цивилизации!,1
вы не продали ещё? я заберу,0
тебя бы я так трахнулбе,1
"тебя кроме секса что-либо интересует\\\. или нет, проблема?! с внуками все в порядке, ебут таких как ты!",1
врятли?! долбоёбы!!!!!!!!!,1
"девочки, поздравляю с победой! урра!",0
скажите пожалуйста это серебро.?,0
ни гей а пидарас!!! всё правильно вольфович говорил!))),1
спс большое я снова в игре,0
нужен!!!,0
это жизнь всё будет никогда не будет так как захочешь ты быть так как должно,0
дочь галя спилась,0
жопа костьявая 👎,1
"это было и в советские времена, и в любом санатории, детском лагере. всегда было такое и есть в любом государстве мира!",0
осталось с неба нам фигу показать,0
но жидовня опять куй араба отсосала. ))),1
блин не успеваю,0
"кровать, да!!! как-то не очень! а всё остальное очень мило!!! дом очень светлый и уютный!!!",0
"я тоже пошла бы в наблюдатели. опыта нет, но хочется мочить эту едросню!",1
дарила такую сестре младшей...,0
сдайте её за деньги люди приезжают сами обрывают,0
хуй соси долбоебина тупая,1
батька надо всех оппозиционеров посадить на кол!!!,1
красавица очень похожа на отца счастье ей.,0
"стесняюсь спросить,а каких методов пропаганды придерживается российский маршал пропаганды, он же вечерний мудозвон и многих других определений обладатель????",1
ему только и убивать беззащитных! позор!!!,1
импортный говномёт!!!,1
вы всё в этой жизни видели??? может что то проебал и???,1
в узбекистане была команда стрелять всех беженцев на границе . это разве не голодомор !!!!!!,1
"людям горе, эти долбоебы смеются. я охуеваю над людьми.",1
"это не укладывается в голове. невозможно поверить в то, что делают вроде бы люди.",0
все как я люблю... про узбекистан забыли:-$лук то хорезмский ...зв мир за дружбу между народами...за братство...как раньше💯,0
"спасибо, александр,все правильно.но эти придурки не умеют и не хотят видеть хорошего,им хоть лоб разбей-будут гавкать как все плохо.",1
эту уродку в тюрьму по-жизненно...,1
по чем черника?,0
"ну,тупые ваши друзья,ну,тупые!в каких психушках вы их собирали?!юки",1
позорище врачам.бездушные кто их держит в этой больнице.. позор.,0
"руки им отрезать по локти и без наркоза , и может быть найдётся ещё один урод и зашьёт так вашу дочку !!!",1
рубашка тёплая  красивая  ткань плотная  строчки ровные  ношу 46-48  рубашка не впритык я так и хотела спасибо продавцу беру не первую рубашку  и не последнюю  советую продавца,0
троль...иди в жо..,1
"на органы пидоров , а лучше сжечь тварей .....",1
"кроме пехоты. у меня её тут полтинник есть уже пока хватит, её я ставлю только тогда, когда турнир по накоплению войск идёт",0
от чего ты грустна моя милая тебе милая чего от больно унылая что ты снова такая чем ты вечно пизда недовольна,1
пидорв за все ответ будет потом не скулити и палец в жопу себе не сайте не поможет животнве,1
ты поторопись! ok.ru/video/1910223802658,0
продажные ублюдки.,1
"прочитала этот анегдот,он хоч и старый, но я действительно знаю такого пацана ,что его так и зовут.кобель вася.",0
фуу...голубые розочки(tr) :|,0
"как она надоела эта безмозглая шлюха, способная только ноги раздвигать не более, от нее уже тошнит(((",1
валить таких мразей сразу с порога!!!!!!!,1
их самих прибить,1
беларусь передала украине список с именами боевиков задержанных чвк х о,0
греимсссиии.,0
дать им пизды!,1
"бросил, гад. убить его мало.",1
блять ну заебал.,1
"а зав. больницей с силиконовыми губами каждый день выступала, как у нас всё нормально 😄",0
а ты где в жопе сидишь,1
"в смысле, это вместо шампанского?",0
я очень рада за детей и за него конечно тоже.земного счастья всей его семье и вам.,0
юбка бомба!!,0
"неудачный слог - не за старость разлюблю. это утверждение, что разлюбят, но за что то другое, а не за старость. правильнее написать - не за красоту в тебя влюбился, и в старости не разлюблю...",0
я хотела бы попробовать только член мужской 25 см думаю как раз для меня с моим очком,1
стрелять!!!!!!,1
хуеплет тебе что надо уебень толстоголовый к вам не кто не обращался,1
"сочетание красивое, но ярковато.",0
уши это всё,0
"можно ведро ,где можно забрать и когда ?",0
иа таяковые за танкистов,0
еби всех в рот.ты пиздатая до охуения,1
продам 16тыс вопросы в лс,0
"ты где пдд учил,который фонари хотел побить.себе...опу прострели,таких как ты бить надо,сядь на фуру и проедь.",1
всем служившим в 254мсд огромный привет. особый ап в фертёде.,0
растрепять суку нахуй два разд,1
"я нет, а ты я смотрю долбаеб, что тебе везде менты мерещутся....",1
только такие цвета остались...,0
"а ещё есть рецепт это забрать деньги у друзей экономического гения,а друзей расстрелять...,да и гения тоже!",1
где такого пиздабола взяли..суть не может обьяснить..,1
кого вы удевили что он движок перебрал. в ссср все в дороге их переберали. и до сих пор перебераем когда прежмёт. типа диво.,0
у меня и сейчас он в кошельке и чирик.,0
"такую мамашу расстрелять надо,собака умничка",1
"если ей вставить в очко и она его сожмет, то это ампутация",1
"очень красиво, где можно приобрести такую же",0
"это правда, зачем так сами живут твари на 10 тысяч в месяц и мы на них посмотрим, правильно?",1
от электрочайника.,0
"как я понял, саложопый это ты",1
"молодец, какой- же молодец!!!!",0
скучаю! любимый город!,0
"Получила вторую юбочку! правда, чуть дольше по времени шла,чем первая.... но всё равно- качественная, клёвая...мммм...продавец замечательный!!!! всегда пишет, отвечает, размер посоветует! спасибо! очень приятно,я счастлива! буду ещё заказывать!⭐⭐⭐⭐⭐",0
"продам 2-х ком.квартиру,район сму,тел.89080205181",0
хорошее усиление в атаке👍👍👍,0
да не им а родителям по самое не могу этим долбоебом поздно,1
"это действительно живое существо,или прикол😀тогда вы меня удивили",0
"тебе чё пидораски клок ебучий надо?, ты что на людей кидаешься? президентского хуя опять обнюхалась, падаль кремлёвская.",1
сучка конченная...,1
очень интересный рецепт спасибо,0
повесить этих тварей,1
теперь всю зиму деньги считать будит,0
убила бы того кто снимал,1
"Мягкая плюшевая кофта, швы не все ровные, но в целом впечатление это не портит",0
говнюк! свора говнюков безработных бомжеи!,1
"ты чучело обосраное, тебя мать когда рожала, головой на пол уронила, ты кроме как отсосать у кого-то, ни чего больше не умеешь, даже писать, только сосать, потому что у тебя мозг как у канарейки.",1
сжечь к хуям. коктейль молотова туда. и гори все нахуй там и все.:) :),1
"прелесть, королева!!!!",0
"придурок! не нужна, отпусти! не можешь отпустить, убей себя!",1
"молодова, какой батл, когда ты как шакалиха в толпе гавкать пыталась?!)))",1
а вот мерой общения с женщиной вы просто демонстрируете свое мужское достоинство,0
ну просто ветерок...) ну немножно побаловался...!!! и почему она проститутка....??? бред...!,1
"меня не радует общественный раскол в стране и очень сильно огорчает это при таких делах ясно , что толка не будет народ наш расколот во мнениях надо , что то делать с этим , потому как дальше ничего хорошего не будет впереди у такой страны великая и огромная страна в хвосте всего мира - разве не обидно это за .что мои два деда погибли тогда ради салюта или парада наверно ради нас ныне живущих и будущего наших детей и внуков не нужны им ни венки , ни салюты сегодняшние они ушли с верой в то ,что нам оставят жизнь достойную на века , как эстафету мне обидно ,что страну мою в иждивенца и инвалида превратили беспомощного думал ,что свою жизнь закончу в радости и спокойствии , а нет не получится кому может сие положение нравиться ? да ясно кому кто безразличен к судьбе народа и родины",0
что за мудак это выставляет в погоне за классами? в задницу тебе классов напихать,1
"Заказывала платье к новогодней фотосессии. Переплатила за более быструю доставку, написала продавцу просьбу отправить побыстрее, чтобы успеть к срокам. Продавец якобы пошёл на встречу. При этом якобы отправил товар в последний день защиты через 10 дней). Указал трек, который не отслеживался, ещё через 10 дней я открыла спор, и чудесным образом трек «заработал» и по нему стало понятно, что прод отправил его только после открытия спора!!!!! До этого кормил обещаниями или смахивал все на непонимание и плохой английский. Конечно же, платье шло очень долго (не смотря на платную доставку). Ужасный запах, дыра на рукаве! Спасибо, али, вернули деньги! Продавец отстой! Хуже нет ",0
и где его искать???,0
граждоне лебирасты. заебали вы словом /отставка/. на виселицу окупантов и предатилей.,1
"8-918-1625502 юферова галина михайловна, большой опыт работы.",0
"ох, миша, не хрена, ты не понял. это я дебилу, который это выставил, разве можно такое спрашивать?",1
да да обещают по сей день ☹️,0
"интересно где это чмо образование получал, хам конченный. глаза аж из орбит лезут от злобы что расстрелять всех не дают.",1
"убивать нужно этих змей, питонов, удавов.и.т.д. от них только одна угроза.......",1
"если нашлись дебилы такое придумать, то и матери такие найдутся!",1
преданый друг!!,0
я твой мамин череп ебал 👉👌;),1
молодец какой!!!!!,0
запишим так и растрелять ееsгвsлеd,1
"хуесос, скажи мне почему ты так часто рот открываешь неужели клиентов меньше стало?",1
пусть ещё по отпечаток пальцев зделют,0
в натуре хуепутало!,1
"а представляете,чтобы они могли сотворить,если бы были нормальные стены и крыша ?)))",0
я думала по поводу фр. в этот раз рано 3-6 сентября. но что-то мне боязно ехать из-за кв. у нас в городе прирост больных самый высокий по стране на количество жителей. и все привозной... так что я дождусь лучших времён.,0
наши хомлины прелестны)))🤗😍,0
"в 6.00 сегодня вода снова стала.на звонок в водоканал,ответили,что вновь,якобы, порыв в новосветловке,воды не будет до устранения аварии.как уже это вранье задолбало народ.чего они добиваются?мало того,что устроили всемирную рукотворную аферу с какой-то там идиотской,типа,пандемией,все с ума посходили,готовятся,как идиоты,как стадо баранов,ко второй волне,скупая дезсредства и намордники блядские (и на вакцинацию побегут, сто пудов, с песнями и пританцовывая от радости),так еще и воды нет постоянно,что является самым главным.",1
а вы что в таёжном живёте? а раньше это когда? когда на лошадях ездили? детей сейчас в школу на автобусе в тайгу возят по такой дороге.,0
"не думала что кофт А окажется такой суперской!!  Я в восторге ! нет ни запаха, ни торчащмих ниток , мягкая к телу, нигде не висит , сидит идеально, отправили быстро",0
"ну если на все хватает и все счастливы, то почему вам должно быть стыдно🤷я бы не сиогла не работать, я в двух декретах сидела, в общей сложнос",0
"у таких одна установка: кто не с нами, те отморозки, вшивые блохи, воры, предатели, фашисты, подлые наймиты (в зависимости от ситуации - западные или российские), которые только и ждут, чтоб все распродать, разворовпть , набить свои карманы и свалить",1
"если вода дисцилированная, так ничего и страшного",0
"это на 3_хб сколько сахар,соль,и лим.кис?",0
"сломать палец и засунуть ей в одно место , и больше не повторит .",1
цветы неба- незабудки нежные,0
чю жени так трахнуть?,1
могу продать велосипед под восстановления за не большую сумму,0
газета арсеньев,0
а ты просто крыса безмозглая ! я с тобой нормально вежливо а ты тварь понимаешь только когда тебя тварью называют не отвечай читать не буду !!,1
хорошие легинсы. внешне очень теплые. все как на фото продавца. шло до тюмени около 3ех недель. рекомендую.,0
"анна, спасибо за добрые слова!",0
сука прямо в дырочку)))),1
"ебан....я сучка ,её надо заноги привязать и разорвать,что бы не повадно было такое говорить....",1
всё понравилось и почти всё правильно назвала . ура !,0
"чудесный,красавец......",0
вырасту отомщу,1
"хамло в наморднике, два слова связать не может ..... и эти ч.....ки устраивают судилище ?????? и над кем ???? платошкиным ????? куда мы катимся ?????😳👎",1
"добавь, я в лс напишу скину",0
"уважаемые господа! россия теряет союзника. это - геополитическая катастрофа для россии. мы почти навсегда потеряли украину. не стишки надо сочинять и про батьку шутить, а задавать вопрос, пусть и риторический, но отражающий гражданскую и патриотическую позицию граждан, высшему политическому руководству россии: почему это происходит!? почему в окружающем нашу страну геополитическом пространстве хозяйничают наши геополитические враги!? почему они обыгрывают вас в политической борьбе постоянно!? что делает ваша разведка и дипломатия!? где ваша политическая воля!? где внятная внешнеполитическая стратегия!? до каких пор вы будете решать свои корпоративные интересы за счёт национальных интересов нашей многострадальной родины!?",0
а ты гавно . откуда взялся ? пиздуй ослоеб.в свой кишлак.,1
тебе до меня ещё жить да жить идиотка без мозглая,1
заподные ублюдки.где посадки?,1
"ну очень красивая,,,,,,здоровья тебе. зайчик на долгие годы,так держать,,,,,",0
"ткань,как у подкладки,тонкая,носить не буду",0
ольга браво тебе так держать умнеца ты и димка .,0
"была у гениколога, сдала онализы на гармоны и рак. сказала готовиться к операции по удалению кисты в скоре. что ещё анализы покажут.",0
здравствуйте. 2100 с торгом.,0
песня за душу берёт. исполнение супер. браво.,0
"L хорошо на 100-77-99, но и М будет хорошо, L сидит по фигуре,  но не сильно в обтяг. на рост 171 ниже колена на ладонь. доставка 16 дней, принес курьер!",0
ты что старая тварь вместе с горшкомтоже еба..лусь умом уже?,1
"насколько далеко от москвы вы заезжаете в поисках экспонатов для обзоров? суть в том, что работаю в музее старых мотоциклов в челябинске. порядка 150 экземпляров. все на ходу... впрочем возможно мототехника для вас в прошлом...",0
я каждый год мариную маслята по такому рецепту- на 1кг грибов пол-стакана воды полторы столовой ложки соли пол-стакана 9- процентного уксуса лавровый лист перец горошек гвоздичку . в кастрюлю влить воду добавить уксус и соль и как только закипит добавляем грибы убавляем огонь и варим 10-15 мин. за 3 мин до конца варки добавляем 1 чайную ложку сахара лавр лист душистый перец 1 гвоздичку. выкладываем в стерилизованные банки и закатываем. оставляем до полного остывания. получается очень вкусно.,0
этот тоже не нравится?:d,0
передайте привет пидорасам которые придумали программу слива за бан в чате месяц в бане 47% побед до бана 55 % в 20 к боев и после этого вы говорите что мы не вмешиветесь в процесс игры? вы че долбоебы? или нас за долбоебов держите? ебитесь вы конем с ывашей честной игрой,1
это не его указ лошара тупая - конституцию читай потом позорься,1
да люди могут люди а вы крысы можете,1
"та пусть уходят эти хуеносцы куда хотят или их уводят, или что - то там ещё! баба, запомни, если твоего мужчинку можно увести, то гони его нахуй от себя и как можно скорее и подальше! тут надо только бога поблагодарить и в ладоши похлопать, что избавилась от мусора в доме!",1
"я честно говорю, не знаю на сколько это правда.... 😞 за что купила, за то и продаю",0
"да, когда других аргументов нет, в ход идут маты и оскорбления.",0
природа какая... никем не изгаженная,0
"вот бренд какой то, у меня знакомая с онкологий глубоко верующая женшина, болезнь не выбирает",0
"от чего угодно,только не от стыда.скорее всего просто спрятались в чечне от своих делишек в москве...",0
"россиятебя люблю, моя россия!ты мне очень дорога.сыновей своих растилабыть защитой от врага. много раз тебя пытали,много раз тебя и жгли.свою землю отстоялинашей родины сыны. много ты перетерпела, много ты перенесла.не сломила вражья сила,и ты снова расцвела. не дадим врагу проникнуть -у нас мощная страна.кто придёт с мечом - погибнети получит всё сполна. ты, великая россия,наша сила, наша русь,ты врагом непобедима.да, тобою я горжусь!",0
"пидор вонючий! разорвать суку на части. привязать его к машине.,ебанушку.",1
а то у нас скоро и работающие насиление будут есть собак и кошек. как в блокаду.,0
гомосексуалист ! и не скрывает этого! гнида!,1
семейка нищих пидорасав и проституток,1
"туда многие ушли. я, например, публикую свои заметки там - времени дублировать их в группе большая знаменка в одноклассниках просто нет",0
в пизду эту хуету,1
уже раньше вязали!,0
как трогательно!!!,0
"кто вам сии глупости внушил? федеральные российские каналы и сми? ещё одна (извините) овца зомбированная, пастухом довольная... на заклание готовы?",1
пидр переходина лич,1
лет 12 избавляюсь от него и никак не получается все выпалываю но где то что то остается и по новой,0
зачем расстрел. сажать к гомосекам пускай ебут.,1
судить это мягко растрелять как предателя родины и народа,1
вот так и надо отмечать эту дату а не устраивать парады память в нас,0
твари продажные...,1
"водитель гимнаст?после таких переворотов кабины,там как минимум кмс спортсменом быть надо.",0
долбоёбы всякую херню пишут для дебилов,1
"не болтай и успокойся уже, хватит нервы мотать.",0
"ну что , вот и я. скучновато что-то у вас тут, разворошим гадюшник. привет всем и адекватным и нищебродам хуйлопутекам! ваш гений падла ещё не загнулся? ещё не совсем обобрал своих тупых и безмозглых рабов?",1
"всем привет ! )) я сегодня уже на работу вышла, вот отработала.",0
"боже. спаси от этой партии единой россии, никогда не будем выбирать идиотов, враги народа все людям пакости одни вред, и все что есть самое самое ужасное придумывают",1
по поводу кредита это к герману грефу 😜,0
я делала в том году мне понравился,0
"хотя если подумать,кто-то очень сильно раскачивает лодку,вот кто раскачивает их бы к стенке поставить!",1
"спокойной ночи, ларочка!",0
хорошее лекарство от всех женских болезней:),0
шоб они усрались когда назначили мне пенсию в18 году,1
"это что за сволочье - очевидцы. не поверю, что ни у кого не оказалось огнетушителя! за то у всех оказались в руках телефоны и время на съемку! да здравствует водительская солидарность!!!!",0
"было объявление об овчарке, бегающей бкспизорно, на военном городке.",0
"нет, много от чего. но там мужчина, малик зовут. татарин кажется. у меня знакомые ребёнка возят к нему со слухом.",0
разбирались потом. но....вытащить человека...ты блять попробуй не вытащи.....позор!,1
да так надо и делать,0
мужской заповедник --пишет нам какой то недоумок матершиннник с интелектом на уровне половых органов и пидарасов...пиши что нибудь по умнее и по смешнее..,1
"путин вор ,ничтожество и хуесос",1
"везде пишу.хватит грабить нашу страну.мрази,жрите не 3горла,а в 33.может,подавитесь.хватит безмозглых обещаний.очнитесь,идиоты,которые у власти.",1
теперь отлично!,0
"извините что влезла в разговор,попробуйте кисель жидкий дать",0
инструктор далбаеб который подарил китайские носки газ вообще то с права а тормаз по середине,1
до гилмора не тотягивает...а играют даже ничего..ну пинки нико небыли в монголии !!!!,0
язык ему надо вырвать а потом продать ему же,1
"цвет не как на картинке, вместо "" розовой пыли"" , "" молодой поросёнок"". На рост 170 коротковато.  чтобы оголить плечё, нужно быть  ну очень худым.с продавцом не общалась.Модель для очень худых! Есть запах.",0
"переворот начнется только тогда, когда ты уродец во главе пойдешь😂😂😂",1
"и всего-то,все действия доступны и правидльны,а то напишут немного и надо перейти на ссылку, а там ещё и вирус. спасибо вам!",0
потому что у армяцев нету нации они выдумки сиганы из болгарии румынии или боснии,0
сам ты пидорас и хуесос,1
и я такого мнения.....я с вами девочки заодно!,0
"Короткий и порван верх,к сожалению. ",0
вот по этому нужно брать оружие и стрелять эту падоль и их близких,1
"ура! спасибо большое! вот дождалась этого волшебного пенделя, чтобы начать грамотно тренироваться, начать уважать свое тело. очень хочу заниматься йогой. еще раз благодарю!!!",0
"моя племяшка тоже уехала в москву, теперь хочет обратно... хотя и работа у неё там хорошая, и зарплата... а дома - лучше!",0
где можно приобрести эти сборы травы,0
ебать ебать,1
сниму квартиру или комнату. обращаться по телефону 8 913 784 8564 - зоя николаевна,0
ну так и отдыхающие быдлота,1
пидеров отстреливать,1
сожрёт,0
"и не только лохотрон, ещё сорвать экономику, безработица, борьба с бедностью, то есть уничтожение разными способами и т. д.",0
китай.сдесь снимали аватара,0
"не, я вас пидаоасов не ебу. я не по тем делам. то тебя бомжи на вокзале)))",1
"приветик, нина. у нас тоже жара. вчера похоронила хорошую подругу, что заходила к ней с леса, попить кофейку. 2 инсульта через неделю. просто осиротела. .....кручу салат с кабачков, с лисичками. сделала салат огурцы в горчице. и не надо было, но не пропадать же овощам. капитально ремонтом кухни ещё не занимался сын. ждём петушок, вырыть траншеи и заделать кольца для канализации. в лес не хожу, сухмень.",0
утапить суку в месте с рыбой,1
89132146703 сегодня откачали.,0
я на отдыхе.,0
это не вдв это пидоры в тельниках,1
пошли на хер .хватит впаривать и дурачить .,1
откуда у вас такие данные? законодательно установлено 4800*),0
а где комментарий???,0
тварей только вешать,1
рома захар пусть разберётся чё хочет бьёт свою девушку быдла,1
"отрубить этому ментяре ногу,которой пнул котика!!!",1
5 литр сколько стоит,0
ну мразь... а не мужик и это стадо стоид любуюца... здаровья девочки.,1
я мужчина порядочный у меня по порядку все сегодня одна завтра другая,0
"ты, калчаковская подстилка, вообще на хуй похожа. крокодил симпатичнее будет.",1
уроды поганые не живётся спокойно,1
добрый вечер! извините вы не передумали покупать телевизор? если нет напишите свой телефон я перезвоню,0
он гнида педараси и продажная козел,1
курящие не интерисуют её пощла тогда на хуй,1
"рукотворная красота... очарование простоты, волшебство искусства ❤",0
расстреливать воров надо!!!,1
нарожает же манда дураков(md) в коротких костюмчиках.....,1
не стыдно шакалье называть гвардейцами?,1
пиздить блядво малолетнюю,1
с ноги этому фуфелу ещё добавить,1
лоре ооо ооо уважаемые жителиш зо оо в доме енисейская з дом корпус произошло нападение с ножом на женщину в лифте по информации сми это уже не первое нападение последнее время одно из которых унесл жизнь женщины убедительная просьба не пускайте проявляйте бдительность паши людей смотрите в имательно кто новые посторонних подъезд и не ходите по одному соседи агнитный замох вас обращать внимание на электрама также просим него как злоумышленники клеят на подъезд так входной двери бы закрывалась что дверь не лейкопластырь домоя видеокамер в подъездах размещения отреть вопрос просим рассмо данный вопрос с назрел омск к комфорт администрация ооо хочешь тая к пят шмом омск,0
утончённо!,0
"золотые слова сказаны, всё идолжно быть так👏🙏",0
четвертовать падаль.!!!,1
"Доставка 8 дней, очень быстро. Трек отслеживался от начала и до конца. Ковточка очень понравилась нитки не торчат, рукава одинаковой длинны, запаха нет, но главное что хорошо подошла, мой бюст 103. Миленькая такая, очень нежно смотрится. Очень хороший продавец!!! Все бы такими были!  Этот товар рекомендую к покупке!",0
таких пидоров к растрелу.,1
дерьмо он и его поганые песнюшки.терпеть не могу это быдло,1
смотри чтобы ты не утонула),0
"сахарные помидорки боже ж ты мой!как я люблю такие помидорки!мечта! наконец-то сбывшаяся. девочки, нашла в прошлом году рецепт. закрыла 10 литровых банок, пожалела, что так мало сделала. помидоры очень вкусные!!! ингредиенты и способ приготовления смотрите на нашем сайте http://naquhne.ru/recipes/100722/saharnye-pomidorki.html?t=1655",0
"за яйца этого урода подвесить, и чтобы висел пока не сдохнет.",1
"Майка норм, небольшой запах. Заказала  не тот цвет, просила поменять, продавец сказал ""Ок"" и выслал неправильный цвет. Майку рекомендую, продавца - нет.",0
по лунной дорожке пешком в гости сходить на луну,0
"междусобойчик натуральных (и подставных) идиотов. адекватных ваша секта против соловьёва не настроит никогда! знания, эрудированность, правда, справедливость, аргументированность - всегда будут брать верх над наговорщиками и враньём. браво соловьёву, бьющему словом по шобле русофобской и их сектам!",1
ссылки не активны😢,0
"макс, правильно делаешь, и говоришь, бросай этого транссвистита, и обрати внимание на других девочек проекта, ты же симпатичный парень, навига тебе это уёбище сявка.",1
сисиси.(показывай) *-),1
а что такое блядь и проблядь,1
"это человеческое отношения к людям , боже мы живём в рабовладенческом строе.",0
"этих тварей, которые так поступают, родила не женщина-мать, а волчица...",1
ягоды или кусты продаете?,0
"луховинь,почему у вас такой низкий уровень вашей деятельности!?",0
"ещё раз-страна идиотов.👎👎👎многие не планируют,а сидят.стремно.👎👎👎",1
а ты за пидараса ещё и отсидеть должен будеш.,1
если эта тухлодырая овечка своим обдолбаным небольшим от природы мозгом нихуя непомнит торчек обоссаный то это его неосвобождает от параши🤨,1
и всегда найдётся какой-нибудь фидарас который будет лизать опу провителства ..,1
"курва русофобская! лягла под хохлоуёбков, шалава позорная!👎 👎 👎 👎 👎 👎 👎 👎 👎 👎",1
белов что ты суконце имееш против ссср тебя родили бесплатно в садиках пестовали бесплатно учили в школе в институте бесплатно и вот выросло такое гавно недовольноессср,0
"с такими как вы социализм не построишь , потому ,что вы вносите смуту в умы народа . скорее всего вы являетесь пиздаболом , а не этот журналист , который всегда освещает правдивую информацию .",1
льнов зопото гундяев увидел истинного бога,0
"какие симпатяжки, от любви расцвели 🌹 🌹 🌹",0
«грёбанный икебастус​»,1
на посаси блядь может попустет,1
расстрелять всех на хрен тварей.,1
"этот щеночек бегал по дсму во дворе шолом-алейхема 121-4корпус,подкармливали его по мере возможности... такой ласковый, контактный малыш...",0
ево шею вытянуть урод,1
папа у вас идиот такое счастье потерял. мамочка умница да ещё и красавица. счастья тебе моё солнышко.,1
светлая вечная память иикии,0
фото на паспорте так не клеится,0
вопрос зачем нужны эти дормоеды,0
хочется спросить у властей : в нашей стране помогать не кому что-ли? совсем ничего для своего народа ни делают.,0
у нас уже давно в выборах разочаровались.,0
потомственная пиздунья,1
"мы нет, это вы сами питайте мхом и превращайте в оленей, а потом из вас оленей поджарим шашлыки и скушаем!!!",1
ты тупой я твой рот обоссу и дерьмо будешь жрать лукахолоп,1
а это стадо олигархов в думе знают что в стране есть детские дома и дома престарелых?! или уже все уничтожили?!....,1
....и установить эту технику в рамках металлоискателей для любителей на площадях шабашить.... с трансляцией на экран на стену чтобы все видели....,0
это две единички которые стояли рядом с пятёрочкой. чтоб перебрасывать единичек на петёрку муть.,0
вот тварь выдернуть этот палец и вставить в очко,1
"мудрости тебе, беларусь!!!",0
"на эту свинью даже смотреть противно, не то что его пиздеж слушать",1
утипути вафля ты)))) давай шалава вставай раком мы тебе ножку от табуретки в твое рваное очко присунем. 😜😜😜😜😜,1
повесить гниду !,1
а эдуард эдуард это ты жополиз ну вот беги лизни имамиеву. может зачтется.,1
"молодец,надя, поздравляю,так держать!🌹🌹🌹🌹🌹",0
мы кнопка запихать о хvев врот гадмину ио со,1
да это машина ездил в70х на ижах а мечтал об урале но ижака еле до стал ито через чаьанов иначе было не купить ито с переплатой в казастаге,0
группа шлюхи,1
ебать хряк вырос пора и мясо!,1
"угу актуально стоун,твердыню уже докачал счас докачать склады и шахты адамантовые а тогда войско заряжать и качать уровни для улучшения ранга для начала апологетам",0
рашисты - тупые твари!,1
высер сталина:d :d :d растрелять на хуй всех вас,1
сдохни от рака мразь...,1
тварь! кастрировать!,1
научите их хуй сосать,1
моральный урод.,1
а что путин говорит на это??- можно мне в двух словах- спасибо!!,0
какая красота просто сказка.,0
шароварник кастрюлеголовый.,1
нет в тюрьму ненадолго на кол как при царе,1
понравился тембр . хорошая песня.,0
сбербанк чек по операции сбербанк конлайн операция карты на карту перевод с дата операции мску авг оо время операции мску з о б документа номер ввб статус операции успеш выполнен но сумма оперуции оооо оо руб комиссия ооо руб отправитель оз иг получать тель чоов карты телефон получат теля б об б об б код торизации ав о получать тель платежа дмитрий николаевич платеж выполнен е,0
"в думе 90% - тупорылые, без мозгов и тормозов...им такое наковырять за несколько часов сидения в думе, как два пальца об асфальт...пусть сначала приучит своих детей... что наверно с успехом и делает...а сам-то к алкоголю как?... :-( (md) 8oi (sr) :( :( :(",1
мужикам надо платить нормальную зарплату для содержания семьи.,0
"нет, не бензин, а кремлёвский плещивый чмо заебал.",1
гореть в аду тебе сука!!!! и выблядкам твоим...,1
"эти бляди в погонах, уже всех заебали, мрази..",1
бабы не любят пидаров... все дело в этом,1
"марына , подмахивай тогда , когда ебут",1
"тайга сынок ,доброго человека прокормит а вот злого не пощадит",0
"так она сама нищебродка.что у неё есть?ничего кроме бедных деток,которые будут отгребать её славу.кто она будет после проекта?нищебродка.два лентяя и лгуна.",1
"лото-это счастливый случай. может будет, может нет. мой сосед выиграл дважды, причём разрыв вовремени небольшой, а теперь много лет покупает билеты, но увы.",0
свистунов не палками бить нужно а давить танками как давили продажных чехов и венгров,1
"30 лет республиканцы разгромили, ограбили страну, из -за них страна оказался в нищете , и 30 лет молчали, все беспредель терпели и хотите чтобы все сразу было все на свои места",0
кол ему осиновый в жопу,1
мой.член.28.см.хотите.,1
как эти сплетни надоели он один наводит порядок конечно осторожно ниу еще нужно жить а кого бы вы поставили конечно я не за ч то депутаты за наши налоги жируют.,0
",просто нет слов все такие милашки, акак характер.",0
в аду им гореть,1
шкура и пьянь как ярмошина,1
вперед бригада💪,0
"я стираю их в посудомоечной машине ,вместе с посудой.",0
вот пидор! его суку нужно к стенке!,1
"конченый дебил и шутки дебильные, таких уродов только отстреливать,чтобы не было такого",1
согласен!!! расстрелять!!!,1
вы заебали это говно распространять этих пидоров тоже сажать надо и на долго,1
"пора самим их убивать. власти до наших детей, дела нет.",1
немного не пойму ваше рассуждение.,0
да это моя мечта.,0
понедельник н д 18 ковпак 09 12 2019 трефилова 17 02 2020 заярнюк 22 06 2020 кульченко 06 07 2020 косенко мишина 20 07 2020 чернова кулешова 03 08 2020 https://i.mycdn.me/i?r=ayh4irpq2q0otwifepml2lxr9pzuy9j1dtw65zmciiloeg,0
может не в россии автор живёт?,0
автоматическая есть в наличии?,0
даже прарок так сделал,0
пидор конченый что ещё можно сказать,1
"шорты хорошие, доставка супер быстрая, порадовала..на 44р отлично",0
"как был хуйло, так и остался.",1
этому уроду нужно вырвать яйца и скормить их его матери.,1
а каких орехов то??,0
судя по словесному поносу - ты точно русский.гордись собой быдло.тьфу.,1
"какие правильные слова, даже добавить нечего! жаль только, что это истиная правда!",0
в спартаке нужо всех оставлять в этом будет фишка спартака,0
куплен весной. состояние отличное. батарея держит хорошо.,0
"я так люблю твою улыбку, твой смех, искрящие глаза, что напишу на все сюжеты, как ты моя, моя, моя! и это ожиданье будет, томить меня и день и ночь, мне говорят иди послушай, как у других идёт любовь. а мне не надо обещаний, и клятва вряд ли даст тепло, и далеко от всех признаний, твоё коханное: ещё. я улыбнусь твоей улыбкой, пусть будет скупо ну и пусть, твоими помыслами чудно, я устелю к всем звёздам путь. и в мириадах звёздной пыли, найду одну твою звезду, и может мы потом напишем, как мы поймали хвост судьбу. опять мы будем огорчаться, когда разделит нас судьба, наверно надо не прощаться, а говорить в свиданьях: да! и тысячи отблесков солнца, вдруг высветят тебя одну, ты исключение из правил, а я неправильный - люблю!!!",0
"счастья тебе с любимой девочкой, от души!!!",0
"мразь, чтоб ты подавился...",1
козел таких надо зажать по русский нормально не может говорить и ещё спорить полицейским такие уроды позорит приезжих,1
в рот я ебал эти ок в рот сосут суки бля три часа мол ждите решим вашу пролему да срать я буду на ваши проблемы хуй вы мои решите пидарасы свои решите ебанутые ок бля вро твас все ебал,1
"у нас в магазине, где я работаю, висит огромными буквам объявление, чтоб входили в масках. прям напротив их тупых морд. 15- сантиметровыми цифрами время работы магазина. но,бляха,дергают ручку до и после открытия. входят без масок. а нам штраф 17000 гривен,а это три месяца мне бесплатно работать. ну, чем не бараны?",1
ты еще не ушел на хуй падлюка ты кацапская баклан ты опущеный,1
кому как(,0
советь сволочи потеряли дрянь,1
это в бузулуке ?,0
главное найти в жизни человека который разделяет твои увлечения,0
"потому что вина ещё не доказана, судебное разбирательство ещё не окончено, эксперты хуевы",1
"кто то обворовал пенсионеров и спокойно уехал с деньгами за границу и живет в свое удовольствие !!! а люди преклонного возраста сейчас должны мучатся ,стоять в огромных очередях под полящим солнцем ,что бы получить свои свои копейки , как вы считете это нормально !! почему не наказали этих людей и пишите фамилии кто украл деньги?",0
Качество не очень((,0
"Классная, просто классная! Заказывайте смело, замечательная майка! Посылка дошла за две недели, отслеживалась. 10 звезд!",0
"зачем штрафы ? может сразу , как при хрущёве в новочеркасске расстрелять . совсем охренели депутаты .",1
"Действительно качественный хороший товар. Спасибо большое, очень довольна! Рекомендую!",0
"и самое страшное в этих фильмах показывают какой уровень коррупции у ментов(не могу сказать что все). и это показывают во многих фильмах...как в одном из фильмов-белые придут, грабят. kрасные придут грабят. и куда бедному крестьянину податься...?",0
всех вдвшников с праздником. вы это сильный щит страны,0
"нелюди, будьте вы прокляты в веках.",1
кнуренко - петух ты крашеный ! живешь за границей вот и живи пока живется.... бандеровец долбанный ...еще что-то рассуждает ...,1
богородица спаси нас грешных .,0
"какой красивый , большой, аппетитный член, я бы соснул его",1
"чудесное платье, красивая невеста,семейного тебе благополучия, рукодельницая!",0
"кто из наших, может хотя бы половиной хвастануть?!!ублюдки охуевшие!!!😤",1
спят в госдуме.стрелять надо тварей.надо оружие.умереть за народ не страшно.,1
четвертовать на хуй!!!😎,1
шлюхи с яйцами..,1
этот конь моего родственника😁,0
его надо сразу к стенке и принародно чтоб другим безмозглым была наука,1
почему только украинцы?! они идут у нас в кильватере!...,0
в деревне в помойке-)))))))))))) идиот если деревне так плохо живут то и в помойках нет ничего - твоя фантазия на уровне паха и не более того так что возьми лучше хер обратно в рот и занимайся своим любимым делом тупое животное гы гы гы гы гы гы гы,1
такси межгород тоже вы?,0
"старый пердун, который исчерпал свой запас, как трюковс тасканием женщин за волосы, обливанием водой из стаканчиков, так и своего словесного поноса.",1
старый пидераст!,1
гандон совсем охуел!,1
"не успела достать из пакета, как все затрещало и прелипло к телу, оно ужасно электрезуется, не знаю как такое носить, на вид красиво а ткань не пригодна для носки(((( я настроенная так ждала эту посылку (((",0
это же пидор! кто его выбирал??????,1
"неужели те ,кто это делает не понимают что сами себя уничтожаем ,сам человек должен понимать уничтожим природу,воду погибнем мы все...",0
"здравствуйте. заходите в группу- смотрите альбомы в наличии, наличие уточняйте. раздачи в донецке и в макеевке, в другие города днр и лнр - отправка почтой донбасса, наложенным платежом. заказ свыше 1000 рублей- доставка за наш счёт.",0
вопросы...вопросы.... на прямую не пробовали позвонить???вам там на прямую ответят)))))...,0
"заткни свой поганый рот своей трубкой!!! что ты знаешь об этой породе , что ты знаешь о владельцах этих собак?!! кто дал тебе право так отзываться, в первую очередь, о людях!!!! заткнись, ничтожество!!!",1
а как так получилось?,0
это не мать а тварь конченная,1
"вот из-за таких какашек- пидорашек народ не может жить по человечески,,, живем как сволочи. для чего нас и дрессируют, как в фильме соотвествующего названия пусть гондурасы знают, что мы люди, человеки, а не народец, черви дождевые!!!!",1
"а можно и не класть, а просто перед выходом на маску побрызгать спиртом с 2-х сторон. и так повторять каждый час😁",0
"убогое, ты называешь нациком других, хотя само придерживается нацистских взглядов..зря помешали гитлеровцам... может было бы спокойней на земле без жидов-гопников...",1
этой файрузихе нассали в ее ебало ..она и злая была на него ... после этого она имеет право 😱сидеть жрать в хате ...за одним столом ....?,1
"вы просматрели программу в гостях у сказки, перед вами выступил оле лукое. вертел зонтиками, для плохих детей зонтиком черного цвета, а для хороших, как артем николаевич, цветным, тоесть радужным, так как а.н пидорас.",1
👎мужык вирни дитятку мами ато скоро пожылеешь где взял туда верни небудь мразъю🔐🕒,1
"судить тварей надо,что делают за деньги.",1
пусть подыхает это гавноигра,1
"а разве не подчиняются?ведь многие и до сих пор ходят в масках, некоторые даже в перчатках по такой жаре .я уже не говорю про 9мая и бессмертный полк ,белоруссия отметила день победы, респект лукашенко,чем мы хуже.просто невыносимо стыдно перед памятью предков они воевали за наше будущее ,а мы выходит струсили и превратились в стадо,которым очень легко управлять:(",0
неестественно.,0
такую мразь ни чем не испугаеш её надо привязать к двум лошадям за хвост руками к одной и ногами к хвосту другой лошади и разорвать публично на красной площади чтобы другие посмотрели и задумались что говорить за народ.,1
войдот😂,0
2 не нравится? ok.ru/profile/573268456787/album/902437178963/897984231507,0
ты походу отбитая дура как причем вся чмошники моль,1
"за такую зарплату ,должен соответственный обьем рабоы!?? а что же полезного сделала эта депутат!?",0
"пускай сидит сука, всю жизнь и гниёт там. а убить его это для него не мука",1
сукины дети!,1
а кто и для чего собрал всех этих дармоедов?! чтоб через думу проводить нужные! для верхушки законы!,1
"наказать эту проститутку... чтоб запомнил на всю оставшуюся жизнь, очколлиз!!! твасрь!!!",1
какой президент што мелеш ебнутая,1
"от тебя блокировал не по-тому что не мог ответить.........а потому что ты тупая зануда ,как не ответить тебе ,всё-ровно не поймёшь как устроен мир...........",1
"баба ебанутая и мужик тоже, лучше ей ебало так раколатилбы.",1
хуй тебе на рыло а не деньги,1
а я точно орала расстрелять и повесить?,1
да это всех нас поздравить с устранением очередного дибила ..)) на время как коряга съебется с горизонта.. ну или будет мелочью пытаться укусить..)),1
"как узнать,когда я смогу переехать туда,куда хочу?",0
расстрелять пашу? ok.ru/profile/533573036877/album/852153328973/862189800781,1
ебал его сестру,1
"их бы на нашу пенсию в 10 тысяч , наглые морды .",0
"этого, шныря америки. давно надо загнать под нары?? сука , делает умную рожу. а пресует народ.пидараст сраный?!!",1
"боже мой! путин, ну, какой же ты пиздобол. свет не видел таких. за такое количество вранья, ты достоин книге рекордов гинеса. 👎👎👎",1
"скорее всего, опять какой-нибудь урод возьмёт себе на утеху, посадит в тесную клетку и будет показывать таким же как сам уродам",1
"оплата в 09.52 31.07 на сумму 315,7 с карты 2718 энгрос 34",0
питерский и путинский шобляк продолжает набивать карманы...жрать и ртом и жопой !!!,1
пиздец полнейший😨,1
какой он король ? он балтун пиздаболь.,1
слышишь овцы бык базар фельтруй чучело кого ты чушок там ебал врот ебоное пуголо может ты сученок и пидофил сучара,1
"отписываюсь от этого пидора ,терпила ебаный ,за таракана ублюдок начал жевать ! мразь !!!",1
владимир кониев вечные вся либершизная дерьма свидомо лента блядей та майданутых что в соплях от хабарвска как то резко перестала белоруссию и про визжать что то пошло не так не майдана получается таперича им плохо россии сейчас и им плохо они плохо будущего в живут и этой стране них нет страна не и развита ну не для них она что тогда в ней делают,1
этим пидоразам в рот ебать надо.,1
"ты не урод, ты убийца и ублюдок.",1
"здравствуйте, хотел бы вступить в кооператив или просто вместе играть, добавиться в друзья для совместной игры",0
великий вратарь реала! спасибо за все!!!👏👏👏💪👑,0
"дааа , такой же хуесос",1
пришло чуть больше чем за 2 недели качество синтетика на моей ноге чуть растянулось ну нормально.,0
коровяк и зола не совместимы. только по очереди спустя несколько дней.,0
да и не бацька бацькам называли машерова это был человек который заботился о народе,0
потому что чего хочет женщина-того хочет бог.,0
с днем рфждения егепика,0
"здравствуйте,артурецкий!поставьте пожалуйста клип полина гагарина-спектакль окончен. спасибо ☕ 🍨",0
скинь сюда мож комментарий вылетел,0
молодцы !!! настоящие мужики пора давить этих путинских опричников а то они все берега потеряли только и умеют в толпе махать дубинками иуды продажние,1
а я против электроудочек,0
"в белгороде, были перечисления сегодня в 8.35",0
"пошли бы вы на хуй.... (вместо лайка ,пойдёт..?????)",1
тварь недобитая.,1
ты придурок я пол года в чечне спал по три чяса это ты хуйло,1
"показал то,что потом сосать будет!",1
:( :(как жалко малыша... в чем его вина...уроды родители !!!:-(,1
"владимир, здравствуйте.как называется эта птица?",0
"на хрен ты кому нужна ,,,даже своим хозяевам с пендосии,,,",1
"добрый день! тоже варила варенье из абрикосов. почти все так как вы, только в автоклаве держала 10 минут при 100гр. банки 0,5литров . уже неделю стоят в комнате все хорошо. крышки не вздулись.",0
"ты только прыщей на жопе можешь давить своему партнеру,исчезни поролоновый.",1
"доброй белой ночи, любимый город!!!",0
"ну пиздез такие умные пропагандисты как и если он у власти 20 лет он уже великий человек??? идиоты гитлер у власти был примерно столько, он по вашему тоже великий??? за это время население великой россии сократилось на 30 миллионов. в этом величие вашего хуютина. россия поссорилась со всеми дружестевенными странами даже с продаёт газ братской белоруссии по 126 дол. а германии по 54 дол. хотя германия как бы враг и внесла санкции против россии. в этом величия этого пищдабола путина?,?проснись великий русский народ. ты заслужеваешь",1
несколько день назат воевали с абрикосом и топтали абрикос в россию. а сегодня показывают как с тот же абрикосы делали компоты и показывают всем .голодный азери🤣,0
подлили керосину в огонь- теперь путинским овчаркам пиздец,1
это ж еб твою на хуй блядь... обалдеть!,1
"Платье супер,по качеству соответствует своей цене,нитки не торчали)",0
ул. красного октября район первой школы. прошу 1 400 000. торг при осмотре до миллиона продажа срочная.,0
мука дешевая дрожжи копеечные вода есть и лень есть а добро делают не просят одобрения а просто делают:-(,0
беседа в одноклассниках?,0
"вот из этого парня вырастет настоящий мужчина, добрый и порядочный человек!!!здоровья тебе и удачи по жизни!!!",0
"у меня школьное образование, училище, ивгу, а что толку, работал на стройке, быть может если бы после третьего класса было бы платное образование, ушел бы на стройку раньше. и денег уже бы заработал еще больше. я забыл свое образование как страшный сон....",0
за все100 руб,0
"в сегодняшнем эфире эта тупорылая типа перепутала значение слов « чечевица» , « шелковица» и « ежевика». ей ромка пол часа втюхивал что чечевица это не ягода а бобовые , так эта перекошенная чучела не знает что такое бобовые!!!! пока ей не сказал ромка что типа горох это!!!! чем больше она на проекте тем становится тупее. рожу перекраивает но мозги утекают🙈🙈🙈🙈🙈",1
твоя мама просто супер!,0
"наказание должно быть самым суровым, как во времена чингиз хана. обоих на кол посадить, живыми! электрический стул или расстрел будет слишком мягким! так же на кол педофилов и никакой им пощады!!! возможно, тогда многим нелюдям будет уроком! оставить на площади на всеобозрение пока не перестанет дергаться! жестоко, но справедливо! в казахстане, почти каждый день, новости по tv начинаются с об изнасиловании малолетних детей! всех на кол! ворам и коррупционеров - отрубать кисти рук!!! особенно ворам-чиновникам, ведь они обворовывают свой народ, которых считают своими избранниками! может тогда до сознания шакалов что-то дойдёт! беларусь- не отменяйте смертную казнь!!!",1
книг всего 8,0
что обосрался? сам ты дрянь дерьмо!,1
куплю картриджи dendi и sega б/у недорого писать только в/л,0
брехня канешно!!! только не как непайму в чем смысл???,0
путинские шакалы- смердящие👎,1
"невероятно,просто обалденно,мальчик-талант!",0
эту тварь надо посадить 8oi,1
напрасно мудрость думать что старости приходит в мудак возрастом не становится с мудрецом он становится старым мудаком,1
тьфу блядь.смотреть противно,1
лучше бы написали закатывал ли кто по этому рецепту,0
очень классно👍﻿,0
привет юлия в новосибирск позвать не могу но сам к тебе приехать смогу я с тюменской области а родом с томска,0
"интересно, в каком дурдоме поймали этого клюрика? сперва на себя посмотрел бы! урод!!!",1
добрый день бойцы))),0
"нет ивану нет петру, дрочит прямо на ходу!",1
конченная дура.,1
"интересно, а как быть русским? крым для русских тоже историческая родина. и так же для многих других национальностей. здесь скорее прослеживается желание стать правящей нацией. это нездоровое явление. живем же все вместе. и дальше можем жить. в мире и согласии. честно, не понимаю в чем сейчас ущемляются права крымских татар. может и неправа, но это мое мнение.",0
ты че пельменей обожралась? чучундра!,1
прочитала что нужно 6 лямов союзных палочек на новую союзную полянку.... мамочкииии,0
вместо руки в задницу голову затолкать по самую шею.,1
"шо не рожа, то серожа,шо не сергей,то гей....",1
"в фашисткой германии при заключении брака вручали майн кампф,достойный продолжатель",0
вот с кадырова и нужно начать ! с ослоеба и полевого командира!,1
тогда в следущей жизни там былоб не плохо сдачу забрать ато платить по полной и чтоб что то было вложено не порусски вам спасибо модератарам доработать услуга общая я на 133 уровне до 150 как долуны половина сапов там где то должна быть интегрирована кнопочка,0
женские сериалы длинные 2016- 2020 _ подпишись https://ok.ru/group/54168690557160/video/c1351400 ok.ru/video/c1351400,0
еби горбатых косых кривых бог увидит пришлет пиздатых,1
"ерунда, в этом году попробовала--- всходы были позднее, росли плохо, самый лучший способ по старинке в землю",0
"классная писька, когда трахаешь всё будет видно, а не на ощупь",1
а м и н ь !!!!!!!!!!!!!!!!🌺 🌺 🌺 🌺 🌺,0
"придурки,не трогайте котика!что вы его дергаете?а если вас так?",1
"ну вот, придётся теперь еду самой покупать 🙄",0
ювелирно нежно мы давим на другое )))на жалость просто давим ))))),0
чтоб скучно небыло и однообразно.,0
слон играет в кёрлинг.,0
зато теперь все знают для чего нужны деньги,0
вот это дружба.,0
"б.я!а эта выскочка америконская, валила бы обратно в сша свое,тоже мне актриса ни рожи ни голоса!",1
умничка золотые руки.,0
дом не продали посмотреть можно,0
расстрелять принародно,1
"там же болото, зачем землю там брать?",0
не сволоч а пид......с.штопаный мразь.,1
заднее колесо скоростя надо настроить,0
ну работал же чтож вы недовольны то,0
ещё и косая пидра эта лишай😂,1
эту тварь давно уже надо было раздавить размазать,1
классно!надо попробовать!,0
"поздравляю с днем рождения и желаю ,вам здоровья и долгих счастливых лет",0
вообще уничтожать этот народ нужно,1
из б и мира ветран ч е не видят в украйне какигх фашистов на видит эту стрч ом страну назьрают страной дураков,1
"правильно. нечего их кормить в тюрьмах. убивать этих тварей и ни какая кастрация им не поможет, они только озвереют.",1
"отличная рубашка очень качественная (без торчащих ниток и каких-либо повреждений )
Ужасного запаха нет, пахнет обычной новой вещью) 
Доставка до Иркутской обл.,
две недели)",0
"он чё, б#дь, счёт вёл???!!! записывал , когда и с кем??? ... уёбок!!! а если у этих женщин спросить, то окажется, что - 💨",1
спасибо оромно и,0
"я люблю россию, люблю русский народ, я сама русская, но то, что показывают на фото, это ужас!!! поэтому, когда про нас, русских, говорят, что мы свиньи, возразить нечего. возразил бы, но язык не поворачивается. потому что, такие вот фото, далеко не единичные. живу недалеко от границы с финляндией и приходилось там бывать часто. так вот там, отношение к инвалидам, к пожилым людям очень человечное. какие там дома для престарелых и для людей с ограниченными возможностями, нам и не снилось. почему, в государстве, не имеющем столько природных богатств, такое возможно, а у нас нет? всегда задаюсь этим вопросом и так обидно становится за свою родину, за своих обездоленных людей!",0
уверти аллаху которые нас создал 999 в ад направится 1 в рай от 1000 людей,0
до слияния кама длиннее волги.........,0
"также обивают кресла и диваны адрасом, стиль икат",0
класссс!!!,0
"отдыхать , не видеть людей , господи , как же это страшно когда человек хочет жить среди зверей , а не людей .",0
как же ебанулась наша дума вместе с долбоебом у руля,1
молодцы товарищи 👍👍👍👍👍,0
"вот такой я купила, а так там разные были.",0
"останется, еще живут люди и мы приезжаем. дай бог! ну конечно, былого не вернуть! но память то у нас ни кто не забирает. помним, нашу красавицу! богатую на добро и людей! а так кто знает, может придется еще и вернуться. в жизни всякое бывает.",0
спрей торнадо,0
сволочи воры поганые у власти,1
"пидараз ебучий, убил человека и отказывается от своих слов. просто проститутка",1
вот и до кошек добрались. геноцидить так всех живых тварей.,1
модератор зачем это,0
стирильность на уровне!🙈,0
"а разве сейчас по другому? только вот в ссср остальным жилось гораздо лучше, чем сейчас. в россии остальные за чертой бедности! но из москвы это не видят. да и первые в ссср жили по скромнее. хочу назад в ссср!!!",0
"но пипец... мир перевернулся верх дном, куда катится? и кто разрешает в продажу такое - вы что, ебанулись совсем?",1
"как же ты одинок , одинокий припиздок жизни :)",1
да очень горько и грустно но правда,0
"по всему школе надо требование шк.форму,,,так было очень удобно и красиво,,,",0
"почти ,как у того японца - сикоко стоит? глаза стали круглыми, когда услышал - сикоко!",0
и кого тогда нужно повесить первым?,1
"дружественных, чисто сердечных пожеланий!",0
здравствуйте! а какой возраст кошечки?,0
да этот пидор ряженный нарвется и получит по полной.гандон.,1
"деньги кончились, а бесплатно не кто не хочет с кастрюли на голове ходить.",0
я бы его грохнула сразу же :d :d,1
сука а не мать животное,1
с праздником братья,0
не разгонять а растреливать,1
в очко своё немытое засунь свои ссылки,1
"пузо отрастили на наших харчах, блять и быкуют сцуки!!!!!",1
"его жалко, пока ты все не потеряешь! мой деф снесли, и я спокойно стал ходить по локам тяжем. но я знал что локи у меня залиты хорошо, поэтому не боялся!! тем более на своем секторе я по квесту иду за вторым кушем так сказать))",0
вы знаете бабы блеать вы сука что единиц боли сущес вало сущест твует будет олько всё блять с аlт и dl засбали нахуй остить хуйю для рs если обычный знайте что удар по яйцам боль в б dl и равен б рожденным детямили зо слом достойный ответ,1
"заказывала два платья в день распродажи.одно из них пришло быстро
.а вот второе было отправлено совершенно в другой город.и его получил другой покупатель.открыла спор.целый месяц продавец пудрил мозги (((не ожидала от такого магазина бренда .Али экспресс вернул оплату за второе платье.в магазине очень разочарованна",0
я то знаю и не только это. а вот ты тут утверждал что знамена гражданской и вов одинаковы,0
"до 1956 года били этих гадов, бендероввцев, это их выродки. я не росист, но была бы моя воля я бы им устроел асвенсом. что бы, нормальные укроенцы хорошо жили. петя козел, и зеленский пидор.",1
хитрый лис-воришка,0
да хороший класный актёр 👍,0
идиотка генетическая ты,1
расстрелять и не более,1
"кто не будет носить маска, будет повешен на длинной веревка! тьфу.",1
"как всегда найдётся во всех смыслах пидорас который начинает поганить имя великого человека. сам конечно этот пидорас для страны ни хрена не сделал, а только ищет для своей раздолбленной жопы удовольствие. да пидорас матвеев ?",1
🎁 класс!!!,0
"даааааааа в 1979 я учился в строительном училище номер три в кишиневе по тимошенко.....каждые выходные мы ходили в турпоходы, после занятий собирали свою дискотеку тоесть паяли сами цветомузыку,,,, в шесть вечера я убегал на тренировку в трудовые резервы занимался борьбой дзю- до, а после ужина мы как то пришли посмотреть как занимаются танцами у нас в столовой,, конечно мы приходили смотреть на девочек....,, нас руководительница бальных танцов дня три уговаривала записаться потому что не хватало парней........,я это все вспоминаю и понимаю что мы жили при комунизме, там где нам хотели только хорошего, а мы этого не понимали........... как мне жаль моих внуков,,,, даже просто за то что они никогда не поймут что такое бесплатно за счет государства...",0
все мы девочки... все мы чьи-то... 😔,0
"чтоб этого урода,кто поступил так с щенками завязали и выбросили на свалку😢😢😢",1
фантомас расбушевался,0
"за моральное унижение пенсионеров стариков они уже обязаны выплатить не по две тысячи,а по двадцать две !",0
батька херачь их на хрен,1
пидор....мокрожопый.,1
"а вам не нужен кот для обмороков на кухне ? оплата бартер , тем что есть съедобное на кухне !",0
"август это наверное : начало - утро воскресенья, середина это день , а конец августа, это вечер воскресенья",0
ульяновцы выпускали в 80х сороконожкой называли,0
"спаниелем я родился, на охоте пригодился. и несет меня судьба, развевая уши. я рабочая собака на воде и суше.....",0
далер назаров.вообще все молодцы!!!,0
"знаете соседям не раздаю все еще молодые полные сил ,а в огороде работать не хотят ,есть хозяйство, лучше хрюши отдам .а вчера вот ездила на рынок яйца продать в город ,очень много пожилых людей которые нуждаются ,тоесть считают каждую копейку ,вот здесь не жалко и отдать ,хотя стесняются и взять приходиться уговаривать .",0
"Заказывала уже вторую футболку у этого продавца ,на белой рисунок нарисован,на этой наклеен,боюсь не на долго его хватит ,а так хорошая футболочка",0
"силовиков не только пиздеть надо, отъебать всех уродов! козлы",1
а этот в шапочке??? что ли лучше??? твою ж мать!!!!!!!!?!,0
говорят до февраля будет такая дрянь. если это правда то пиздец!,1
его взять за яйцы и потрясти над костром,1
вот прям взять ствол и засунуть туда окуда солнце не светит！,1
у всех и сей час есть раритет хроним,0
"когда свой двор, хочется уютных уголков для себя и гостей после бассейна или баньки 👍👍👍",0
давно уже его отстранить и расстрелять всенаролно.,1
"вот-вот! иисуса христа никто не видел, но верить должен. так и с богатьсьтвом!",0
несчатные дети мамы нет и папа гей,0
"текслер красава,во истенну единорос,пиздит как дышит.",1
дай вам бог здоровье и всех благ да хранит вас господь на долгое долгое лето.,0
расстрелять и закопать,1
эконом 2х местный? с туалетом?,0
"ну естественно,куда мне, вы же жидо христьянская истена в последней инстанции",1
расстрелять как врага народа,1
"вот тут точно саша сама родила, а вот рапа не рожала, у ней рожалка вышла из строя, слишком много мужиков её чпокали, вот и результат а сашу и её мужа, поздравляю с рождение сына и желаю им правильно им крепкого здоровья, терпения и воспитать его !",1
есть вот такое фото культурно-массового мероприятия.,0
супер!!! просто здорово,0
"мы не сеем и не пашем, мы лежим хвостами машем :-d :-d :-d",0
так все и считают... но успех и улыбка это бесконечная пахота...,0
жидам долбоёбы и верят,1
сегодня е о о дмитрий благинин ч чбв бч з никто хаску не терял около бегает вокзала об введите текст о,0
"в кабачках много воды. значит, в морозилке она превратиться в лёд... а при разморозка мало чего останется в остатке. но, попробовать можно!;-)",0
"врачам поликлиник надо быстрее отзваниваться пациентам с температурой, а не выжидать по несколько дней, чтобы дать направление на рентген. да и очереди на рентген огромные, на 2 недели вперед. вот и идут люди в частные,где рентген от 4,5 до 9 тысяч",0
дебил он у неё,1
"казнить урода, чтоб другим неповадно было. это недочеловек.",1
"сука это ты, а путин уважаемый человек, если тебе не нравиться, то и не сквернословь, от вяканья таких как ты, нашему президенту ни жарко и не холодно.",1
"с сыном вчера разговаривала, говорит увольнения разрешили. правда он не выходил еще.",0
"п***ры продажные. а народ - молодцы. не повелись на выходки этих жертв неудачного аборта. весь расчёт был на то, что люди начнут потасовку с этими накаченными, но безмозглыми уродами, вмешается полиция и шествие сорвано. молодцы хабаровчане-не повелись. а с этими мразями потом, я думаю, разберутся.",1
Цвет темнее чем на фото. Тянется очень сильно. Мягкое. Швы ровные. Нитки не торчат,0
поддерживаю долбаеб.....,1
сборник цитат русских чиновников денег нет государственные россияне держитесь в рай но вы пенсии по старости попадут надо отменить аони сдохнут студентам надо в россии пок вы платите в покупать квартиры иксирован ипотек зафи можете беспрецендентный не жить в детей сдавать в общежитиях рост зарплат детдом усамозанятых макарошки всегда государство ничего можно забирать молодежи стоят одинаково не должно весь доход если не платят налоги обязательное питаться нет денег надо медицинское срублей на з тыс меньше есть страхование в месяц можно отменить расстрелять товарищей,1
в отем снасибо любить со в сласибо помнить сто тем спасибо ценит забудеть оне кто тем dог bаg храна сед несчастья от отзла и желаю вам друзья счастья добра ие любви,0
пидрыло это ты блоха инетная,1
пидарасы ебучие,1
всё равно когда-то этим тварям и мразям настанет конец. бог есть на свете. он всё-равно рано или поздно расставит всё на свои места,1
"очень рады, что понравился))))",0
вылизать тебя в этих колготках,1
"такое ощущение ,что приехал из глухой деревни, красных бордюров он не видел,и рекламных щитов нигде нет, придурок.",1
"ебучий долбоёб.а ты о ребёнке подумал,прежде чем хуеты высерать?ему с родителями пидорами будет житься хуже чем в детдоме.в школе он получит ещё больший ад.прежде чем высерать,думиать надо",1
самое лучшее украшение. 🎁,0
а потому что долбоеб и из спорта знает только литрбол,1
бля вы обе ебанутые!,1
отличная рубашка,0
"дура ! с такими жопоречами , ты сама выдаешь себя , что ты просто тоже гавносущество !",1
"да, она очень красивая. я в породах не особо разбираюсь) сейчас взяла пока к себе в дом, чтобы не убежала, а то дети пытались ее пристроить соседям, а она сбежала. с дерева сняла её. собаки загнали. голодная была, по дороге домой кушать мне руку начала 😄 вроде завтра её забрать хочет женщина. если заберут напишу здесь",0
алкоголь в помощь)),0
где находится эта девочка?,0
совсемь ухуели,1
эта тварь хуй сдохнит🤣🤣🤣,1
здравствуйте. даже если это фотошоп мне нравится этот ребёнок. а ужаса я не вижу 💐,0
"очень, приятно, он, знает, что, его, любят😄",0
со стрингами так не получится :d,0
а не пошли бы на хуй,1
"вот только сотню баулов и миллиончики не оставила-забрала!!явилась-в рваных кроссовках.с гнилыми зубами.рот картошкой.ухватилась за яббаняшку.гнобили вместе сестру,всё делала.что приказывали.а теперь головку подняла.нос обрезала.зубы наклеила.грудь сделала.а вот ножками также машет.ручонками сучит.а уж укупник-то как обнаглела!!!надоели оргам эти твари-никого не уважают-невоспитанные.серые и наглые!!",1
наши искренние соболезнования пусть земля ей будет пухом. 🙏🙏,0
"пиздит как дышет, а дышет часто 😡 40 лет назад небыло ни бедных ни нищих",1
"Легкая и свободная. М на 96-82-99 села отлично, доставка меньше месяца",0
"к стенке уродов, жёстко, но со смыслом, введи сталинский режим!!! ничего личного!",1
поздравляем🌹🌸🌺,0
"Платье  очень понравилось,  на рост 172, 90 кг заказывала 4х, подошло,  единственное пройма узковата,  плечо с натягом оголяется",0
пидор врод дать,1
пришла пора мочить в сортире.,1
"я без минералки делаю-- на литр кипятка две столовые ложки соли(с маленькой горкой),..отдельно промыть водой лист хрена, вишни,малины,чёрной смородины,чеснок 5-7 больших зубков пополам,чайная ложка готовой горчицы,укроп зонтики, 5-6 горошин чёрн перца .......пока моеете огурцы и срезаете хвостики чуть- чуть, укладываете, рассол чуть остынет им и заливайте. за ночь остынет, переставьте утром в холодильник, вечером холодненькие малосольные на стол!!! чеснок то же вкусняшка получается!",0
в низу за мебельной фабрикой. там ещё автодром.,0
"До Ростовской области доставка месяц... Качество за такую цену очень хорошее. По размеру жилетка подошла. Недостатков нет, сшито очень качественно, неприятного запаха нет.Очень легкая и удобная жилетка. Даже отваривать не пришлось, мех в отличном состоянии. Спасибо продавцу.",0
зачем ждём золотую лигу ?,0
"свой член он, видимо на помойке нашёл, втыкает во все дырки,, позорник, фу, противно",1
ради веры убивать нельзя. ради веры можно принести себя в жертву,0
да какие они депутаты продажные твари все им бы только за границу а о родине почти не думают всех поголовно выгнать и завести уголовные дела и всех есть за что посадить,1
мой кошелёк -магнит для денег!да будет так!благодарю!,0
"чтоб руки отсохли за такое, изверги.",1
"видно, в одно рыло сожрет, к бабке не ходи.",1
выносите эту падаль луку в сортир,1
"ну все должно быть в меру)) вот день рождения дочке отмечала, решила готовить сама- поняла, что больше так делать не буду:d стол готов, а ты злая, замученная, и воняешь жареным 😜а так, ужин вкусный семье приготовить, или с дочкой тортик- почему бы и нет😉 а ещё потолстела после родов, весь год похудеть не могла, летом поехала на месяц с детьми на дачу- вернулась стройняшкой, сейчас чувствую- опять на дачку съездить надо, травку покосить, компотиков закатать, фигурку поправить 😜😁",0
не читал но вижу пидормотконченный как и жирик,1
майданы незаконные митинги надо и жёстко давить максимально,1
гуманность-- беда нашего народа . посадить на кол и расстрелять идиота.одного расстрела будет мало.,1
"семья снимет жилье на длительный срок, в районе автовокзала или туриста,порядок и своевременную оплату гарантируем!0721043560",0
росеивска федераки если случайно ты перепутал любовь любовью к родине с к путину тебя для у меня плохие новости долбаёб ты,1
а они ещё не знали что он тиран,0
"смотрю и думаю, уж не гипноз ли все это...",0
очень красивый голос.молодец!,0
"а тебя пидорка хорошо в жопу отьебли, что сам идти не можешь, только ползать можешь! :d :d :d",1
"Блузка очень красивая! Кружевная, в дырочку, ткань тянется, размеры совпадают... кое-где ниточки торчат, но это не страшно)",0
какая милашка собачка. вы доброй души человек!,0
"мышей предупреждаю... кто жало запилит.... тому писда :d лар, с днем вдв тебя... :d 💐",1
хотел опыта набраться - но у вы. написал ему .,0
"его надо не судить,а на площади верёвку на шею и что бы это видели другие такие же твари которые издеваются над маленькими и беззащитными детьми😡😡😡",1
пидреныш не доношенный,1
почему самосвал со спальником???🙁,0
"девочки, если брать набором, цена за весь набор будет 5815 рублей!! качество бомба!!! набора хватает примерно на 2 месяца, это 97 рублей в день",0
"с ваших слов , ступин сам лично закрыл и развалил завод ..",0
пусть лучше вгоняет себя в нервозное состояние популист что в его партии есть такие что и сказать и связать двух слов не могут дебильные и юродивые,1
фото сделанно в городе орск,0
"пидоры должны,быть наказаны",1
"спасибо!! уважаемый олег семенович,благодарю за книгу, за большой труд и память о наших дорогих фронтовиках, наших родных и близких. удачи вам, и терпения в работе над новыми книгами . ждем продолжения.",0
вообще то не тракторист а механизатор.а то что видел!!! это понт и треп .я вот видел кто редиску под землей красит.если б ты работал на к-700 и на том же фенде то эти коментарии были б мнением специалиста а пока это треп делитанта который посвоей глупости сравнивает к-700 выпуска 80х годов и импортные аналоги 2020х годов .,0
"всецарица, пантанасса, моли бога о нас, аминь.",0
как-бы я уебал тебя в носик ...урод ты духовный ! (sc) 8oi 👎,1
почему ссылка не открывается,0
растреливать без суда и следствия,1
"не совсем хорошая реклама, такая красота никому не нужна.",0
и при этом сечин и милер получают такие зарплаты! вопрос за что?,0
"да это уже не армия а сброд блядей, стыдно, а ещё великая держава, тьфу,",1
гореть ему в аду!!!,1
"привет ольга,это всё для меня;) :d 🌹",0
это действительно так.тодько я поняла это только тогда когда моя мама умерла .,0
а 200 гр уксуса 70%-ого? это не много .,0
молодцы!!! задорно поют!!!,0
дай клитер полизать💋💋💋,1
а с яйцами было бы вкуснее,0
расстрелять🤬💣🧨,1
"да, мы добровольно вернулись к рабству. все из-за нашего молчаливого согласия. промолчали, получите.",0
уебище лошадинное,1
пидоросня выебаная мусорская,1
"я в 1 батареи 73-75 комбат был богдан а потом помому харитонов взводные стрижак и кубаенко , квас он при мне у нас в батарее служил связистом таскал кабеля и телефоные трубки , хохляра ещё тот , когда призвался кам .взвода был кавальчук , но его потом перевели во взвод управления , да я вспомнил я уходил на дембель шпак пришёл а д убинин в союз отправили , траспортным взводом командовал чурсин ,зам полит анохин, вот старшину свой батарее не помню он пришёл перед моим дембелем , до этого прапорщик ерохин , вот такие вспоминания валара о моей службе в глаухау",0
"людей уже вернёшь,все зависит от водителя.у нас от корона вируса умирает меньше,чем погибают на дорогах каждый день.",0
пидарас гнутый,1
потому что путин - трусливый педераст ☝️,1
"я обрусевший еврей и я за русских,вы их только доите и относитесь с неуважением не так ли ара",0
спасибо за ролик дмб84 _86 авто взвод по-моему автопарк показали,0
"рты народу закрыли и потеряли миллиарды , долбоёбы .",1
уничтожать таких чертей надо! как их ещё земля носит?!,1
"очень красивая песня молодость свою вспомнила и слезы потекли ,года бегут.",0
если день был не моим значит он был не моим! и к брату бога того бога который нас хранит!,0
"в этом году в соляном р-ре замачивала, еще не выкапывала, да выкапвыать не буду, т.к. он с кулак взрослого человека на половину из земли вылез.👍",0
пидарюги б иди на х работай б ногами а то ах..ли от безделия страдают,1
"вы что ржёте, татьяна, очки оденьте и присмотритесь. ржёт она, как лошадь пржевальского))",1
продам коляску,0
у меня младший ребёнок инвалид и дочери 10 лет. любви на всех хватает. тоже мамашу не понимаю.,0
"нужна мне помощь да поддержка дружеская, не хватает в хозяйстве вещи малой для дела важного. мне нужно: масло подсолн. https://ok.ru/game/kingdom/?item=349252715021_1596392872_2/0/114 https://kingdom.ugo.ru/",0
да в этом году тоже порадовали нас!,0
"это магазин атак под названием ашан, не нравится не ходите.",0
рожи нету заблокирован проблядь номер телефона дай поговорю с тобой проститутка,1
на какой класс?,0
"твари, уроды,что по этому поводу думают родители. небоятся что следующие будут. убить и будет мало",1
сказочный долбо*б. ему жить что ли надоело?,1
"вышивают, обои клею, вяжу, и успокаиваю мужа.",0
конченная сука,1
уроды оставьте животных в покое,1
к роор надо сходить у нее этих форумов куева кукуева блеать,0
"казнить сразу,хули разбератся с лелюдем это ходячий биомарерял",1
когда сдохнет эта рыжая тварь! других слов не нахожу.....,1
"почему только едросы, предлагают всякую хрень тупую.",1
по лексике сразу видно ты замкадышь сраная..кутузовка.. рассмешила..,1
"очень многие травы опасны,полезны в основном здоровым людям,парадокс? да...",0
"когда же наших будут наказывать. сначала им нужно головы отрубить, а потом руки которые воровали.",1
"весь народ , кроме провительстве из единой россии это ублюдки . я про власть",1
значит-две кучи?а мух сколько?,0
"я тоже менял сперва втулку, не помогло. потом после осмотра решил все разом поменять. рейка оригинал около 30 тыщ. ставил белорусскую фенох и их наконечники вместе 7 тыщ обошлось. 15 тыщ проехал пока не гремит нормально. заказывал на emex если пункт выдачи есть по близости то вполне можно найти дёшево.",0
эт фото так получилось от камеры,0
бидло не может вопросы задавать...,1
"ты козёл задроченый , когда у дебилов нет ума , они начинают крыть матами ! а это видно из того , что почему-то ты не смог найти своё место в жизни , долбоеб это ты !",1
ты чмо сдохни пидор,1
брала отросток с красными желтыми оранжевыми прожилками а когда вырос стал чисто зелёный кротон кое где есть желтоватые. от чего это зависит?? что нужно предпринять?,0
вы уже надаели мусур пазор таму кто ето паставил и снемал уроды уроды,1
ебанутая европа!,1
в смысле наступило??? так оно уж на исходе.,0
этих сабак долбаных перестреливать надо всех а то расплодились твари😡,1
"вот это да! улов так улов,но рыбку жалко!",0
долгожданная встреча!😻❤,0
т бых лизать писю девушкам,1
а хрен ли ещё ждать от этой пидарной власти???!!! только очередного паскудства!!! и так будет продолжаться до тех пор пока не поступим с ними как в 17-м,1
В обтяжку L .Качество очень хорошее!Дело вкуса!,0
"Воротник ужас, торчит, тонкая ткань",0
зеле и укропам фашистам веры нет и нибудь некогда расстрелять их нахуй всех без следствия и суда,1
какой вес упаковки шпикачек,0
всем светлого праздника!,0
"предатели своей родины.эти мрази еще и на митинги выходят.позорники ,судить надо этих предателей.по всей строгости нашего закона.надоело слушать этих недоносков в интернете.ведь такую чушь несут аж уши вянуть.",1
сколько слез пролили русские девушки кнп за их умерших парней на донбасе,0
в думе все такие!,0
привет всем (fr) а вы знали что именно вам полагается вычет ндс до 90000 рублей??! вся информация на моей странице в закрепленном посте 283,0
какой он на хуй ведущий он два слова связать не может,1
с волшебным посохом🤣,0
неплохая певица а если говорить пррямо обыкновенная блядь,1
"прорыв тебе, мля... из-за таких как ты россии с колен подниматься ещё тяжелее. паразиты, с...ка!!!",1
на таких дебилов как ты я время не трачу. долбаебов смотрю в россии много общайтесь. просто иди в легкое эротическое путешествие,1
на кол сажать..,1
я хочу с тобой заниматся кексом мять твои сиськи любить тебя,1
да было такое руль как вентилятор вращался!!,0
"микола, завари дуло. иди в пиз...ду. твоя усраина-это хутор близ диканьки. :-d :-d :-d :-d :-d :-d :-dвсе знают, что украинцу предать, это как два пальца обосать. :-d :-d :-d :-d :-d",1
соболезную😥,0
"они не бегут,а их перекупают.разные вещи.",0
я тоже за гетман 👍,0
выходит это произошло с подачи начальника!,0
"ребенок не хочет идти домой с прогулки, у него забастовка😄",0
кагор и без алоэ и мёда подымает любого!!!,0
"нет. сюда не заходят адекватные люди. они это даже читать не станут. тут каша мала, да только герои всё те же. )))) здесь просто развлекаются не совсем адекватные люди. ))))))",0
а я думал что он тормоз а нет мужик,0
"блин никогда ее не любила,а малыш замечательный и ваобще пора дома сидеть на пенсии,а она все молодежь собла",0
бей своих чтоб чужие боялись,1
плющенко непорядочный человек!!!,0
не рассказывайте сказки!,0
"Заказ я сделала в июле. С тех пор посылка отслеживалась до границы с Россией(есть подозрение что ее там потеряли), а продавец отказывался возвращать оплату или отправить повторно посылку. Общалась с ним не однократно, последний раз обещал продлить защиту, но не сделал этого. Дело не в сумме, просто принцип уже. Если ситуация изменится дополню отзыв./The order I made in July. Since the package was tracked to the border with Russia(there is a suspicion that it's lost), and the seller refused to refund the payment or re-send the parcel. I talked to him once, the last time promised to extend protection, but didn't. It's not the amount, just the principle already. If the situation changes I will add a review.",0
"народ быстро пронего компромат какой нибудь, он же отсюда, кто знает его, делимся",0
еби эту суку девушка в платочке ты супер,1
". просто дебил. надо жестко наказать так-же повесить кверху ногами , чтоб не по важно было. ^o)",1
только черной становиться морда этого урода у кого я не прошла кастинг,1
"не надоело воевать? детей уже с рождения скоро в гимнастёрки станут одевать. кто вам всё угрожает, блин??",0
"крепеж заднего дивана, пластиковая клипса, которая вставляется в корпус. есть?",0
"был у нас в роте кузнец из деревни,так для него и овес протеин!!!",0
"серый лучше,больше сусла дрожжевого",0
этой рукой за хуй держится.,1
"или потаскуха, а теперь блогершас переделанной рожей и похабная.",1
все отобрали давно!,0
"да ты конченный мудак ёбаный, кусок гавна!",1
"его самого за яйца,на берёзу подвесить.маньяк.",1
"нееееее, зачем стрелять! сжечь на...уй!!!!!! публично",1
класс и ком на последние 2 фото,0
а проснется ли вообще????,0
"нашел время и место для гуляний, дебилы блять хватит всякую ерунду распространять.",1
стыдно за тебя лайкнуть бы тебе по тупой башке скатана ни чего святого!,1
на этом пидарасе смерть человека,1
"по идее, эти деньги должны перечислить в п ф р,на чей же счёт упадут в реальности",0
"собчак жидовка лживая,а вы эту хрень постите...с ума сошли????",1
"все правоохранительные органы,армия и бюджетные организации будут голосовать по приказу!!! а их у нас очень много.милиции на 100 тысяч населения аж 1500,ни в одной стране столько не бывает.так что за счет них. понятно кто будет впереди. .",0
там не дорого. прошлый год ездили.,0
"так это те безмозглые,которые выбирают старые партии.мало вам ещё чёрножопых мусульман,мало вам вам изнасилованыи, задавленых ,мало вам что эти твари в больших городах вытворяют.вот это и есть безмозглость.",1
пристрелил бы тварей!/а лучше бы их в клетку с медведями посадить/,1
"у меня и у старшего сына 31,а у младшего сына 23",0
"три товарища,война и мир,джейн эйр,гобсек,гамлет,дубровский,ревизор",0
"вас устраивают воры у власти? или лишь бы своя жопа была в тепле, а там хоть трава не рости, когда страна вывозиться за границу, меня не устраивает, потому таких как вы и называют продажными тварями.",1
придурок он хочу сказать,1
"так в 41 такие же приходили, за наделом. а до них тоже приходили. и всех наделили. как и хотели.",0
сейчас и в спортзалах половина полупидоры какие-то ))),1
пакость идет только с одной стороны.,0
он из красноводска с пос уфра! молодец чемпион мира завоевал золото живет у нас в актау,0
очень тонкий,0
сбили сражайся с ног на коленях идти не можешь марга наступай лежа вф вемотуатов пи,0
"голубые джинсы,цена?",0
пора растреливать этих тварей,1
"враг народа, растрелять",1
"все бабушки как раз грамотные, они учились в советское время",0
"вообще страх потеряли. лучше бить по башке, чтобы мозги поправить.",1
на хую галопом в зону. макака обдолбанная.,1
повесить.,1
"ой,чю-щю.даже не смогла написать с ошибкой.правило начальной школы запоминается на всю жизнь.:d",0
"не всему ,что пишут в инете,можно верить,к сожалению",0
а лика знала что я прицеплюсь к этой комбинации. я ж ей давно ещё весь мозг проела за платье с лифчиком:-d :-d :-d .,0
только пиздить таких строителей и на цепь сажать пусть матерьял отрабатывают,1
этот сколько ударов выдержала лошадь чтоб так лягаться,0
"что за сорт интересный,банановые ноги?",0
"ирочка,.большое спасибо,это очень вкусно❤❤❤",0
надо было ещё и палочкой по хребтине дать.,1
"ты можешь ебало захлопнуть, ты мне никак не интересна. иди протрезвей тоже:d",1
красоту ничем не испортить -ни грязью ни бедностью! красотка будь счастлива!,0
"попозже бы, или в выходные. а то с работы не успеть",0
йопнутая ты. .... и все спокойны,1
пидоры мокрожопые .,1
"будь она неладна,эта октябрьская революция!",0
тебя что украинцы в жопу выебли?,1
не лох кидает а лохов кидают смеритесь лошары))))),1
"люди гибнут , а какие то мандавошки треплются на этом горе...",1
послать пиндосов на хрен !!!и не воспринимать всякие их лаяния !!!,1
"сейчас в россии осталось нормальных врачей очень мало, а этих надо наказать чтобы не распространялась зараза бездушия и безнаказанности.",0
он козёл а не актёр,1
отстреливать их!,1
нужно узнать получше...,0
"Леггинсы пришли быстро. И на этом плюсы закончились. Очень их хотела, начитавшись положительных отзывов. Но! Они пришли с дырой. Исключительно верхней части, которая как капрон расползается. Упаковка была целая, значит их такими отправили. Продавец на мои недовольства предложил скидку на следующий заказ!!! На этом диалог    был окончен. Настроение испорчено. Деньги, хоть и не большие, выкинуты на ветер. С дырой ничего не сделать, на самом видном месте.",0
надо было ее зарезать 😠гадость,1
что пи....ор пора на нары и столица солнечный магадан за оскорбление президента,1
"позор! нашим детям, внукам только этого не хватало, почему",0
как с ним играть? спать?зачем такой дома?,0
маруся твоё всё светое ебал,1
"а ведь это контра,расстрелять суку в деревенском сортире.",1
и ты его уже продовал его месяц назад,0
у этого ебанько вообще есть мозги?,1
"я это к тому,что деньги на лечение детей это очень важно,но медики должны контролировать этот процесс,объяснять родителям, что возможно сделать для ребёнка,а что в руках божьих!",0
это родителей нужно расстрелять!!!! чтоб вследующий раз учили детей уважению!!!!!!,1
два дебила--- это сила!!!!!,1
"спешил, думал заберут...",0
соловьёв лучший а ты пидор,1
клоун ряженый,0
"я не служил ни где ,менты сосать,дисантники бычье. чё ? и те и те ..,.",1
здоровья тебе солнышко крепкого и счастья!!!умничка ты!!!👍♥💐,0
"поверь даже если не будет уметь ,научится чтобы их прокормить.",0
"кто ходит по псевдомитингам , никогда не снимет кастрюлю с головы. потому, что они там зарабатывают и им наплевать на страну, на народ, на семью. такие сволочи и мрази всегда востребованы при любой власти. их только отстреливать, как шакалов, тогда желающих многократно поубавится, и, в конце концов сойдёт на нет.",1
Вернули деньги. Заказ не пришел,0
мтс вы когда этот лохотрон с автоответчиком прикроете. оператору вообще невозможно дозвониться.уже бы сказали не звоните нам и не беспокойте все равно мы вам не ответим.ужасней сервиса как на вашем мтс я еще не встречал. на сообщения вы тоже не отвечаете.получается хоть звони хоть пиши все как в рельсу....,0
по моему вы уже заебали этим козлом,1
":-d :-d :-d ​топить нахх в уличных сартирах....кучку тупой мрази и пидарасов .... недовольных нашем президентом , выбранным нашем народом ... ​",1
"товар так и не пришёл, продавец продливал 4 месяца. Деньги возвращать не хотел, открыла спор. Деньги вернули.",0
"Все подошло, пришло быстро. Спасибо!",0
настоящая мразь,1
"с таким котиком, стресс не страшен,натуральный антидепрессант,умничка!",0
"ой, как вы обиделись когда вашего ребёнка тронули, а за собой не смотрите, что пишите, и как чужих детей называете.",0
ойиниям опчик,0
"как в том анекдоте? зашёл за хлебом и молоком, а вышел с пивом и рыбой.",0
зачем? мы за ними не скучаем,0
презик некачественный наверное китайский,0
"ужас,волосы дыбом встают.",0
размер хххл хорошо подошёл на русский 52-54 очень мягкая и приятная ткань,0
американцы за яйца подвесят за просранные гранты,1
хватит сраться!! из за ссыкливого пидараса пол страны переругалась.. гореть ему в аду!! вечно!!!,1
мне тоже калоли когда в первую беременности на сохранение лежала.,0
сколько стоит мешок?,0
анекдот про анку сексуальныена олемпийские игры василь иваныч вызывает анку иговорит ей вот тебе рота солдат иди тренеруйся после олемпиады василь иваныч спрашивает какое место анка говорит второе !почему? анка и говорит да попалась одна англичанка она раком я раком она боком я боком она в рот а я не могу василь иваныч бери две роты и тренеруйся очередные игры анка приезжает довольная василь иваныч какое место анка первое ну как рассказывай да говорит попалась опять англичанка она боком я боком она раком я раком она в рот а я два да ещё как свисну вот так енти генеральши и становятся,1
"штаны пришли бракованные, продавец деньги не вернул. выкройка не правильная, в районе карманов лишняя ткань см.3 с обоих сторон. не берите. качество тоже хрень, внутри мех пришит криво, стягивает так, что ногу не согнуть. короче  говно",1
здравствуйте! какие большие размеры есть? цена? как заказать?,0
нет пусть футболисты продолжают трахатся а вы занимайтесь уроком сексуального воспитания может у вас все будет как должно быть естественно,1
спасибо дорогой огромное ❤💋,0
ну не трогайте вы вдвшников.......,0
просто ужас !! то перепутали то уже про наркотики придумали вы что полицейские верят в сказки садить надо и все или вывести в лес и письки оторвать гадам1!!!сколько девушек молчат от этих уродов уже пострадали и еще пострадают !!!,1
ахуеть ....ну и мразь она 😡,1
"злорадствуешь уёбок. ну,ну,",1
"она сама, видимо, жертва неудачного аборта! хохлодрань в бусах))",1
давно пора стереть эту власть с лица земли,1
"в наличии остались только 1,5",0
"будет урок как по проституткам шлятся, хорошо работалбы не было время на развлечения видно не заебывается на работе.",1
"когда же настанет день, когда каждую такую сволочь можно будет отстреливать...",1
ты сволочь путин дай народу жить,1
пол океана... дебил ебанутый,1
"уверены, после использования клареола интра вы измените свое мнение! 😉",0
молодцы вдв!,0
"в междуреченск можно ,или на атам. кольцо",0
"выплата будет в том случае, если вв сам скажет об этом.",0
надо у американского посольства спросить.,0
"я про писки, ничего не знаю, это хрень для дебилов, а не тренажеры",1
стараются а не делают,0
ну попку пока не испробал . давай хотя бы ты сверху.буфера классные,1
путин как женщина скуа,1
из искры возгорится пламя! хабаровск --новая искра для россии.,0
"после двух стаканов с утра - море становиться по калено, а ты сам самым сильным и самым умным на свете!",0
шлюха ибучка видно сосёт,1
они все рабочие мы просто натянули потолки по этому продаем.,0
их нужно повесить и все,1
у алиева нет хуйа.а кто ебет этих гойунов?мехрибаба?,1
да у мастера золотые руки!!!!!!!,0
"как всегда, через жопу.",1
пидарас своей жизни он,1
пробовала очень вкусный,0
"интересно, а они не боятся, что мы их забудем?как говорится, с глаз долой, из сердца вон... ))",0
слушать этого ушлепка-себя не уважать!,1
таких надо расстреливать!,1
овца для дураков.,1
"поездил через станцию очень много , деревня рядом на выползово , скорые на тулу , электрички , да и пешком приходилось ходить 15 км до деревни ...родня живет в скуратово , дядя родной был начальником станции , северьянов если кто помнит ....",0
когда такую чуш выкладывают взрослые люди то у них мозг недозрелого подромтка насуровне переходного возроста полового развития а в годах просто озобоченные импотенты самораализуються и еще на сайте извращнецев много,1
красавицы и умницы,0
посадить на кол,1
суки пидоры как будто вид делают что ни чего не происходит,1
в очко дашь?😜,1
продлили,0
➊ и.ф пᴇᴘсонᴀжᴀ. йодо собаку-но. ➋ возᴘᴀст. 12. ➌ дᴇᴘᴇвня. сунагакуре. ➍ внᴇшность. фото. ниже.,0
"Качество нормальное, но маломерка. 4XL на рус.56-58 не подошёл.",0
таким ублюдкам медленная мучительная смерть ! на кол жопой и чтоб дня через три из горла вылез !!,1
"всем привет, ребята все мы галгофята! вот полгода пролетело, ягодка уже поспела . вирус гадина, чтоб здох! трах- тири-бидох-дох-дох! все мы счастливы здоровы, только спали бы оковы, чтоб идти без масок нам по всем весям- городам! будем встрече рады без всякой без преграды!🌞🌞🌞🌈🌈🌈🌳🌳🌳🌺🌺🌺",0
сдохни мразь фашистская,1
"вот же педераст,он и в африке педераст,причем явно это была провокация,видео и фото съемка,полиция(которая вдруг начала заступаться за педика),ну явно же провокация,знали же,что десантура не пройдет мимо,чтобы потом кричать на каждом углу,что у нас притесняют геев...хотя его можно привлечь за пропаганду(статья 6.21 коап пропаганда нетрадиционных сексуальных отношений среди несовершеннолетних.",1
"чтоб вы твари... повыздыхали, пухнут от голода... зажрались суки",1
"она по всему посёлку бегает, так что это довольно опасно для любого. в том числе у десяточки видели. пока вопрос не решится, будьте аккуратнее!",0
"добрый день всем,всем! меня выписали из больницы-я уже дома при выписке ---ренгенография лёгких от 01.08.2020: заключение: rg признаки двухсторонней пневмонии,вероятнее всего вирусной,pг-2-средне-тяжелая,необходима корреляция с клиническими,лабораторными данными значит мне ещё лечиться и лечиться-восстанавливатья",0
какая утка и по какой цене?,0
а мы смотрим и нам нравится... и детив восторге! на этих мультиках не одно уже поколение выросло. и мультики хорошие. не то что винкс...,0
"козёл е..аный. на кол его! в жопу палку вставить и разобрать публично. а потом за вонючие яйца подвешать так, чтобы никогда уже ничего не мог",1
"история знает только одного гея, это французский физик гей люсак. все остальные пидорасы.",1
"«наш» пересидент-для каждой дырки затычка . всем угодить , понравиться, лишь бы они его в своё буржуинство приняли . подхалим мелкий .",1
"выборы всегда был праздник !!! какой идиот придумал неделю досрочных выборов ? но еще большие идиоты идут на досрочку , лучше ,на всрачку !",1
"горбачева суку надо за ноги подвесить и пиздить плетью до той степени, пока не сдохнет. иуда земли русской. жалко, что его райка быстро подохла, а то бы и ее подвесить.",1
"саша,..это недобитые --пидорусы...!!!",1
"ты, хуй придурашный, сейчас про донбасс тема? чмо общайся по существу или забей ебло своё тупое, куда ты попёр дольаеб ? учись по факту общаться",1
"дошло за 14 дней, не вскрывала, ибо это подарок. но мне кажется сделано довольно таки хорошо, надпись очень хорошо напечатана",0
просто стрелять.,1
забрать у купидона стрелы и дать ему пизды чтоб сука думал прежде чем стрелять,1
шакал сдохни уже,1
ну допустим гондон здесь один и это ты,1
не тебе пиздеть пердун старый,1
адним словам пидары,1
я мать кике сетен ебал,1
какой аху.вший типок это мед питух,1
спаси и сохрани нас грешных！,0
стрелять и только стрелять.всех людей которые могут поднять народ посадили.трусы.очкуны и предатели народа ссср вот кем сейчас является власть.,1
пидара тебя по кругу в жопу ебли,1
нахуй он нужен клоун,1
вы в россии живете а мы в казахстане выживаем я работал в россии ванька который с утра ищет на похмел все хаит путина а тот который работает молчит у нас тут этот пидор облажил налогом будешь платить будешь жить так что вы в раю живете и ещё не довольны,1
"алени, лох и дрочеры не вымрут и не переведутся ни когда",1
"очень нужны соседи. добавляйтесь, уровень значения не имеет",0
это совсем разные люди🤔,0
сеют не крупы а злаковые культуры,0
"люда, поздравляю с очередной датой семейной жизни! радуйте друг друга и берегите друг друга! а время, действительно, летит с космической скоростью...",0
мы всех вас ебали ебем и будем ебать:d :d :d :d 👎👎👎👎👎,1
таксист-тварь!!!!!!,1
где высокий лёт?,0
"26 лет назад лежала в инфекции с гепатитом,палата на троих,были ванная и туалет в палате",0
этих пидорасов конкретно пора отлавливать и сажать на бутылку что бы на себя много не брали,1
загнул россию сука!!!,1
"да, и убить больше половины этого народа, тварь.",1
в честь празников кефир увеличил себе шанс того что он не пиздт и не наебвает в три раза. 0х3=0,1
"Это не толстовка, а ужас, висит мешком, не смотря на то, что размер выбирала очень долго, единственный + это очень приятный цвет. ",0
очень болит душа,0
деньги снимаете 2 раза,0
поздравляем вас с днём рождения!!)) будьте здоровы и счастливы)),0
пусь руки отсохнут у тово кто это зделал как он убил так пусь и бог у ево семи заберёт тошто ему дорога.,1
эти твари забыли что ихние айканушы раздвигая ноги зарабатывают в турции денег и присылает своим рогоносцам..всех этих уродов надо депортировать из турции..вот тогда посмотрим что к чему..неблагодарные уроды..,1
в нашем детстве мы об этом и не задумывались. переживали и жалели животных.,0
таких как васильева надо стрелять без суда и следствия. тогда и воров бы не было.,1
"дорогой костя,кто тебе эту дурь внушил.миллионы людей расплатились за эту долбанную перестройку.,русских гнали со всех республик.прошли по трупам .будь проклят твой дорогой горбач,меченная тварь,бог шельму метит.а наше мнимое благополучие ,закредитованный народ,с минималкой в 12 т..образование платное ,медицина тоже.а грехи свои они по полной в аду оттрубят.",0
"к еленам , судя по всему претензий нет .",0
"на этих хуях все уже помешаны, нам везде их сейчас приподносят, а мы быдловцы улыбаемся",1
стрелять как бешеных собак,1
да вы все долбоебы это химия,1
ебанутая! хлебало завали!,1
это волшебство!!!!!!!!!!!!!,0
отчет с 27.07.2020 г. по 02.08.2020 г. сбербанк - 0 тенге; казкоммерцбанк - 0 тенге; народный банк казахстана - 0 тенге; каспи депозит - 0 тенге; kaspi gold - 0 тенге; киви кошелек актив +77014481290 - 0 тенге; pay pal - 0 тенге. итого за период: 0 тенге. курс рубля к тенге: 5.82. собрано всего: 610 640.08 тенге + 25 рублей. сумма сбора: -. осталось собрать: - . #отчетредьконастя,0
ебанатка. это скотоводство называется.,1
сказочный долбаёб🖕🖕🖕,1
в дряхлый очко хоть мешок клади,0
"отлично!!!!! если бы это некоторые понимали!! хорошее не видят, вспомнить прошлые года и бывших президентов ума не хватает! удачи!!!",0
"министерство здравоохранения турции опровергло утверждения о росте числа новых случаев заражения коронавирусом на курортах страны, сообщает тасс. прочитать подробнее: https://aif.by/health/covid19/minzdrav_turcii_ne_podtverzhdaet_rost_zabolevaemosti_covid-19_na_kurortah",0
ольга 28.04 антон 18.01 будем вместе благодарю,0
там нес хуйню за саня ты что вот володь выборами перед честное как слово хуя ни ефремов помню не,1
козлов этих гнобить надо вместе с собаками.,1
за расизм нигеры расстрелять кошака,1
котёнка не забрали. будите забирать,0
башку ему отстрелить надо,1
совершенно бестолковая болтовня! лукашенко все эти годы делал все возможное чтобы не растащили экономику по карманам т.н предпринимателям или по другому эффективнным собственникам сегодня предприимчивые рвутся а во власть при всяческой поддержке и с запада и с востока...если народ беларуси спасует перед ними то их проклянут могилы погибших в годы войны и могилы тех кто отстроил и восстановил беларусь,0
"ты, говнокур, мишка, а это значит....)))))",1
ааа... а сначала маленький потом только большой.спасибо в след раз попробую как вы сказали !!!!,0
"Доставка - 3 недели. Все хорошо, и цвет, и качество, НО, размеры немного не совпадают. Маленький, нужно заказывать на размер больше. Для меня получились выкинутые деньги, авось кому-нибудь подарю.",0
оплатила 5.08.20 в 17-17 с карты ****3441 1235 руб,0
"всё разрешено на этом суде! даже охраннику лейтенанту! полное неуважение к личности человека! они так привыкли, а платошкин ,наверное, первый, кто сделал замечание этому когда-то возможному школьнику! ещё посмотрим лет через 5-8 какие будут воспитанные молодчики с такой системой образования, которая давно нацелена на неуважение к старшим и их годам, в которых они ( старшие) жили, т.е. к нашей истории .",0
красивая что сказать больше,0
мажоров пора всех к стенке ставить!,1
где такую можно заказать? и ее цена,0
"вкустно, правда?",0
"Хороший комплект,на Ог 96 взяла 80С-впритык,но все равно собираюсь худеть. Качество на высоте.трусики не мерила,но на глаз подойдут на об 98.доставка  две недели до Ростова на Дону",0
выпущен в честь открытия памятника павлу в 1859 году,0
умняшечка с ума сойти,0
зарплаты как в отсталых странах африки.вот и берут.,0
но скорая у нас работает очень плохо,0
"че, брыкается? не иначе от кентавра заразился.",0
их полным полно,0
шаймарданова ты конченная дура и сволочь таких как ты надо в дурку и пусть там прославляют своего любимого царька.,1
"урод, убивать таких нодо",1
эту группу крышует неудачная и ненужная и всем противная бабьё-столько нытья я негде не видел-ебись оно конём это группа-адиос(fr),1
"даже интересно обьяснил в чём вру,,,? в том чё перестали платить?видимо денюжка неконтролируваемая начала оседать в канторе и вышибить её пришлось только через увольнение,,ушёл вновь на флот,,впосле года 3 встречал шельф 6 в японии в ваконае,,",0
лётчика застрелить,1
не фильм а хуйня какойта хуже мультика,1
этого пидораса надо было отхуячить его же нагайкой и утопить на хуй!!! воткнув в очко нагайку.,1
дебилок ты ! и говорить с тобой не о чем!!!,1
пидора выебать всей россией в жопу и повесить козла,1
в довавь ссые нди стену,0
"а вы хотите, чтоб дальше люди пропадали ...? возраст 63 года не доживали до пенсии. лично я хочу чтоб мрази сели на пожизненое.",1
"не хер покупать такое вино,,.пусть сами пьют гавнюки!!!!",1
где власть крыма опять нас позорят разобратса немедленно и наказать и охранника и и всех остальных,0
и все спортсмены все актёры живут заграницей только ебанутые живут в странах советского союза,1
засральская. ты нудная. иди в жопу,1
я тоже себе такую штучку хочу!!!,0
хуеголовая мразь.,1
а я долбоёб дкмал это лукашенко чуть не лайкнул а сейцас лайкну,1
опятыпидрила куришьр,1
пиздолиз сраный,1
юбаный врот!!! вот это диваха!!!,1
лопатой по его ебалу хлопнуть !!!! 😂 😂 😂,1
а какой у вас округ,0
долбоебы. растрелять,1
засунуть ему в дупло этот пистолет...💀,1
лачандовый цвет принимается!👍,0
расстрелять эту кодлу тварей.,1
"да, вас здесь действительно кучка💩😷ты, и подобных тебе уёбков безмозглых. которых регулярно и с удовольствием все за вашу тупость и хамство, порою переходящие всяческие границы.^o) :d ✌",1
на 44-46 максимум,0
кто нибудь несёт уже эту ответственность? одни призывы!,0
как хочу так и юморю не твое собачье дело пидор голожопый😂,1
Не очень ,0
аzееvdеqаl ч ч зб ч б тема к владимирович денис лица бакинской националь а хули прибежали к армяшки русскому царю челобитной с бв ответить класс наталья ивановна лица в бакинской националь пидоры армяни бв ответить класс к наталья ивановна бакинской лица националь суки армяни кроме абрикосов ничего не видели бв класс ответить ваш комментарий,1
так кто здесь епнутый? это тот кто готов вылизать зад у пути.,1
служил в 3 роте 96-98 прапорщик дрозд и майор вовкодав,0
42 года общего стажа нет пенсии,0
"тогда, надо не 15% ндфл, а 25% с доходов, выше 7 млн. и 35% с доходов выше 10 млн.",0
ну а херли патриотки блять,1
"бляд....ь смотришь коментарии и страшно становится,как ездить то? столько грамотеев, конечно автобус должен пропустить,светофоры ж работают,они в приоритете над знаками.",1
че за клоуны пиздец,1
чмо есть чмо.,1
а вы в какой школе учились...знаки препинания существуют вообще-то,0
агрессор котейка не потерпит чужака на своей территории,0
"истинный рыбак, может хоть во сне, но поймаю.....",0
"всем привет.ребята у меня просьба к вам,если можно поставьте класс под фото внучки с котами(смотрите где я класс поставила,там люда мироненко отметилась,лида-девочки спасибо)конкурс так себе,сельский,но внучке приятно будет.спрашивает вчера-сколько лайков мне поставили-я ржала...слова то какие знает -4 года.с допов не нужно,это не большой конкурс.мы и так впереди,но всё же.там всего то под фотками по несколько классов под каждым.заранее спасибо💋 💋 💋",0
"мне тоже почти 70, до сих пор помню его первое появление на тв, и с того момента обожаю в.леонтьева, даже если и не все песни нравятся. талантлив, умен, обаятельный, и трудяга. с днем рождения!!!",0
потрахалась в декрет..потрахалась в декрет..потрахалась в декрет...))),1
отодрать бы,1
"эгегей, дрочер, тормози, мне похуй на твою точку зрения, и похуй как ты и на что жрёшь! да ебись ты хоть в очко, срала я на тебя, плевок трипперного зайца,отсоси сам у себя, может полегчает!",1
те тgsрогтs тv барселона осталась без денег на трансферы этим летом,0
выебу во все дырки пиши,1
вся страна дол...в,1
"это моя жена,я её ебу,а вы лохи все завидуйте",1
82 очень хороший магазин.спасибо,0
"людочка вот пока можешь и если есть желание ,навещай малышку ,и тебе полегче будет",0
"мразь,на дыбу его на площади при людно отрубить руки,что бы знал и другим не повадно было ,знали как детей бить.",1
хочу такой групповой проёб,1
"поменяется ближе к осени на портале, а быстрее чтобы узнать можно написать на электронную почту им они отвечают.",0
скоты оба.,1
"гиены путинские,везде полно этой мрази!!!",1
"что за козел, тварь поганая, сволочь",1
"вот этот вот, пригожинский, даже толком почитать не может, что в методичке, которую обычно присылаютый, а уж понять что, там...., понял видимо только, блять!",1
ага что утопить вас обоих в этом ведре тебя и этого долбаёба в погонах..,1
удалите эту мерзость,1
"наталья, наоборот, смысл есть с циниками пообщаться. интересно их мнение. у них на первом месте стоит очко которое жим-жим или попущено. хабаровчан поддерживать нужно. но не все так считают.. сейчас от хабаровска в шоке и правительство и сми и ... навальнята. ожидалось ведь, что там беспорядки будут, буза, драки с полицией. а тут - облом. правительство применить силу не может - коронавирус - не тот повод, чтоб народ дубасить, сми - заготовки уже были - пальчики оближешь, писали, заготавливали, передачи готовили... и всё - на полку. обидно. навальнята примазаться хотели, так сказать, возглавить процесс и вывести его в нужное русло - не вышло... вот и сидят все на пятой точке и ножками сучат.. так что ничего удивительного, что некоторых персонажей, идущих на север это раздражает. вот если бы их проблемы решали - может благосклонно это приняли, лёжа на деване. так что это нормальный процесс. всё познаётся в сравнении.",0
хулиганкая время клоунов ебать хулиганку ебет вся шы фора заме прячешься париками под хуаи анишь но всегда дох улиг танил сы узнаваема,1
"нам бы своих пидаров выгнать ,да порядок навести . росплодилось уродов немеряно .",1
пидорас метовский свинья жирная,1
"не думаю, что бабуля сидит в одноклассниках и ждёт наших классов",0
это что за хрень????(hu) (hu) (hu) сожгите и разломайте этот блядское сооружение..вы вообще что ли мозгом тронулись ебанаты из власти?????,1
пидоры взбунтовались! мочить чертей надо!,1
как может кастрюлеголовый что то увидеть?,1
рапуц тя надо в твоих во всех профах ебать даже в твоем профе сапожника что есть,1
"мы выпустили , ничего хорошего сбили и быстренько уехали😟сволочи",1
да точна это от большое жёлтый радио старее,0
отьебать пидропутинского мусора на капоте!,1
"а почему до 18 это уже не дети ? у многих поступление в вузы .никак бы были не лишними .одну канцелярию купить только ,тысячи уходят ...",0
охуительно.,1
вот жопы.сразу хуй стоит.;),1
хорошо что ещё отстегнулся не на лугу а то ебасос стисал,1
"а я штаны драные у мужа выкинула, ничего видать не понимаю в моде!!!",0
похоже закон сила мужей грибами.,0
сажать на кол.😎,1
жителям поймать самого борзова и разговорчивого и на глазах у корешков четверо мужиков держа за рученьки и ноженьки заполнив брошенные бутылки водицей из под крана выпоить принудительно пизденышу сколько войдёт и затем отпустить пусть поделиться с корешками об эмоциях думаю выводы друзья сделают правильные пока напоенный отморозо4 будет проссываться,1
"аха ха, ты хохляцкая скотина спросил разрешение у меня русского господина разрешение ебалом щёлкать, а, у тебя сейчас другой господин, америкосы и поляки. ты падаль чубатая, ошибка рода человеческого вошёл туда где были твои скотопредки и где сейчас ты и надеюсь будут твои дети недоноски",1
дебил на ставь пистолет себе подобным. тварь,1
"привет. зря , патриот всегда был в группе. а машенька часто по делу пишет и помогает игру понять.",0
"не хрена себе уёбок. сука дай ремня по жопе ребёнку на то уж пошло если не слушается, или украл деньги. но в живот бить, можно органы детские отбить или вообще разорвать. лишать прав родительских однозначно. потому что убьёт рано или поздно. а перед тем как лишить, дать этому мудаку хороших пиз..юлей что бы вспоминал что бывает когда на детей так руку поднимать.",1
в очко засуньте своё динамо всратое. укропы.,1
"альбиносец, красота.",0
с фэнм р рождения ебркой акизни идойб ссилийся и женты все шшш,1
абсолютно точно. сама доброта... браво!!! мне тоже очень понравилась...,0
"привет зара, как ты?",0
"в этой группе обязательно найдётся тупой недоёбок с тёмной аватаркой и заданием нахамить. хочешь хамства? иди к жене на кухню, назови её блядью. заслуженно получишь сковородкой по тупому ебалу, цель достигнута.",1
это ты не уважаемая о себе???!!!,0
"найти и наказать по всей строгости, суки-твари! не вышло у них раскачать майдан, так хоть так вредят!дб!",1
кто ж тебя таким дебилом выростил?,1
"заказ доставлен очень быстро,даже не ожидала.Кофта подошла по размеру,мой российский 42,швы не качественные,торчат,в нескольких местах прям дыры,зашивать придется....ожидала лучшего.",0
а ты вообще залупа конская.,1
электронный квазиэкстрактор,0
"молодежный школа с карты 2425 дарья сергеевна и 893,20",0
"да,сколько таких домиков и не только у дороги,по всем дереаням.не бережем,что имеем",0
так и тебя надо расстрелять за поддержку таких недоношенных.,1
"очень хорошо, что такие известные певцы выкладывают обычные фото, семья, без позерства, счастья вам и вашей семье, успехов в творчестве, радуйте нас своим творчеством!!",0
"такие пидоросы и правят страной,не возмущайся народ.",1
не верьте и не подписывайтесь- ---- это обман - приходит посылка ав ней бумага и ночная сорочка,0
"если вы не хотите, я другим отвечу.",0
лучшие люди мира!!!,0
конченый дэбил!!!,1
принимаю с удовольствием,0
"да он и без сабли,страшный,бля....",1
одни пишут что ожидатся пожарность .....другие пишут в этот же день сильный дождь. вы уж определитесь,0
"всё понятно с тобой-ты обезьяна зарабатывающая 30 сребренников.... не пойдут они на пользу ни тебе, ни твоей семье.... иуда!",1
расстрелять ст 64 ук ссср,1
блядь на бляди и блядью погоняет.,1
и у меня есть))) только недавно перемывала,0
пидор конченый,1
Отличное платье ,0
6500 колотая.,0
каза драная я бы ее стукнула в оно место,1
пидараст он конченый. на зоне его место.,1
___________________собираем огурцысолим...маринуем...,0
красава ....просто супер жаль что слегка врезал !,0
враньеееее,0
я на такой катаюсь!),0
их стрелять надо на месте за избиение и за то что их вообще забрали не имея на это право.,1
будьте вы прокляты жополизы.,1
а что это за место,0
пошел нахуй отсюда охуевшее чмо чтоб ты ослеп пидорас,1
"спасибо русским омоновцам мочившим белорусских детей.... уроды и путин говно если на самом деле они тут есть, вояки вонючие, защищающие бюрократов...",1
нет ени объяснять врем его расстрелять,1
ясен хуй!!!с какого он должен снижаться то...куда нахуй маски со своего заводика продавать будет!!!мрази!!!ни дна вам ни покрышки!!!ублюдки!!!,1
а вы.как хотите что.бы нею,0
воощеее....нет слов....,0
"ее в китай точно в госдуму надо, пусть хоть раз обосрется от таких высквзываний",1
с днём рождения поздравляю!,0
"что ты несешь липучая учителка , голову лечи, мне не нужны твои признания. ,я не врач...брысь дура!сейчас ты от бессилия истеришь и на ор сходишь...",1
умница -красавица! ручки золотые. очень красиво. здоровья и всех благ.,0
а виноваты ельцин и кгб....,0
"петушня это тыыы!!кролик конченый, бессовестный!!! живёшь здесь ещё пасть свою открываешь!!конча ослиная!!!",1
"это правда!у меня две собаки и кот,они встречаются меня,как никто в доме🤗🤗🤗",0
тварь конченная. к стенке таких.,1
или ты думаеш синии могут гонять и поэтому мусора гондоны нет ты не прав знай если ты сука собьеш ребенка тебя завалят раньше чем приедут мусора которых ты тут пидораси-ш,1
"обычный выскочка, которого наш ( темнейший ) поставил наместо просто незаметив его.",0
"налетели какалы да плакальщики🤣🤪 подавитесь своими высерами, мухи навозные. а россия и без вас такие курорты настроит, что заграница будет завидовать.",1
"суки твари, мой заказ не пришел, деньги не вернули",1
"стоять и восхищаться,какая грация, какая красота. и смотреть, смотреть, не передать всех эмоций, слов не хватит...",0
мешочек золота https://ok.ru/game/kingdom/?item=571387580504_1596663878_2/0/201,0
вот п.дарасы!!! зачем тогда заводить,1
изморозь на валенках,0
"видимо они такие же глупцы, какими были россияне в 1991 году. неужели наш горький опыт их ничему не научил?",0
квартира в тайге находится,0
восхитительно и трогательно! 🙏🙏🙏👍👍👍🔥👏👏👏🌹🌹🌹❤,0
"а я, что то против этого писала что то?",0
причем здесь очки набираете? просто хороший пример для многих людей.,0
"наконец-хоть один правильный комментарий!кончайте причитать:не забудем,не простим...поднимайтесь и давите фашиствующую мразь.освобождайте страну-рiдну неньку украину!!!",1
"не задумывался над этим даже. потому,что все друзья с детства,нас 7 человек,сейчас уже наши дети между собой дружат. надеюсь и они вырастут с такими же понятиями о дружбе.",0
турнир уничтожение войск инфо турнир рейтин уча старания участвуй турнире пол личную награду убивай остапось д ч ч ч м в бб ты сможеш забрать награду поспле окончания турнира награда награда выбор продолжа турнире чтобы вершину текуща награда следующа награда тек наград награда ледующал бо ооо чоо боо,0
по поводу велосипедистов и людей на всяких самокатах и роликах полностью согласна,0
пидорша дежурная,1
вот бы все такие были! уважение и благодарность капитану!,0
ознакомся с п.2 ст.137 ук рф. тебе будет полезно...,0
"да блять тут полстраны таких,суки охуевшие. на кол их а имущество народу детям и инвалидам",1
"сука, тебя четвертовать мало.",1
"это стих от старой ебанутой курицы,которая носит рабскую маску и тупит на всю голову!",1
"Очень большое,  на размер 46 сильно велико.",0
день то днем. только животных бездомных все больше и больше в городе. у нас пристроили. с осени осталось 2 кота.которых горе-хозяева отправили на вольную жизнь. сейчас 10 шт. из них них 8 котят мал мала меньше и подбрасывают. чтоб руки бл... отсохли. одного кроху кинули в кусты. ему м-ца еще нет. всю ночь орал. сволочи. искали по кустам. взяли в свою кошачью семью. поставили на довольствие. а ему еще мамку сосать да сосать....это сейчас еще тепло. а зима придет.....люди дебильные. не боятся. что на детях потом аукнется......,1
ты это заканчивай сосвоими эксперементами ор,0
урод вот его бы пол этот пистолет чтоб обосрался мрась ещё и в погонах ублюдок,1
"я всегда знала,что есть она-планета долбоёбов....",1
где ты там русских баб то углядела??)))явные корейские пиздоглазки))(,1
молодцы. вот настоящие поступки. так держать 👍,0
укропидорг лавринов! общайся лучше с ией - так хоть на человека похож!,1
а ты свинья на что рассчитывала?,1
как можно потерять !!! члена семьи !!! собака что кошелёк . зонтик ??? поводок на что ???,0
"недоедает, обжора....",0
здеcb дemaльнее rus-nrg.ru,0
"мачить вас с кашаками, однозначно",1
хорошая картинка. вам видно часто подобные шлют. не надо ими делиться. и так с вами все ясно😂,0
пидорас дырявый.,1
дурак тот кто вкладывает деньги в этого алкоголика и наркомана и уголовника...толку от него никакой команде не будет...он рыба по зодиаку...алкаш от рождения...в колхозной команде ему можно поиграть,1
за помощь нельзя деньги брать. так вы дарите друг другу позитив что так нужно человеку. делайте друг другу добро.,0
это очень здорово что у нас в запанском как в китае или в японии пожилые люди будут заниматься коллективно спортом!,0
тебе долбаёб воздуха не хватает чтоли....?,1
"на этих стихах выросло целое поколение , ни кто не задавался этим дебильным вопросом ,вот вам и ответ- кто задает такие вопросы , кто это за уебищ......!",1
полнейшая пиздеш ни один батя не будет материть сына .а такого чухана как ты ещё и отпиздиет .,1
"бывает такое, и частенько. :(",0
овца ебучая,1
рыба гниёт с головы,0
"ты сука, жертва оборта,тяжелее в жизни ни чего не поднимала,сама ты опухаль ,нужно удалить",1
"так смейся педрила..только поглубже на бутылку насадись..ну и вскукарекни еще что нибудь,утешь себя хуесоска🤣🤣🤣",1
и кто знает что с 10000 тыс? в августе будут нет?,0
путинская крыса .👎﻿,1
"он, пиздоболом, может и не был?",1
это вы такие.в чём их пиар?,0
"На мой рост 156 рукава КОРОТКИЕ! Представляете? Что же будет, если девушка высокая? Это уже футболка получится. Колется и запах ужасный!",0
"и всёравно пидары, поменяли конституцыя под себя., кто то сидит за мешок, картофеля а кто сбил человека на смерть , оконцовка сам бросился под машину. вот и справедливость.",1
за него голосуют только долбаебы и уебки,1
"георгий вот вам пример из моей жизни . я устроился работать в одну фирму . а там работал один мужик на такой же должности как и я . и вот получаем зарплату и он узнаёт , что я на 5 тыс получил больше его . выяснили этот вопрос очень быстро , я спросил - ты получил ту зарплату , на которую договорился при устройстве на работу ? - да , получил . - а я договорился на 5 тыс . больше и так же их получил. его устроило получать на 5 тыс меньше , а меня нет . какие могут быть вопросы ?",0
тиlе чl иq в о о lпsтаgап апsнlаg па vоlgе простой способ похудеть о и ббо просмотров апsниаg девочки па аvоlgе лето еще не закончено пользуйтесь а q,0
соболезную вам галина,0
не ты ли это.. чмо болотное ?.. ok.ru/profile/562201549031/album/885017270247/896612549351,1
акенфеев правду говорит,0
"Брала на рост 160 и вес 50 кг. размер 42. села хорошо. единственное что не понравилось так это на швах ниточки, они есть на фото. но, думаю просто срезать их и все, понятно что сама ткань такая, о они просто вылезли. а так супер.",0
"падаль капиталистическую, будем уничтожать. я волком бы выгрыз капитализм к пособникам пощады нету, утекайте в свою америку гады.",1
жаль что 15,0
"щас... вот двор дострою, так сразу ебанатикам, начну всё объяснять.",1
"здравствуйте,а можно размеры окон? и фото если можно?",0
"я не собираюсь вас в чем-то убеждать и разубеждать. просто почему вас так злит, что кто-то где-то спит с тем, а не с другим? вас ведь почему-то возмутила ориентация элтона джона, иначе вы бы про неё не вспомнили и не поставили бы её ему в упрёк. я вот, например, уважаю его решение воспитывать детей, от которых отказались родители (вот именно они пидоры), как родных.",1
запад одобряет под радужные знамена педики захотели долбоебы,1
а мы лужи швабрами сушили :d,0
на кусочки урода порезать медленно что бы получился,1
"это какой дебил, придумал?",1
"часы за 1,5 ляма баксов???????? вы в своём уме,дебилы ??? !!!",1
ебаные цыгане вас давить мразей надо вы не мужики а хуже пидарасов,1
сколько по деньгам?),0
очень удобно и шарф не спадает с плеч.,0
шарикову больше не наливать!,0
"суждение шлюх индеведуалки, тьфу шмары..!!",1
за 1000 отдам. новый,0
человек немного неправильно сказал.не сытые . а зажравшиеся. так будет правильно.,0
заказывайте на 4 размера больше. 3xl  окпзалось мало на русский 50. ткань хорошая. кружево тоже,0
"предатель, лжец и америкоский жополиз!",1
"ну прямо прапорщики везде дебилы, а на них все и держится!",1
"хули к ним ходить! врачи с купленным дипломами! геморрой от орз отличить не могут. врачи, блять, без границ...",1
"а ничего, что если перейдём на московское время, солнце летом будет вставать в 3 часа утра? это нормально для здоровья? хватит уже издеваться над людьми . сейчас мы живём по астраханскому времени, которое было всегда, до начала всех этих экспериментов в далёких девяностых, и которое всех устраивало. не надо ничего менять. оставьте всё как есть.",0
вот какой наблюдательный,0
http://ssmaker.ru/95eb62e9/ https://ok.ru/video/2145085229574 кто встретит киньте проф,0
"талантливо, чувствуется душа",0
нужные слова!!! золотые слова!!!!,0
чернобыль даёт о себе знать🙈,0
"да трудно ,сложно но жить можно неплохо , ведь и в ссср только труд и не легкий , давал благополучие человеку . вопрос в том нужны эффективные государственные службы для занятости населения . а биржи это пустышки для народа и государства от которых нет никакого эффекта никому кроме бездельников .",0
"нашёл сука кого пугать..сам то небось в штаны бы наложил от страха, долбоеб😜",1
"город, пляж)",0
я нашол бы и этому пидору голову свернул бы тому гондону кто это написал,1
ставь обмены,0
"да правда, чё приперся :d :d",0
рассказ охуительный!!!!!посмеялась от души!!👍👍👍а куму не нравится-идите ........в библиотеку(fr) (fr) (fr),1
"собираюсь ехать сама с ребенком лнр в украину . вопрос ,нужна ли мне доверенность на ребенка на кпп лнр ??",0
дааа...олажались.хоть закрасили под докторскую...а котяра прелесть.😊,0
покупала 2 трусов вернули деньги за одни....ничего не прислали,0
а один пидар сказал что ссср выпускали только галоши,1
ты натуре ебнутая,1
"пидор в районах,к стене его и прострелить ему хуй",1
серенького фото можно по другому как нибудь!?,0
"добавте, пож., детские трусы-шортики для девочек",0
давно пора только как казнить ед рос,1
расстрелять все правительство путантов и де за геноцид русского народа за уничтожение богатств русской земли за связь с иностранцами за всю меня давно уже нет чтобы россию недвижимость спасти лщите себя границей меня внутри за офшоры ив сталин за,1
это широкогрудые,0
стыдно не обращать внимания на стариков,0
"у собаки такой тупой вид,что хочется дать ему по еблу с пыра",1
от сосала бы,1
"пи...р, отрубить ему эту руку по самую голову",1
а с охуевшими росияновскими президентами что тогда делать?,1
"таких надо сразу стрелять. вот , когда думаешь ,что сталин был прав.",1
светлая память! искренние соболезнования родным и близким!,0
". адлер. женщина снимет на длительный срок (год и более) 1-к квартиру с мебелью и бытовой техникой в адлере с октября-ноября месяц. т.г. возможен аналогичный вариант в частном секторе, до 12000 руб . своевременную оплату и чистоту в помещении гарантирую. имеется питомец - кот. тел. для связи: 8 962 005 84 76.",0
ерунда все это. бумеранг изначально предназначен убить и вернуться к хозяину!,1
"люди книги не читают,так хоть котея почитает.:d",0
"однокурсники 2015 года выпуска пгс-238 мис-239,240,атм- 242 этх и со-60",0
"хз где кто, съеблись все",1
счастье у вас уже есть остальное придёт дай вам бог здоровья,0
"Пришли комплекты в Севастополь за 23дня. Качество хорошее, швы ровные,нитки не торчат,выглядят очень классно. Рекомендую",0
под земли я тебя достану 😜,1
ты жирная.и пизда волосатая,1
лучшая команда ссср - киевское динамо лобановского !!! удовольствие от игры неимоверное ! что ни игрок гений своей позиции и командной игры !,0
🍸 на здоровье..,0
"пидарасты когда же вы уже все попередыхаете, éбаные шлюхи продажные",1
все таки устроили майдан пидоры. как потом жалеть будут.,1
"безбожник --ты пидорас , причем пидорас конченный !",1
едросы все пиздоболы!,1
деньги отдавай воровка,1
"нам с соцзащиты позвонили и сказали принести им копии паспорта, св-ва о рождении, св-во о заключении брака.",0
хохлы стадо тупых продажных грязных свиней...хохлов как козлов нужно мочить в сортире...надеюсь ты с путиным согласен мерзкий ублюдочный хохлобыдлоскот.,1
не могу узнать эту улицу😢,0
я ее не ебал бы поставил на стол и дрвчил,1
так выглядит вдв и вта,0
ужас!!!город просто стёрся с лица земли😲,0
да тут не отзываюва просто лайки саберают,0
поторопились😂,0
пусть бог хронит всю семью,0
хорошее видео пусть знает дегтярев,0
мне наср....ть на америку и тем паче на каких то баб.я живу для себя любимого☺,0
"ты чмо недоумок, ты чего это пожелую женщину обсираешь, ей 70 лем тварь недобитая мразота, думай что говоришь об пожелых людях, чмо безмозглое. язык свой в задницу прищими. это тебе внук пишет сволота. от имени её.",1
"да ты бабуля уже всем нахамила, кому только было возможно. это твой образ жизни, быдлячий. искренне сочувствую домашним.",1
"отлезь быдло, ты не интересен",1
на кол их надо посадить за то что беззащитного убили,1
everything is great,0
пидарги они при акаеве первова презинта давали участки пасобие и пенсии детское питание гум помощ давали малым имущим много имущим а эти конченые все продали и сами в долгах и народ тутаже тянут,1
резина фактически новая. зиму неотездила. 10000. с дисками и колпаками за 14000 отдам,0
"с баблом не так важно, конечно не совсем пустой,, важно что бы люди свои там на новом месте были. кто последнии 10 лет уезжает, многие не могут найти работу. многие на съёмных квартирах. проблем много, мои не хотят уезжать, как арина подрастёт, отправят дальше в самару учится, так делают очень многие, кто остался в уральске.",0
ебашти их мужики этих блядей путинских,1
"а если у этой твари ни совести,ни чести,ничего человеческого не осталось,тогда как?",1
не могу своим детям вбить в голову..тёщи лучше.. тешит не ругаются..тёщи бляди хитрые через дочек втихушку тянут свое..а мама не че не просит последнее отдает и мама плохая..,1
во времена аль капоне фур ещё не было!,0
"начало обсуждения темы было нормальным, потом начинают лезь те кто явно с головой не дружит. если жизнь не удалась, корите себя. а по теме такая цитата : держи друзей близко к себе, а врагов еще ближе.",0
где ты учился лупоглазый?,1
ужасное нижнее бельё 👎,0
"как говорил товарищ сталин,расстрелять и вся семья на колыму.",1
я тебе пишу не про блядей я тебе пишу про шлюх что и есть проститукаи.,1
может скажете какой цифры?,0
сволочь! зачем такую красоту портить? зачем он ему? зажарит тварь такая...,1
я делаю на трехлитровую банку с огурцами 3 ст.ложки соли и 5 можно 6 ст ложек песка и столовая ложка 70проц.уксуса и получаются вкусные огурчики,0
огонь мужчины!!!,0
марго ты видимо сама блядь,1
это азарт если кто понимает в рыбалке.,0
присяга была за первым столом,0
так и нужно всех отстреливать блиде...,1
"кагда человек страну поднемает ,найдутся пидары каторым всё не так",1
"а что ты забыл написать как ваши деды и прадеды ходили в палицаях и убивали детей, женщин и стариков, разницы не было в национальности, вот за это и были сосланы в сибирь, все продажные бендеровские укропы за один рубль маму родную убьют, а вы про россию, у меня лично пострадали от вас полицаев и бабушки и дедушки и все соседи которых пожгли в домах на украине, теперь оправдываешься, замолчи свой род и не пикай поршивец",1
"как вы заебали,лайка попрошайки 👎",1
какой у вас вопрос?),0
"смертную казнь, надо начинать с пидорасов депутатов, и путинских прихлебаев, которые жыреют прям на глазах.",1
"а он нанял этих уродов что бы они издевались над нашим народом ,уходи не жди , давай ,чем быстрее тем лучше для тебя ,",1
пидарас хохложопый .......держи себя в руках.........ушлепок завидущий в октябре месяце начнут делать прививки и только в россии в академгородке рядом с новосибирском изобрели вакцину .......нигде только в россии !!!!🇷🇺 🇷🇺 🇷🇺 ........иди поплачь от ненависти к успешной сытой и богатой россии и смирись .....ты навсегда кастрюлеголовый ушлепок в жопе у пиндосов ...........так тебе и надо ......дебил.....,1
"хороший закон,может и мы скоро догоним в этом плане финов,у них то старт был раньше,где то лет на 40 раньше,москва то тоже долго деревянной была,а щас то в белокаменную для чело битной много стран в очереди стоят,так что всё у нас будет ещё даже лучше. зависть плохой советчик,работать надо, ра-бо-тать !",0
пора под нож ..скоро резать будем свиней,1
ув. стас и ты веришь что это мог написать арменин ?!!! не говоря уже а политическом деятетеле ?!,0
"для дебилов которые пытаются на фени сочинять лозунги, западло это значит лень. нахер надо. ниче обсчего не имет со словом подло.",1
за то новый завод фитинговых технологий в чайковском обонкротили вывели все деньги за рубеж.этим губернатор не хвастается.,0
приехали. вот вам будущее.,0
пидор ты гнойный сидиш за границей и мутиш народ козлина ваша демократия нам не к чему,1
мадам твой лепет бред сивой кобылы. зомбирована напрочь. глаза разуй. розовые очки сними. или дальтоник. тогда к окулисту заодно и к психиатру. а может специально провоцируешь за обглоданную кость с барского стола.,1
или обьменяю на хороший солон королла ее 103 все вопросы пишите сюда,0
как хочу ебет тебя,1
забить гниду на площади прилюдно ..вместе с мамашей..,1
засунуть ему этот пистолет в место где нет загара!,1
обалдеть! вкуснее не бывает!,0
я при нем в 20 лет свадьбу на свои деньги сыграл на 300 человек . работал и не думал что появитца горбатыи пидор который все испортит.,1
"господа депутаты, вы бы повешались лучше. про вас такое пишут.",0
а этот пидар себе богатого мужика походу нашел!!!,1
посмотрите в гугле.если вы кирите то вам понравится это вещь..,0
"изолента в принципе не нужна, главное шланчик толстостенный найти, и свинца побольше!! 👍👍",0
еще надо было клык в очко вставить пид....су.,1
девочки не ждите выплаты за август не будет,0
зато не спутать с учителем,0
шлюшка бесталковая,1
"путин ..выебит всё ваше семя... мы поможем.. (будем резать вас , в бане , дома на жене, на кухне, ....в сортире будем мочить..(слова путина) он говорит , мы будем делать...",1
продают котят папа здоровый пушистый май кун тюмень 5000,0
ну ты и долбоеб.,1
классный пирог. спасибо за рецепт.,0
"Платье пришло в Москву за 2 недели! Порадовало, что доставлено, очень вежливым курьером, до дома! Качество неплохое, правда 100% синтетика, швы ровные, без запаха! на мой размер 48 заказала xl, велико! единственное смутило, что на на ярлыке производителя указан не Шеин, а другой производитель. А так платье очень даже неплохое! Спасибо!",0
от души всего наилучшего 🌹🌹🌹,0
Увы( товар отличается от товара предлагаемого сайтом.,0
какие все хорошенькие😍,0
автор с головой не дружит,0
несут культуру в массы,0
здоровья и счастья тебе надежда.,0
поколение пепси коликов.,0
пидарасье не уважаюшее свою землю не обитованную,1
не люд трусы как обычно толпой на одного мрази,1
уууухххх сука какая сексуальная сучка просто бомба,1
"ага а волк называл зайца -косой,и тут пидоры игомосеки",1
стройняшки! 💐💐💐,0
привет солнышко!,0
смотря какая вам нужна фотосессия :-),0
молодые говнюки ищут на свою жопу приключений все порулить хотят безмозглые бездельники,1
вам дикарям разум никто не вернет !!! москаль по жизни дебил и разумом никогда не обладал !!!! вы потому и стремитесь разбавить себя славянами ! при союзе ваша умственная отсталость не так была видна !!!! а ваш путин пидорас и педофил !! с высохшей черепной коробкой !!! под пепельницу еще сойдет !!!,1
"а с 1,5 до 3 что-нибудь я буду получать? если сейчас получаю с фсс",0
по-моему это не дерево-обман,0
"уроды,это только пока дело в масках,если что пострашнее будет у людей совсем крыши посносит",1
а вы что по чужим дачам ходите и в туалеты заглядываете? бред какой-то написали!,0
с ввп повезло😃,0
"а я сидела на трибуне и была свидетелем его победы. работала переводчиком на олимпиаде и сопровождала группу туристов из гдр. фамилию нашего легкоатлета запомнила на всю жизнь. потом нигде ее не встречала. спасибо тому, кто напомнил о рекорде в. маркина!",0
"а я презираю вас..вы будете лизать жопу власти даже тогда,когда она будет вас топтать и убивать...",1
"Футболка мне немного мала, но я думаю её разносить и она будет нормальная, а так заказ хороший. Спасибо, продавцу!!!",0
"я понимаю что урны нужны для мусора, ноо на втором снимке явно мусор кто то из дома вынес пока мимо шел либо в магазин либо на работу, так вот для домашнего мусора есть специальные места, а у наших людей наверное до этого мозг не работает",0
ебнулась россия матушка,1
"у меня вопрос, ну нахуя так много !!!! :o извините.",1
это настоящий герой!,0
мир сошел с ума!?это модель!!! уродина(hu),1
победители турнира че тный стрелкова патаlи игрск пи,0
салат этот очень даже ничего...,0
пейте дети молоко туалет недалеко,0
олег иванович знает что сказать и знает в чём суть.,0
счастья вам на долгие годы,0
"и подземный там не нужен , обычный ! а деньги пустите на ливневкам по городу , а то венеция сплошная во время дождя !",0
какая цена индюшонка ?,0
"а то что сами на востоке по людям и детям долбили никого там не царапает? мамки хероев... вы бляди не пускайте убивать своих выродков и они живые будут.. а на ответ типа посадят, так лучше отсидеть 3 года и остаться живим и без греха за убийство стариков и детей...",1
"доброе утро. на 18 лет мальчику есть что то в группе, не могу найти?",0
точно мразь безсердечная. пусть ему руки отдохнут.,1
уроды таких в сибирь пуска с медведями в тайге сожительствуют.,1
"все видели что вратарь локо наиграл на красную карточку, опять продолжается блевотина в рпл, тащат зенит пидоров, и локомотив за бабло. плюс игрушку ротенберга сочи, путинского дружка. беспредел во всех сферах.",1
надо с женами было договариваться на берегу,0
"я ему и говорю,ты что голодный в магазин ходил. (md)",0
руки оторвать не мешало бы,1
350 литр само вывоз есть 5 литров,0
чинуш вешать падло👎 👎 👎 👎 👎 8oi,1
его самого к стенке.,1
если не примет крутых мер все проебут как хохлы,1
для чего помогает,0
обожаю кабачки!!!!надо попробовать,0
просто.не вероятно,0
"ну так вы о духовной жизни тоже ни слова не сказали. а по поводу райской жизни в деревне - не надо всех смешить. да, работа была, в колхозе или (чуть лучше) в совхозе. пенсия от 5 до 27 руб в месяц. в гости к деревенским родным мы ездили с селедкой, сыром, колбасой , конфетами... тяжелейший ручной труд от зари до зари, дома огород и скотина, иначе не выжить. если бы вы хотя бы неделю пожили такой прекрасной жизнью, так бы не писали.",0
я лично за.иногда надо расстреливать браконьеров чтобы жизнь мёдом не казалось.,1
...а у нас варенье не залеживается...,0
пидарас на взрослых баб ума нет или что сучара,1
оля ) найдёшь кто мою жену в ротик трахнет ?) 37 лет ей,1
"у россии друзей и не было- были нахлебники и прихлебатели, как и у ссср. размеры не те ,чтоб дружить. у сша и китая тоже нет друзей- есть примкнувшие по необходимости..!!!!",0
"разочаровала просто, стала очень неприятная особа.... да дура.... по-другому и не скажешь, если по простому говорить.",1
"гандон штопаный, этого пидара надо вафлить,и заживо сжечь",1
бредятина обоссаная!,1
сука ты меня возбудила напиши мне,1
супер....молодец...,0
"разрабатывал, быть может, и ломоносов, но система-то советская! смотрите внимательно на картинку. там со времён михаила васильевича многое изменилось. картинок, кстати, с подобными задачами было в ссср множество. интересно, что бы сделал ломоносов с нынешними чиновниками минобра? в этом смысл заметки...важно, кто разработал, но еще важнее - кто применил.",0
сам ты тварь и провокатор!,1
устроили цирк его давно уже рассьрелять надо козла вонючего,1
разогнать дармоедов к чёртовой матери сразу столько сэкономим,1
"дебилом не рождаются, а ими стоновятся. потому что в башке пусто!!!!!",1
"пидор он, не помнит-был ли он в машине",1
сука путинские твари вы нас бойтесь скоро мы все восстанем и пиздец вам и вашему путину,1
89081017266 и меня,0
"я ничего не хочу,хочу чтоб людей услышали и что то наконец сделали для людей ,для своего народа!!!!!!!!!!",0
"я посылаю свою любовь и покой, мир и счастье всем жителям планеты земля!!! ❤ я призываю к помощи архангела михаила, чтоб на всей земле люди стали добрее, чтоб прекратилась вражда и все жили в любви, во благо всего окружающего мира!!! посылаю благодарность нашей планете! прости нас матушка земля за все грехи и неразумие! спаси и сохрани нас всех!!! во благо всех!!! так! так! так! 108*27 раз🙏 🙏 🙏 ❤ ❤ ❤",0
"тупорылых смутьянов в беларусии, надо стрелять свинцовыми пулями. батька , европейский каддафи.",1
"по жизненному...ты же не станешь отрицать, что получишь в рыло, если будешь срать в чужую кровать?",1
"странно,когда говорили,что медведи растерзали мальчика,они находились в клетках,за двойными решетками! был видеоролик. кто же тогда виноват в смерти мальчика и причем здесь мишки,за что их лишили жизни!?",0
"тебя суку не мать родила, тебя пидорас под углом высрал, ты думаеш к тебе старость не прийдет. тварина.",1
ну по мкаду можно ездить.,0
уроды конченые вас бы сука обуть в лыжи летом и заставить бегать ублюдки,1
небось завидно?,0
"девочки, в нефтяниках зелёная аптека, там любое лекарство можно без рецепта купить.",0
"хватить людей обманывать,пиздабол.",1
прикольный зубастик !,0
"хорошая собачка,дала хороший пример для человека",0
"...задумаешься и..#u29a319e1a9s#...лучше вернутся в то время,что было...чем существовать в этом...#u75d9b56c3bs#...",0
"все рецепты хороши, только вот уксус какой добавлять? сколько процентный ?",0
полетали мы на таком москва хабвровск...,0
это предоплата по блузке,0
"сидеть молча и не вякать,как ты выразился и видеть как россии приходит пиздец и народ нищает в самой богатой стране мира ---это не выход...повякали,собрались сообща и запиздили в москву гниду еврейскую отлавливать и убивать жидов друзей путена да самого путена принародно судить,отнять наворованное и казнить медленно и долго,чтобы эта мразь завидовала мёртвому!!!",1
"вот это крутяк. мастер, талант ⭐⭐⭐⭐⭐⭐⭐⭐⭐⭐⭐⭐⭐⭐⭐⭐",0
"возможно и такое, выгорание краски зависит только от качества самой краски:-(",0
"сейчас рекламы нет в группе, как с утра удалили, так пока что нет.",0
"вот и весь ответ, насколько эти выборы в очередной раз будутчэсными!!!!! хотя, с другой стороны, нигде ни в каких документах не оговорено, что установка таких камер и круглосуточное наблюдение запрещены!!!!! а, как говорится, что не запрещено, то разрешено!!!!! так что, эти отписки ермошиной просто отговорки, не имеющие никакой юридической силы!!!!! лида, хватит уже народ дурить, давай посчитай хоть раз по-честному, а не па-чэснаму, как велит твой хозяин!!!!!",0
лук прям пожил своё😂😂😂😂,0
"их надо бить, рвать ,вешать тогда будет толк",1
хуй в нос мы не поедем полетим,1
и мои поздравления осипову молодец ;),0
я бы тебе попу вылизал,1
"вино, водка, вермут, виски, валерьянка, валедол😅",0
лидер жопы советов,1
шлюха безголосая,1
мегомт кати личкат.иди нах ай ича чмо ебаный.,1
"всех расстрелять,а горлопаны начнут работать . вот тогда-то точно капец,если всех недовольны пустят в думу. они себе точно зарплату сделают ещё круче лямов 5 не менее.",1
💯 % все верно,0
гады! руки обоим оторвать!,1
пидорасы е р....,1
я очень их люблю тумень,0
какой хорошенький малышок!,0
его бы подвесить за ноги,1
проезд школьникам?,0
"Теплые легенцы жалко не колготки.С переди и сзади две полоски не удобно.На 48 размер заказала ХL как раз, заказала серые пришли очень темно серые почти черные",0
десять🤟👍👍👍👍👍,0
"кому вирус, а кому и хороший бизнес. пугальная маска себестоимость 1.5руб. продажа 60 руб. днём и ночью разводим лохов! секта сатанистов жидофашистов хабад любавич. доколе нечисть будет править на руси? геть всех в ис-сраиль!",1
хули гандончики лезут пуст вдв отмичают праздник они друг друга не убют,1
"не проснутся регионы, пока жареный петух в жопу не клюнет. амебы..... 👎",1
"когда будет новая полянка, обычная? уже все полянки улучшены на 100%, нечего улучшать.",0
"поймать , и отрезать причиндалы на живую,и накормить гада",1
"ох и дура!!! не позорилась бы пиндосовская «ласточка». это по твоей вине уже трое погибло в беларуси, на твоей совести их смерть!",1
а я на оборот с кефиром,0
пошел он нахуй,1
"нужна мне помощь да поддержка дружеская, не хватает в хозяйстве вещи малой для дела важного. мне нужно: перо жар-птицы https://ok.ru/game/kingdom/?item=452888229207_1596429421_2/0/88прислать перо жар-птицы",0
а мышь в какую цену?,0
актуально ещё???,0
"иди нахер, верните иваныча, черти!",1
сволочи бандеровские...страну уничтожили,1
"пару, тройку на площади расстрелять другим неповадно будет. и только тех кто этим руководит.",1
"мне интересно где жили люди у которых колбаса и мясо лежали на прилавках* знаю что снабжение было хорошее в москве, в питере и на украине. на север были поставки. и все! остальные на электричку и в маскву!:-d",0
бульбаш хренов предатель мерзопакостня мразь,1
"штаны не совпадают. размером.  специально искала на талию 130 см. по размерной сетке продавца должны быть именно такие. в реальности  на талию 80, а в растянуть состоянии на 96. а так качество хорошее, мягкие и теплые.",0
"урод, мразь продажная",1
по номеру.тема не моя,0
боже мой! как трогательно! 👏❤❤❤,0
пизденский очередной американский хуйсасун и педик,1
последние деньги отдал бы чтобы всю шушеру расстрелять кремлёвскую,1
"148) и жизнь, и слезы, и любовь !",0
"ну да! большому кораблю большая торпеда! вот бы только на борт всех упырей собрать, вместе с руководятелами, да ка-ак пиздануть!!!!",1
"иди на хуи, чмо фашист у тебя в кремле сидит, путлер завут!!",1
ну так ждём ваших новых песен в группе.,0
"хуйню гонит, люди совсем бараны что-ли, не понимают",1
браконьеры зачем убивать?,0
вот бы себе так!!!,0
музыкальный центр!,0
дай бог здоровья и хорошей семьи!,0
доброе утро как сделать заказ?,0
"а я в бухаре! границы жаль закрыты . я бы поехал к тебе.но ты пиши будем общаться, ты очень мне понравилась",0
а ты где учился иуда? к стенке тебя и лоб зелёнкой8oi,1
будут ещё грибы? доставка есть в степное озеро?,0
пидоры самые настоящие мрази и ублюдки,1
"вот вам пример, то как за одно и тоже становятся и преступником и героем. а как просто сказано в библии не убей .",0
без сердечно ради лайков такое фото ставить .бабуля наверно не знает что такое интернет,0
"просто не боятся, бабла много, откупится. надо сметную казнь возвращать как в китае, первых 100 на красной площади растрелять прилюдно, чтобы остальные суки боялись брать!",1
бля реал бой дод сука судья номарди кад,1
трахал бы такую! есть?,1
а причем здесь путин дебил у вас суки в россии чуть что путин виноват а ты тварь приложил руку к чему нибудь чтобы было всё хорошо чмо ебучее,1
и огромная душа у таньки!,0
пиздец граждане ч пиздец игип ио рано пиздец или позно наступит будь готов ги ремотиуатогs,1
пидр нафталиновый пиздуй нахй з украины !ё!!!!,1
Очень понравилось!!!! Хотя рукав 3/4 не люблю.... длина тоже адекватная! Доставка на дом курьером))),0
"да хуй ты угадал , я первее тебя белый халат одел , так что ты - получаешься - тем самым дебилом - пациентом...!!! а если сам желал вести разговоры в нормальном русле - то нужно и самому было себя вести нормально...! но ведь ты в курсе - что нормы-нормальности у каждого - свои ? а дебилов в одноклассниках-однокакашниках - действительно - много ...но ты не заостряй на этом внимания - ты их не переделаешь и не перепрограмируешь...они такие от рождения... ты видать новичок ?",1
"можно узнать сорт брокколи,спасибо.",0
баранину берете на реализацию?,0
"и правда, а чё мелочиться, полный рот ему х.ев насовать!",1
ложь пиздешб и провокация,1
американцы бесплатно ничего не делают.,0
"нужно узнать , где живёт этот долбоеб и навестить его вечером , денег взять на штрафы !!!! брать деньги желательно методом 90 ых , утюг на пузо , паяльник в жопу и реально не жалко (все равно мозгов нет ) .",1
"недоебы, воспитания 0!",1
на огороде не пахала....тяжелей микрофона не держала.......физически не работала,0
"мне уже года три назад говорили, что отменили вывоз крупногабаритного мусора. может и меня обманули",0
кто такой пользователь с ником уругвайская разведка.?!,0
"подскажите пожалуйста где можно купить свечи ,,чистоболин,,,ооочень нужны ,за ранее благодарна,,,,,",0
"уважаемая татьяна ежкова. зайдите на мою страницу и посмотрите видео от 26.07.2020года. все увидите сами. моя страница открыта для всех, не то что у вас.",0
буть ты проклят ублюдок,1
"вы пожалуйста не путайте господа, там совершенно другой климатический пояс, и женщины каблуки не носили",0
good!,0
будьте желанные будьте любимые будьте друзья мои богом хранимые,0
честность самое главное в отношениях...,0
в первый понедельник каждого месяца в большом книжном скидка 28%,0
"скромный мужчина 47 лет, русский, без вредных привычек, без опыта в бдсм, ищу женщину от 35 лет, готовую на совместные эксперименты в этой теме. нахожусь в пос. джубга. чистоплотность и конфиденциальность гарантирую. подробности и фото, в личку.",0
замес у пидорасов😂,1
противно смотреть эту рожу да да именно рожу нет на ней женский облик как булдок фу на тебя,1
"сучка, а не мама. найти бы её и прибить.",1
я против этого гондона,1
"талант,большой молодец,спасибо за красоту👍👏👏👏",0
что толку от того за мы или против...как наверху решат так и будет. смешные! зачем писать такое...не понимаю...,0
"мутант одной ногой в гробу, но говна засунуть в вентилятор нужно.",1
"ну , и что у нас сегодня на обед ?",0
скорей от смеха. а не от страха,0
"о тех кто останется на донбассе, укрытия головы расшибут!",1
получила спасибо удачи,0
"на кол его,у кремля.тварь,таких с рождения топить надо.котенка жалко а его нет,нелюдь гореть тебе в аду.",1
и таких блядей и в думе и в правительстве до фига,1
укорененные черенки герани от 35 руб.,0
самооценка поднимается от количества выпитого.,0
"сами блять носите свои маски,это мое здоровье,и оно вас не должно волновать,кому хочется носить? носите! а я не одену этот намордник, моё здоровье в моих руках,козлы блять сранные",1
"и медведя не боится, и волка не боится?! как же так??!!",0
надо было рожей об асфальт... чмошники и лошары...,1
а выросли прекрасные котуньи,0
"хуйло это валеры ты ,и это не обсуждается",1
всем здравствуйте. ищем родственнико в новоозовском районе п. седово. может кто поможет найти тётю гребенчук (слободчикова) ольга семёновна 1950г.р. и брата гребенчук пётр николаевич 1974 г. р. огромное всем спасибо.,0
"да ебн и не выбирал путина ,его поставили перед фактом или он мирно уходит и его семье остается все или ....вот поэтому÷ я устал и ухожу....",1
"любочка,спасибо вам!!!:-$ 👍 💝 🌷 🌺 🌹 🌷 🌺",0
"всю ночь жрали крабов ,трахали их там🤣",1
раком говорят кобылу он,1
"ленин наработал,а пи..ры просрали...",1
дай бог и ей такую смерть.,0
"в данное время врачи-герои без обсуждений,",0
стадо уродов левых педиков....,1
скоро будут кричать кто не скачет тот за путина,0
голову уроду отрезать,1
блядь она и есть блядь какое звание ей неприсвой.,1
формат а3 распечатываете?,0
москаленки детские пришли и многодетка,0
следующий базель.,0
что такое флешмоб???,0
"это сколько и кому ну нужно сосать,что бы в 26лет быть генерал-майором?",1
"ещё и крест напялила ,мразь.",1
"потомушто долбоебы, зато щас разнообразного хлама полно",1
спасибо. футболка хорошая. На русский 42-44 села отлично,0
когдато хотел помыть свои грязные ноги в индийском океане еврей дурошлёп,1
и все-таки это уже кому 60-70. послевоенные,0
ударная волна из бейрута достигла архангельска,0
на вашем канале одне пидары,1
игорь ббрегион в океане bхрlиvш змхтq сука неделю хожу спецом магазам и или по ищу бабку которые или деда по три яйца или по две хер картохи покупают нет и нет нас таких все у и бомжей вообще нет и сильно спившихся раз два и обчелся и то сами прячутся посчитал дворе бти во бч машины чьи этажки блять марсиан,1
это не по-настоящему игра видно графику😂😂😂,0
"дурка по нём плачет. наверное специально дурки на украине по-закрывали, чтобы таких долбоёбов туда те прятали.",1
на мыло пидораса,1
"Товар не прислали, открыла спор , сказали вернуть им платье. Я попросила, пришлите мне его, что я верну, если его нет. Спор закрыли, потому что я не вернула платье , которое они мне не прислали. На контакт не идут, говорят своё. Деньги не возвращают и товар не присылают. Продавца ооочень не рекомендую, развод.",0
храни господи всех сыновей. они наша опора и надежда.,0
повети з любовь в,0
"видела красоту балконов, но такую в первый раз , чтоб деревья росли",0
"ты чё сюда припёрлась??для тебя страна для дураков,вот и сиди в ней,я бы хотела с тебя поржать если тихоновская станет призидентом,наверное будешь бежать из страны для дураков,чё те здесь жить то с дураками🤓🤓🤓,понаберают таких как ты 🤭🤭🤭🤭😬😬😬😬.......по жизни👻👻👻👻,ещё сопли весят,а она сунула нос куда ..... просят🤡🤡🤡🤡 ты ,не нравиться чё сидишь в этой группе ,дураки по жизни!!!!!",1
"заказ пришел за 10  дней, курточка-прелесть!!!Я ее люблю!!!",0
"у одной коровы был хвост метёлкой родила быка, у другой завивался родила тёлку. ☺☺☺☺☺",0
ой вот кто в думе какое правительство такие дэтутаты! разность эту позорную думу.,0
это здорово.,0
"ты, гебешная мразь, смотри за своим хуйлом и сколько этот ублюдок со своей воровской шоблой украл и нелезь в прибалтику и украину.",1
моральный урод.8oi﻿,1
от череповатых тоже недалеко ушел.,0
- поменять тягу - осла на пидаров..!!!..,1
я твой рот на хую вертел,1
:-d не надо морочить людям голову. в то время доллар стоил дешевле рубля...,0
"если раздаешь, раздавай молча, не чего хвалиться. молодец.",0
накол хуилов,1
"я иногда делаю, помогает и реально работает",0
бедолага!!! как я его понимаю!!! врагу не пожелаю!!!,0
вот детям радость,0
уроды.че выкладывайте.он такой человек как все.и покойник!,1
достали суки лезли боты.,1
путинские пидарасы скоро будем убивать вас по одному,1
пидор тебе подлечится надо😉,1
у нас вы господин мендель и ваш друг вова( они для меня с маленькой буквы) и свора жадных пидарюг ваших друганов утратили доверие.мы вам об этом говорим.как быть с вами???,1
"👍👍👍хороший ,дельный совет.:d",0
пиздаболка блядь,1
"даю, но слабо",0
кастрировать\и\сжечь,1
хочу тебя отодрать во все щелки,1
"уходит время, нам меняя внешность: лицо, улыбку... даже взгляд. а что поделать? это неизбежно... нам юность не вернуть назад. и строчка в паспорте не будет нам помехой, о ней мы позабудем навсегда. побольше шуток, радости и смеха. поменьше думать, как бегут года! не остановим мы течение жизни. увы, но не подвластно это нам... но всё равно! не прибавляйте годы к жизни. а прибавляйте жизнь к годам! ok.ru/profile/533683043192/pphotos/901531798648 ok.ru/irina.petrova.ir8659/pphotos/901531798648",0
"обычная страшная игрушка, не дай бог такую ребенку подарить.",0
их надо сразу на месте стрелять,1
жидяра ебаный развалил страну сука гореть тебе в аду мразь,1
мое мнение назначить пожизненную выплату пострадавшей стороне в % от всех доходов.боюсь только статьи такой нет в нашем законодательстве.,0
как бы то небыло а буржуи личинку дованули!😂,0
стыдно должно быть тем кто вымогает лайки за такие фото,0
не я путин.ты бы у меня лет пятнадцать сучки отстегивал в тайге!за это гужно судить.генеральный прокурор ты где?,0
"придурки это актёры с его же клипа зож, посмотрите сначала, потом чушь тут сочиняйте!",1
сергей иванович сделайте зачёт гто у глав района и поселений кто не подтягивается 10 раз.отжимается 30р.и бег на 100м.и 5км.всех в село на уборочную и скотниками.на 6 месяцев.,0
расстрепять на хуй два раза,1
"урод ебаный, конченный петух!!",1
"прошла информация, что сегодня шествия в хабаровске не было..собрались несколдько десятков и разошлись. наверно побоялись десантников и их покровителя илью-пророка. ( дождь в городе).",0
хозяйки она не нужна.лично она сама говорила через знакомую известно,0
"вот так же весной 85го отшвартовались от главного причала и обратно пришвартовались только осенью 86го, с чувством исполненного долга.но точкой отчёта был петропавловск-камчатский. много интересного и незабывемого было позади а впереди ждала камчатка, отпуск и ещё год службы. долгий год.",0
тебя для с,0
я служил в железнадарожных вайсках и всех мужиков в каких вайсках они бы неслужии с праздникам. адибя с днём пидараста,1
обращайтесь по телефону 89244799832,0
"читая твои гнусные писульки видно, что ты образован, наверное имеешь высшее образование, а может и не одно. то, что ты пишешь женщине будто у тебя что то есть, то это вторичный признак пола. а вот первичного признака мужчины - чести, так чтимой на кавказе, у тебя то и нет. ты выродок, образованное быдло. заранее знаю, что ты напишешь в ответ, поэтому не трудись. очень бы хотелось плюнуть в твою паскудную рожу.",1
пидораска старая тебе катастрофически хуя во рту не хватает ты решила на холяву сосать а хуй бабло вперед потом тебе хуй в рот 😂 😂 😂 😂,1
"стоило сказать кто ты, и с каждым комментарием доказываешь мою правоту. ты пидор, с тебя больше взять не чего.",1
его скоро однозначно кто-нибудь кокнет. тварина,1
"по моему ему просто мало заплатили за крещение вот он взбешен, дьявольское отродие",0
пидор очкастый,1
голикова тварь конченная как и все единоросы во главе с пидор ом путиным.,1
"благодаря теперешнему руководству нам не годы а и возможно не одна петилетка понадобиться чтобы выйти с этого кризиса и кто бы не стал у власти народу хуже не станет а воот нынешним ой как поплохеет воот они и скачут как воши на гребешке и для их сочувствующих думаете он бессмертный и будет править до коли а если бог даст его вывезут,что всё нам хана",0
пи вот пидорасы же как чего спиздят обязательно медведя нарисуют с,1
"ну вот один гон....н взял интервью и другого...дождались, до последнего надеялись, что не дойдет до этого. уже видео в сети. ну что сказать...батька не только изгадил свои шаровары, хрен с ними, он еще набрал в рот дерьма и смачно плюнул в сторону рф.",1
дерьмоедово,1
говно--- оно и в африке говно.,1
"больно за этого мужика, больно за нашу россию. не стоит ни гроша словоблудие наших правителей. и это по всей стране.",0
замечательно прелесть супер💋🌹💋🌹💋🌹💋🌹💋🌹,0
прверьте построят!!! лично знаю семерых таких причем они не только меня не пожалели но и моих сынишек! шестеро из них очень даже счастливо живут и без всяких угрызений совести...одного нет в живых но и он прожил счастливо и единственное наказание судьбы которое он получил это то что у него был только один сын-тот которого он не захотел пртзнавать и который носит другую фамилию,0
"скотобыдло-ты,ублюдок недоношенный.",1
размеры прихожей?,0
"просрали дружбу, стратеги херовы. теперь и белорусы отворачиваются. как только с украиной началось, сразу сказал, следующая белоруссия. не могут быть все пид.расы, а одни мы дартаньяны. хотя... наверное никакой дружбы и не было.",1
тварь жаль закон слишком мягок к таким.,1
давить танками это дерьмо,1
не открыли,0
"бабушек и дедушек лишили этой возможности, работать заставили",0
мои люди! дорогого стоят!!!!!,0
где это столько грибов.,0
"ты живёшь здесь, какова хера ты пиздиш. это такая же тварь как и ваш путин.",1
аминь аминь аминь🙏🙏🙏🙏🙏,0
"фуу, и кто с ним спит ? с этим еб..ло !",1
ложь и предательство убива от четыре правды доброту доверие любовь верность оо,0
кто это? классные.,0
клоуны вдв? они такие же как менты сука цыркачи и ещ е телефоне красуются,1
"небось опять в гвардейских выблядков кто-то стакан пластиковый запустил 😁это же ни женщин и слабых мужиков гробить.вдв респект и все остальное .спасайте ,нас и нашу ,пока ещё,нашу землю ✊",1
наталья есаулова 11:36 (ч.1),0
въебал пидораса и телефоньчик отнял,1
"как награды , так и звания давно уже обесценились.😡",0
это восхитительно! какие молодцы! нам надо всем брать пример с этих людей!!!!!,0
"идиоты и мы знаем , что они идиоты.и они знают, что мы знаем, что они идиоты.",1
пидоры продажные,1
их там и не будет в этом мире каждый сам за себя а там мы каждый за себя ответим,0
везет вам,0
пошол нахуй козел,1
"извиняюсь(ch) ,больше таакоой ошибки не будет:$ :$ :$ :$",0
"вот такие козлы у нас по рынку ходили одно время , червонцы на портянку сшибали. позорище. типа , казаки.",1
да бля..это ёбанае дитя больше их сука.. ребёнок блять..аххаахххаааа....,1
нужен магический шар запрос активен,0
его надо выкинуть. сволочь!:(,1
хороший свитер. Но рукова коротковаты,0
легче утопить чем содержать голодранца,1
"молодчина! так бы всех насильников кастрировать, чтоб другие знали как насиловать и издеваться",1
"с днём рождения, любаша! 😘",0
откажись от лдпр. вступи в ед. рос.,0
"мы простые коммунисты не воровали и не хотим воровать и не хотим чтобы воровали хули вы нам то говорите уёбки тупорылые! зато ваши единороссы честные охренеть можно . так, что рыло своё закройте вы либо ссыкуны либо при власти пасётесь дебилы!",1
путинский гавнюк,1
и задушить насмерть,1
согласна - скоты,1
придется ехать в испанию за этим пидором,1
всех студентов из польши вычислить и расстрелять ! пока ещё не поздно !,1
"ну если у нас в россии пьяные шестилетки виноваты в дтп, то этого клоуна отпустят👎",0
здоровья и как побольше здоровья,0
вот откуда эти отметки на остановках,0
за 💰или как отдаёте,0
"руки оборвать ,тем кто это сделал,я бы взяла,но у меня уже трое подобрышей,а вам терпения может кто и наберётся смелости и хвостиков разберут",0
а что не за 25 тыс и без доков,0
"мразь законченная , ей подобных вроде как и не мать рожает, а пидор высирает",1
"дешевый патриот. как жаренным запахло - вот и за рулем не сидел, и оказывается машина виновата. жидок на расправу оказался. а как выступал, как выступал.......!",0
перегрелась от изоляции,0
ты что пидор на таких людях классы зарабатываешь? наживаешься что за воспитание у тебя ублюдок!,1
"слышишь,ты глупое сосздане,уже пробили твой адрес,оскорбляешь не за что,тебя мой муж научит умау разуму!дурачек херово!",1
сжечь гандона живьём,1
расстрел!,1
придурок ты от хохлов недалеко стоишь))такой же нищий и под хуем жидовским лежащий как и русы на украине,1
быдло (соц. статус) в погонпах,1
двигатель собран,0
"иногда лучше помолчать - глядишь, и за умную сойдешь.",0
это всё от тупой власти на местах и от без различая людей не моё и ладно,0
знак конец всех ограничений поставить,0
таких придурков надо уничтожать без суда и следствия,1
мой хуй стабой,1
и вас поздравляю с великим праздником. счастье и блогаполучие вам.,0
"вот блин, убить мало таких людей. сили хватает только на детей ублюдки 😡😡😡",1
в нем дения рож,0
"ничего нет от прежних времён,как будто попала в чужой город.раньше улица ленкома была тенистая,а сейчас голая.даже жалко жителей .",0
"леонтьев-легенда советской,российской эстрады.а ты -вонючка бездарная,шаболда.",1
молодцы бейте путинских блядей,1
кулю яйца на кумирский лимит 600 тыс лимита,0
"на земле под солнышком расцвели подсолнушки, каждый из подсолнушков маленькое солнышко. и лучами солнышко гладило подсолнушки крепкими , здоровыми вы растите , солнышки. улыбалось солнышко, глядя на подсолнушки, до чего ж красивые, маленькие солнышки. радовалось все вокруг маленьким подсолнушкам добротою по земле расплескалось солнышко!",0
"зкильки приехал блять, уёбки бандеровские",1
а в крыму у некоторых людей пенсия 8 000 - 10 000 тысяч рублей .....,0
такой у нас вырастет пристрелю,1
какие вы все чмо. хоть бы один освёсетил проблему. одни оскорбления. противно читать.,1
и день химика😉,0
"когда же это закончится ? сколько этих уродов в стране ? издеваются над животными только не нормальные твари, у кого с башкой проблемы. 🙏 :(",1
он даже в аду никому на куй не нужен пидрила ущербный,1
"всё правильно,одни глаза чего стоят!",0
пиздабол натурального бодибилдинга,1
самые сладкие,0
я завтра на 4 дня время на игру немного будет но по минимуму сделаю,0
"здравствуйте, а под какой процент? какие документы нужны для оформления займа?",0
какие тебе нужны можно узнать,0
"Это не платье не стоит и 200 рублей. Кружево просто обрезано не обработано, подклад ужасный пришит как то и где то-выбросить и забыть",0
хороший человек его фамилия !!!!,0
стрелять надо с.к,1
"напугал ежа голой жопой, пиздабол.",1
"он предчувствует что совсем скоро им пидросам будет кирдык,",1
"нет слов, чтобы выразить благодарность моей мамулечке:$",0
как эта дорога была построена?????,0
"единоросов не выбираем, сколько можно терпеть",0
отрубить этой малолетней твари палец .,1
"турки ,охуевшие. кипра им мало.",1
"ну девчонки молодцы этого лесюка пидарасюка почистили,,просрали свою украину сейчас крайних ищешь.можешь не отвечать понятно и так что на говно исходишь",1
свежего салата из капусты и чая(капота)😂😂,0
"твари слетелись! корм и ведь,с.ки,не подавятся!!!",1
голосуитибольшызапидорасав,1
"губа не дура - лёг над трубой откуда тепло выходит. у дядьки во фрунзе собака была, как мороз залезает в арык с водой-только голова торчит! мы думали глупая, а она умней нас дураков была. вода в арыке с теплоцентрали сбросом шла, даже в мороз градусов 20 тепла. хозяева с работы придут, только дверь в хату откроется, собачка прям из арыка мокрая в предбанник шасть и там уже обсыхала. :p",0
чикатило невинный агнец по сравнению с николашкой кровавым! гореть в аду этой твари! а товарищ сталин- спаситтель россии!,1
хуйло ряжене,1
урода расстрелять а за те деньги сделать операции больным детям.,1
отдать эту тварь родственникам девочки на растерзание,1
луке поебать....,1
с праздником всех земляков....,0
хуило ты кариков!,1
тварь!!!!!!!!!!!!!!!,1
в бригаде которая строила мост уверена не было ни одного квалифицированного строителя. сборная союза иначе не назовешь. и те начали разбегаться перед окончанием строительства. а начальник получил грамоты за что спрашивается. очень красивый сняли репортаж об открытии моста. где сейчас наши власти которые красиво выступали на открытии моста. нету. никому нет дела. а мы карабкается по этому мосту на работу. потому что очень нужно. а там снова сидят отрезаны от мира дети и пожилые люди. ибо им по такому мосту пройти нереально.страшно и опасно. итог от чего ушли к тому пришли. но кто то заработал деньги,0
она что на огороде работает,0
"как надоел этот либеральный артистический козлятник! сборище пидарасов, лесбиянок, алкашей и наркоманов. каждое видит себя или станиславским или великими мироновым или папановым. а на выходе одна бесталантливая мразь",1
"да, мразь, сделавшая такое, не заслуживает снисхождения! но бумеранг то прилетит...",1
"не все депутаты, но основная масса - это люди без совести!",0
"это не выпускники пввкус.... это отморозки, которые не знают историю и не изучали её... прихвастни пендосов",1
"покойся,с миром долбаеб!",1
байер-рейнджерс 2-0 севилья-рома 0-1 базель-айнтрахт ф 1-2 вулверхэмптон-олимпиакос 2-0 манчестер с-реал м(приз.матч) 3-1 ювентус-лион 3-0 бавария-челси 3-2 барселона-наполи 2-0,0
"дк куйбышева - норма . ну могут же , если захотят !!!",0
"одним словом,все путенята-пидоры гнойные!",1
"свежо предание, но верится с трудом...",0
потому что мы так воспитаны,0
хлипкие скульптуры...,0
пидарас конченый,1
"народу затуманили мозги...кругом были смотрящие,попробовали бы только пикнуть....опыт у него и его подельников большой...народ протестует против плохой медицины, плохого соц.обеспечения населения жалуются врио губернатора хабаровска,который всего две недели у власти даже его однопартиец говорит,что в о всем крае убитые дороги,как высказался дегтяревдороги,как после бомбежки.....но при фургало все молчали ..страх!!!!!! а восхваляют великого губернатора по взмаху дирижерской палочки его соратники со времен заказных убийств держат регион....некоторые уже в бегах....",1
здравствуйте! размер по плечам какой?цена?,0
"дороже ребёнок, чем эти проклятые деньги.",0
родила мамаша в ночь не то сына не то дочь,0
любо братьям казакам!,0
на выпускных такие имеют бешеный успех.,0
"я желаю сосать его,пока он не брызнет!💋﻿💋﻿🌼﻿💋﻿",1
"седыми, слосно лунь",0
всем здравствовать! что нового? как проходит лето?,0
"уроды оба, таким нет прощенья, казнить.....",1
ёбаный бред,1
а 2% это друзья путина.,0
сдохни тварь вместе с дружками олигархами-прихлебателям,1
"сволочь конченная, гаденыш",1
триопт обувь без рядов сп87 стоп!!!! дозаказы принимаю!!! сайт http://opt-opt-opt.ru/ 👢👠👡👞👟,0
внимание к открыта вакансия свердловский краеведческий музей приглашает на работу активного и общительного члена команды на должность научный сотрудник требования с высшее либа незаконченное гуманитарное образование грамотная речь обу учаемость т доброжелательность ответственность с знание пк на уровне пользователя владение тел о оз программой рнотоsнор огромное преимущество,0
"молодец здоровья,счастья !!! спасибо родителям,что воспитали настоящего парня !!!амин !",0
"да , иногда нужно это делать!!!",0
#u9b079b0736s#как можно такое сокровище оставить :-o,0
ну почемуты такой уебан,1
всех накол,1
расстрел надёжнее. и эффективнее!,1
а вам не стыдно собирать собачьи лаи! (fr),0
"алла если тебя путин з-л вперёд на помощь, мы тебя подержим:| 8oi",0
4 мизинчиковых батарейки в лапах,0
классный рыжик,0
посев воздушных бульбочек производить весной или осенью?,0
"только трахать тебя на кушетке, а прививается хай дочь вовчика",1
учитесь на здоровье. не благодарите......,0
"как блядь грамотно говорит, так сука самому цифрой хочеться стать",1
"ты оскорбленным родился,опущенная мразь.",1
"я все не пойму откуда берутся эти долбоебы,которые так ненавидят свой народ и свою родину..как они у власти то оказываются???это что блядь за патриоты то такие..",1
вранье!!!никто никаких лекарств не даёт бесплатно!!!расширение на бумаге!!!!надоели чо своим враньем!!!!,0
85р на голодный телефон 8550 для девчушки из коробки,0
ебучая группа только лайки выпрашевает,1
безграничная любовь и преданность,0
"придержать не могу, маленький ребёнок",0
"да он до своего совершеннолетия может не дожить , головенку где нибудь за углом открутят, тогда вся ебанутая родня по плачет.",1
размер 90см на 2м петли слева.,0
у пукина была задача- надеть корону. всё остальное лапша пукинская.,0
крысы мусорские,1
шакалы помоишные шоб у них могилы хуями покрылись,1
"у меня была такая проблема с эндометриозом, я пью силуэт и мне врач сказал перерыв вообще не делать, а пить постоянно. при восполении может быть задержка, но если есть восполение то его надо лечить, а это к врачу. молочница задержку вряд-ли провоцирует.",0
"Товар так и не пришел, продавец дал левый трек который отслеживался - что его давно получили в другом городе, когда я ему написала сказал что все прийдет, но ничего так и не пришло. Обман",0
хуиплеты мрази,1
"народ не верьте очередной пиздешь ,кто его проверит , сейчас пойдет парад жополизов , привьется бабкина певун лещенко и вся мразота будут кричать о прививке , столько лет не можем сделать инсулин , а тут раз и готово пиздешь и провокация !!!",1
"что тебе сказать долбоеб, грибы отрезать надо,а не вырывать с корнем.",1
да прям! есть!,0
"Неплохие чулочки. Пришли быстро. На 38 размер ноги нормально. В ляжках 50см чуток маловаты, но думаю растянутся.",0
она дура дать ей 10000 тысач и пускай она живет дура есть дура,1
"да,пидор ваш петька,мразь толстая,на кол его сучару!!!(h)",1
еврей ебливый соловей,1
хуйпутовские шавки.,1
"я извиняюсь,а что в этой..........хер его знает что делает кавказ???????????????????!!!!!!!!!!!!!!!!!!!!!!!!!!!!!!!!!далбоебы стыдно за вас,вы просторы родной страны не знаете!!!!!!!!!!!!!!!!!вот вы и являетесь настоящими националистами!!!!!!либо просто тупость вашего головного серого вещества зашкаливает!!!!я человек воспитанный,но за такое знание родины,хуям по лбу бы постучал!!!!!!!!!!!!!!!!",1
"огромное вам спасибо за доброе пожелание. и вам желаю того же. у мня тоже дочь в психоневрологическом интернате, просто чтобы она не навредила людям. я с этим смирилась, не переживайте, меня нельзя обидеть, я всё воспринимаю как подсказку. всех вам благ, живите с богом в душе.",0
"твари,чтоб вас жизнь связала своими путами и оставила сдыхать👊👊👊",1
чертила хуев на личность сам перешёл ещё и я чурбан после этого это ты сам чурбан не воспитанный !!!,1
а почему они лежат рядом ?,0
молодым родителям на заметку.,0
а вы я смотрю к дохуя умным относитесь😂,1
взаимно по ссылке https://ok.ru/profile/453423935063/pphotos/899643327831 любые пожелания в личку 😉,0
и цену по золотому кольцу,0
в рублях пожалуйста!,0
ходи пешком,0
спасибо господи за всё! 🙏🙏🙏,0
"пизду бы тебе зашить, чтобы не размножалась бесит ее гляди ка,.а те дети что из другого теста??не рожала бы тогда свинины кусок зажравшейся",1
"сволочь, подонок!!!",1
тварь раскадируй свою страницу посмотрим кто ты такая наверное есть что стыдится взламать твою стр. легко ипросто,1
"желаю девочке обрести счастья, опять не разочароваться опять в мужских особях, под названием яйца кладущие, у которых нет ничего мужского кроме яиц. настоящий мужик необидет слабого, тем более женщину. много горячих точек, идите на войну, где можно рубить не только руки , но и головы!!!",0
"делили в стоматологии. ничего там сверхъестественного нет. в это же день все заживает. не лазером делали. дольше подготовка, чик и всё",0
вам...блядям до сих пор крымский мост не очевиден.видимо с батькиним электоратом то же самое.:-d﻿,1
"очень красивые куклы, такие в магазинах не продаются",0
только заказ или наличие?,0
обе проститутки,1
"лохотрон! очередной развод- для того,что бы получить деньги,надо будет заплатить или за услуги юриста и пошлину за перевод денег,которую они типа потом вернут! в итоге никто и ничего не переведёт вам!",0
возможно быть твоим поваром люблю жарить качественно,0
"ублюдочная власть во главе с шизофреником и ублюдки которым руки развязали. давайте придурки показывайте свою удаль, избивайте своих людей так как этого хочет один сумасшедший. вы падаль вонючая хуже фашистов. они людей били на войне и люди на чужой земле для них были врагами. а вы же пидарасы своих бьете, вы же живёте за счёт этого народа. вы же козлы сами ни хера не делаете, ни хера не производите, вы же ни хера и делать не умеете кроме как людей бить. вас самих убивать надо. козлы.",1
"карелин, своими заявлениями по пенсионной реформе, полностью дискредитировал себя, нерукопожатный....",0
"норм сиськи, я бы ей вбул например:-$﻿",1
пидар трусливый -нагадил,1
опять два одиннаковые слова валидол :d,0
утопить к ебеням,1
наш сын тоже в иркутске присяга была 26 июня в зеленском сейчас отправили в другую часть,0
"у моей подруги мама выращивала цветок-невеста,он разрастался во всю стену,не нужно было другого украшения.",0
где сейчас такие деревья?,0
пидор гнойный. чмо затрахонное,1
красавец хуеплётов на место ставить надо,1
импрессарио,0
блять слов нет сука урод ебаный,1
"разбирают переговоры футбольных арбитров, как разговоры пилотов из ,,черного ящикаразбившегося самолёта!!! люди, футбол это просто игра!!! вы совсем ебанулись с навязанной нам цифровизацией!!! у вас совсем ничего человеческого не осталось??? вы превращаетесь в диких животных!!!",1
"молодец,это здорово!",0
"жаль, ребят, светлая им память.",0
"ушлёпок, выкидыш бандеровский, ты кого заразами называешь,вы только со схронов повылазили, или полякам унитазы мыли холопы продажные, в то время когда народ донбасса,трудился и преумножал богатства украины и был её гордостью.",1
твари неблагодарные...,1
"по ебалу видно, что мразь ещё та....",1
и не только .всех врачей кто открыл платные выжигать на корню. а то многие до обеда сидят в поликлиниках а после у себя в платных .. а ещё лучше - выучат своих отпрысков и на приёме только к ним и отправляют. пока не будем их убивать ни чего не изменится .,1
хохлов на плов,1
"здравствуйте, цена 15 000тг. кушает всё, проглестовки сделаны. без документов. будет маленький.",0
"как много, когда командир умный и хороший. у меня взводный вытолкнул сына из кабины, сам погиб, а мне сына сохранил. вечная память и материнский поклон таким командирам.",0
"с такой зарплатой как у него и пенсия не нужна, расстрелять его нах...й гандона.",1
хочу узнать тебя,0
как была хабалкой ею и осталась вульгарная бабища,1
ха! ма(д)олетнее? ты хоть проверяешь что пишешь? я мать двоих детей ты вообще вкурсе с кем переписываешся? тебе даже лень проверить профиль человека которому пишешь? ну да канешн у тебя же вообще времени нету на это ты страдаешь от своего отражение в зеркале и от того что парню которого ты любишь насрать на тебя. ты чмо скрывающееся под маской няши ты гавно и это не исправить потому что без причин оскорбляет людей тот у которого у себя проблемы с самоотценкой а мне на тебя просто насрать) а запятые я не люблю не хочу и не ставлю иди в жопу!,1
"Не пришла, деньги верули",0
"ту на ваше рожу уроди, казли, не блогодарние свиини.",1
шлюшка продажная она,1
"пока запланированы только выезды, указанные в афише. в город не едем. 😊",0
"че она доебалась до пацана, когда ещё так кайфонёш",1
а что самому доехать к девушке не судьба или ты вльфоес? не позорься сам и мужиков,0
"это вы позоритесь, опускаясь до таких постов..",0
бред всё этой,0
"он молодой парень выживет ,он крепкий и нельзя так говорить,вы врач?! пусть скорее идёт на поправку .минск это не светлогорск ,там отношения другое к народу особенно в больнице... намного лучшее чем здесь... давайте лучше поддержим родных,чем языком трепетать то что не надо.его родным сейчас труднее всего особенно маме...",0
профиль пидараса хуй сосет за восток алтай оо д добзвить российских в друзья написать рублей лента друзья фото гругпы з игры заметии видео еще в ебется в час новые фотографии о родится ал ста оз зв лау жопу оо за барнвул в жизет рублей в подреснее востоке минуту друзья в спид болеет к важное фото заметы классы видео игры ом меи пмитр,1
толи ещё будет......,0
это обсессивно-компульсивное расстройство. при таких расстройствах выполнение определенных ритуалов на какое-то время дарит человеку чувство контроля над жизнью.,0
тоже говорили бойцам беркута в киеве значить сценарий один и автор тот же,0
"девушки, не ругайтесь. нынче безграмотность? - это признак продвинутости и креатизма! а русский язык и лит-ра? - кому они сейчас нахрен нужны?",0
трусливая хуйня!!! полюбому не мужчина!!!!!!!!!!!!!!!!!!!!,1
"всё в норме и по регламенту! слуги народа лечатся отдельно,живут отдельно ибо не положено челяди с барином под одной крышей жить. народ решил слуги отдельно значит так и будет.",0
начальники делятся на пидорасов антипиидорасвв з ч пидорасов волшебников почему начальник пидорас говорит я тебя сидоров выобу и начальник говорит суперпидорас я вас всех выобу начальник антипидорас говорит я тобой сидоров обаться собираюсь не тут с начальник волшебник говорит пидорас я тебя сидоров выфбу что ты глазом так моргнуть не успеешь,1
"Доставка 12 дней, на объем талии 69,бедер 92 в самый раз.",0
а в тоннеле скоропоездном не пробовал? там эхо побольше.#u9b079a3836s#,0
таких надо повесить на главной площади города и пусть неделя там и народ смотрел на них!,1
расстрелять напdй с и сжечь,1
думаю сладкого надо тоже 1 кг. а горький считается стручком. и 100 го стручка не так и много,0
"молодец! ты очень смелый мальчик и добрый! родители должны гордиться тобой. здоровья тебе, малыш.",0
"от суки ивановой читаю,будешь много пи......ь тебя точно загребут",1
"а почему в кавычках крупная сумма написано, наверно 1000 р всего лишь",0
я тоже побывала в такой же ситуации;),0
схема не соответствует.,0
а ты что охуевший то такой?ну ошибся человек...это повод писать оскорбления?ты ничего не попутал?или таким образом ты самооценку свою поднимаешь?:-d.историк невъебенный😂откуда такие познания почерпнул?из википедии или гугл помощник твой?))))),1
Очень клевая футболка. Спасибо.,0
"светлая память всем деткам, так рано ушедших от нас, мы их всегда будем любить и помнить!!!!",0
"а тут как всегда, ничего не меняется в этой группе. где митрофаныч там и срач. когда же ты подохнешь старый сплетник?",1
"«все $•€•; что я прошу у вселенной, я получаю»",0
сегодня был взрыв в ливане.,0
"вот она сволочь,",1
хоть напишите что нибудь,0
"их просто пропихивают! богатейшие блин, да беспонтовые они, а народ клюёт на такие уловки. скоро значить организовывают много их концертов и нужно втюхать народу билеты и таким образом пиарят. не вздумайте подписываться.",0
мммммммм какая красота природы💋💋💋,0
гомосеков пиздуй картошку выращивай а то с голоду подохнешь🤣,1
"голову и руки отрубить этому тварю на городской площади прилюдно ,урод конечный и мать тоже хорошо дитя на хуй поменяла скотина",1
"матвиенко-старое,безмозглое,бездушное существо!скорей бы сгинуло оно!надеюсь у неё,как у пукина,двойников нет...",1
вот это красотище)))🙂,0
и снова начнётся кота васия,0
"какие все красивые!!!доброй дороги вам, счастья, любви, достижения намеченных целей!!!!",0
милостивый ко всем на этом свете. т е ошибка,0
с с ги тио в ебло закройе недоноски,1
вот он блядьгде коронавирус!!!,1
"еблан, ты наверное гуру",1
всех расстрелять.,1
а ты фофан берега не путай))) вспомни эмблемку за которую ты болеешь и ты поймёшь кто пидр)))),1
начало чудесное для диалога...,0
чудесное сочетание!,0
задрали уже на перевозчиков сваливать с перегрузом фуры уже давно не ходят с перегрузом только самосвалы миксеры и то те которые проплатили бабло начгибдд разберитесь здесь и ещё прекратите воровать делайте качественную подсыпку и качественный асфальт а не третий сорт дебилы и все будет норма,1
"шорты не дошли до адреса, товар неотслеживался, вобщем магазином остался не доволен",0
"если заказать заводскую печатку то это примерно в 5000р и выйдет , но плат будет не 1 а 5 причем за 1 цена будет на 300 р меньше , если навесным спаять то в 1000р обойдется и выйдет , но это сама плата нужно еще физическую часть сделать петлю и ручку или как она там называется.. можно самому плату вытравить мелких деталей я там не увидел,и точности 4 милл там не нужно, дело по затратам копеечное, но возни много..",0
"про деревенский образ жизни , автор - под допингом писал .... видно , о деревенской жизни знает - по картинкам .. долбоёб .",1
чудо просто!!!! но радует что 70% населения все же слышали что происходит в хабаровске.,0
кто бы эту рыжую гадость ограничил по самые - самые ....,0
пидарас!!! не жаль!!! убогий гад!,1
что за работа у вас личка закрыта,0
"ну, а при чем тут театр? у него и другие проекты...",0
ну и куда на такой ниве поедиш? съехал с дороги и бампера отвалились к херам.,0
"тварь очкастая провоцирует мужиков! засунь в очко свой плакат и сиди дома не выползай, если жить хочешь, гомик гребаный!",1
"поделюсь ещё одним рецептом.нужно измельчить и перемешать по 2 части подорожника,листьев мяты перечной,ромашки лекарственной и по одной части трав тысячелистника и зверобоя. 1 ст ложку этого сбора залить 0,5литра кипятка и настоять 30 минут.принимать за 20 минут до еды и перед сном по полстакана. лишний вес причина тяжелых проблем со здоровьем ,у меня на странице читайте историю девушки о похудении, мне помог ее метод и я сбросила все лишние килограммы которые мне мешали жить!",0
"кому, или чему завидовать? уродка.",1
"рома,забудь динамо. ты в спартаке!!!!!играй каждый раз,как последний,это наша философи....!!!!!",0
"как уже бля заебали эти фэйки...а добаебы смотрят и, оу это же рука божья, обоссатся можно",1
прохожу задание -потерянная посылка уже 5 раз прохожу эти силуэты ничего может у кого есть лишние части для артефакта то поделитесь пожалуйста,0
ну просто пидорасы,1
проплаченые пидорги,1
"теплоухов, да иди ты... вместе со своим неадекватным батей...нам и с путиным в самый раз! :-) 👍",0
ЗАКАЗ ДОСТАВИЛ КУРЬЕР.ЦВЕТ И КАЧЕСТВО КАК НА ФОТО. КУРТКУ ЗАКАЗЫВАЛА СЕСТРЕ  НА 54 РАЗМЕР..БОЛЬШОЕ СПАСИБО ПРОДАВЦУ. ОЧЕНЬ ДОВОЛЬНА,0
выше или ниже это в попу или в писю,1
она сама произведение природы и увы некачественное!😡,0
"ну какой класс!!! вы издеваетесь? бабуля и компьютера то никогда не видела. а с днём рождения должны родные поздравлять, если они есть. а от наших классов ей на душе теплее не станет!🙏🙏🙏",0
"надо быть конченным долбоебом, чтоб поверить что пучок инфракрасного теплового излучения способен хоть как-то повлиять на головной мозг, тогда бы во время загара на пляже где интенсивность выше раз в 200 все сдохли бы через пару секунд.",1
какой суд на кол его,1
"ебаните сейчас с танков по этому же дому,",1
при смене власти такие прикорытные пидоры будут висеть на каждом столбе.,1
причем тут ублюдок путин? непойму,1
расстрелять🙉🙉🙉,1
пидр в юбке,1
"шизанутые.....,прости господи......",1
а бабонька тоже от туда,0
заболела она сильно,0
поподрбнее где такая больница????,0
хуй сасни .каддафи был героем для сваей родине а ты уже сосёшь у путина за гроши.и спасибо гаворишь чорт,1
глупосьти кому нужна вона,0
"лицо накачала ботоксом. как кукла восковая. глаза как у китайца. просто на себя не похож. рожа как жопа. тарзан, сбежит. дура.",1
"маловаты штанишки, заказывайте на размер больше своего",0
а тебе нравится так отсосать,1
расстрелять три раза на фиг чтоб заразу не распространяли,1
"много сказал интересного, но не понятно...... ты за народ или за пидора путина ?",1
с добрым утром хорошего пдей дня хороших пусть встретится много хороших людей,0
моя первая учительница мохова мария васильевна!💋 #u9b079b0736s# :( 🌹 🌹 🌹 🌹,0
шла бы ты отсель нахуй старая пизда,1
"у сосны иголки 5-7см,на фото либо ель, либо пихта",0
"на хуй мне нужен твой бред , от сивой кобылы ! я совершенно не путинский поклонник или пиздопатриот.. но так как ты здесь постоянно пиздеть , тоже не прилично.. удачи !!",1
"в соцзащите я писала заявление и нам выдали транспортные карты для детей школьников, на родителей не выдали. везде плачу. и пямятку выдали по каким муниципальным маршрутам можно ездить с такими картами. но мы так и не поездили, тк для нас свободный был закрыт.",0
этот кравчук оборотень паскуда комунякская. падла,1
еби своих обезьян,1
"да, но детство у каждого было своё ....индивидуальное....",0
"типичный стукач!мало их в молодости пиздили....они так и не поняли за что!😂😂😂😂😂,а-ааа ....он ещё на пидора похож!😳",1
шехбозян побежденный,0
"плохая новость! очень жаль, мои соболезнования родным и близким. вечная память",0
вот ему делать то не хрен!,0
"дс, дай ему по еблу",1
ты сильная молодец так держи. вера твоя помогла тебе. будь здоровой и счастливой❤️❤️❤️,0
за яйца его так подвесить и выдрать с корнями8oi,1
"лучше пиши,твои мемуары о хуесосании будут тебя кормить хорошо)",1
тормоз совсем нюх потерял!,1
"за одно место его надо подвесить и помотать, может мозги на место встанут.",1
"вот бросили щеночка ! зачем и почему ! какое сердце у этой , или у тех тварей , что делают это ! вот такую падаль , если бы была возможность , то я бы этих тварей без ничего в глухую тайгу ! они бы сожрали бы друг друга !",1
точно! гады навозные!,1
"это не хороший, а замечательный поступок!",0
"елена., извините вы это серьезно,,а вы наверное так пошутили",0
"на рост 168 короткие , какие то ""несуразные"", недовольна (",0
"не избалованный ,согласен на медаль ..!!!",0
круто молодец!,0
"кот мирно спал рядом,кто то за кадром его сильно испугал... и все ,,ради прикола,,?",0
а как же техника безопасности)))? уверен что гидравлика исправна?)),0
"доставка ровно месяц. трек отслеживался.куртка супер!ткань хорошая,швы ровные.на 46-48 взяла 3xl.села свободно,но не болтается.(2xl был бы узковат в плечах). манжет и капюшон изнутри мягкий трикотаж.цвет чуть темнее чем на фото продавца, но мне этот цвет даже понравился. в общем рекомендую!",0
"​если пишут мне про жопы​, про куй, говно и рот, я скажу вам, без сомнения, пишет мне, майданутый скот!!!",1
это же надо как сосать???? что бы сразу генеральшими стать!!!,1
это не люди мрази кто это сделал. так им по жизни сука на их морде скотч намотан будет. а это будет,1
да ладно...от чего там фигеть то ?,0
"какая прелесть, милота!",0
"ну не на хлебе же , уроды ! только знаете сиськи да письки",1
разодрать их сук на площади пидоры,1
ебать рыло*-)﻿,1
"мне вообще говорили, что 3 до 7,будут платить до 26 числа каждого месяца, так в соцзащите сказали.",0
долбоёб муж одним словом,1
"очередной едрос, они понимают только язык силы!",1
где пингвина взять?,0
я тоже в первый телеграмм-чат заходила узнать по зп. но ниче не писала. меня выкинули.,0
ух.так здорово.первый раз такой вижу.,0
"детский сад.я думал вы серьезный собеседник.а в кнр,для вашего сведения,самый низкий уровень коррупции в мире",0
м к квартира чч б б эт оо ооо р колпашевский томская область р н колпашево ул тимирязева ч категория квартиры тип объявления продам собственник право собственности кирпичный тип дома вид объекта вторичка только продажа без торга мебель остаётся вся техника забирается артём а з чз з,0
тварь ебаная что сказать.,1
олимпийская пошла,0
искони уйнатмади блять тупой кал,1
"а что это за салат ,помидоры, огурцы и колбаса (fr) (fr) (fr) (fr)",0
"отдам магический шар, олмаитль.",0
"Заказ не пришёл, заказывала два раза, ни в первый, ни во второй не пришел. Ждала по 3-4 месяца. Продавец долго не хотел отдавать деньги",0
"украина это большая помойка, эти долбоёбы только и могут кастрюлю на голову одевать и комика-идиота в президенты избрать. у них гавно вместо мозгов.",1
"какой ему памятник, его живым закопать нада. продажная тварь. его не яйцами , а главному закидать надо.8oi 8oi 8oi 8oi сволочь",1
хобаровск пошел на хуй враги россии,1
растрелять выдру,1
сбербанк онлайн чек по операции сбербанк конлайн оперхция перевод карты на карту с операции мску дата июн оо операции мску bре ремя о з б документа номер чвоо операции статус выполнен успешно сумма оперм ции оо оо руб комиссия асо руб отправитель иг б получатель карты з телефон получателя б чво ч бо код ав вторизации об платежа учатель полу любов выниколаевна по платеж выполнен апlипе,0
"ну да, сыновей они растят, а дочки _ сами растут как трава !",0
"мне мои характер нравиться. другим нравиться или нет, извини мне пофиг.",0
"чему ты улыбаешься,придурок...",1
пиздец и волка унизили на этом фото!!! автор ты еблан!!! возможно пидр,1
эту сволочь надо расстрелять на месте без всякого суда.,1
где я выразила не уважения? то что поинтересовалась кем он был ?,0
"никак не раскачать. все хотят, чтобы за них сделали всё. либо считают, что ничего не изменить и сидят плачут. вместо того, чтобы действовать.",0
"отстреливать пора их! ,,,",1
2 с документами,0
"недоношеное со своим свинячим рылом в калашный ряд витя ,как и войнович пидарас.",1
и ебанутого мужика... храброй бабе... а если и мужик ебнутый... и баба-это вообще... рай..,1
:( :( :( до сих пор не верится🙏🙏🙏,0
отмечаем круто день русское рядио рождения bместе г,0
где эта улица....где этот дом.....где этот номер телефона......,0
"сука, обязательно гомосятина со своими флажками всё мероприятие обгадит... пидарасы, воюйте отдельно от всех нормальных людей!!! ваши поганные права будут в ваших жопах при любой власти!!!",1
"сделали сенсацию ох и площадка нищяя две лавочки одна качеля , а песочница там и нахрен ненужна за ней ухаживать надо а некому сделали показуху трубят на весь город они сделали площадку",0
теперь даст панин всем в жопу 🤣🤣🤣🤣🤣😆😆😆😆🙈🙈🙈🙈,1
"дребедень. может,для тех,кому скукота и делать нечего,вполне пойдёт эта пруха.может проще: куски сала,ветчины и т.п.поджарить на сковороде с мелконарезаным луком,подсолить,поперчить,укропа,петрушки,кинзы. и всё 5 мин...а уж коли делать неча,байда написана в рецепте автора выше. успехов и старания во всём",0
тебе дано богом,0
улыбнись что такая !11,0
"ох и враньё))) ефремов ярый пятиколонник, как не посмотри-мерзкий человечишко...алкаш наркоша, убийца...",1
я тоже хочу такую куколку для своей внучки... 😍😍😍,0
https://ok.ru/group/57907895205943/album/901366468919/901822645559 сделала дозаказ,0
шо?опять?видимо кому-то на золотой унитаз опять не хватает...:(﻿,0
буду заказывать еще!  спасибо!,0
наивные как дети :-( за это и страдаем .,0
"коньяк, конфеты, колбаса, капуста цветная, кола",0
блядина редкостная,1
просто пидоры они,1
вечер добрый!🌹,0
"вот молодцы, зачем так, что круто, также надо хабаровск. правильно делать глава кадыров. как был такой наказ накорманов расстрелять. шас как.",1
дебил ты дуркаев и полный скулишь как течная сука после пользования ----а толк,1
"будь ты проклята тварь и твои выродки , посмотри, что ты наделала, продажная сука",1
щас спорт как бордель где больше платят там и подставляют прос....ки !,0
"идиот !!!! дурачил честный люд, и думал что это хорошо.",1
"подстилки ,п.доры ,чмошники хабаровска 👎 👎 👎 🐸 🐀 🐖 🐞 🐁",1
обалденная!!!!,0
вы блядь а не виктория прокофьева 😂,1
"антон!поздравляем тебя с днём рождения! желаем крепкого здоровья, счастья, любви , благополучия и праздничного настроения!💋💋💋💋💋",0
растрелять пидармонов,1
нужно тебя хуйкнут,1
к подруге? приеду! и отпиздим!,1
растрилять,1
"очень понравился роман, очень красивые стихи!!!!!!! спасибо.",0
"либо тупой, либо мразь какой позор его детям!!!",1
"в том случае,если она ни блядь",1
"...сектанты. угомонитесь вы , или нет? может надо обратиться в специальные органы, чтобы вы свои бредни в сети не распространяли? мне уже надоело вас, идиотов, блокировать и удалять со своей страницы.",1
нереально!!! я в восторге!!!,0
отрубать ненасытные глотки,1
какой может быть союз если у власти пиздабол и глобальный наебательщик паталогический лжец!,1
бывают мамашки - твари кроме себя они больше никого не любят. а своих мужей и детей используют как дойных коров. я их называю мразь.,1
"блядь,вообще ебанулись. нахера тогда эти коновалы нужны. уёбки!!!",1
ты другого не заслуживаешь опущенный в говно засранец 😜,1
"Товар пришел с другим логотипом, открыл спор,продавец обещал выслать то, что заказывал, но так ничего не выслал. Деньги не вернули. Продавца не рекомендую. Олени блядь!",1
провожу время с зарабатываю семьей и онлайн хочешь зарабатывать ак же как и я пиши скорее в личку,0
поджелудочная - это такая токсикозная сука которая сама диктует что пить и что кушать ее хрен обманешь :-d нужен ооочень хороший эндокринолог с репутацией что он лечит и конечно 2 раза в год стационар диета хоть в моем случае смешно поела творог со сметаной-скорая помощь! поела шашлычок под коньячок-все прекрасно! вот и пойми мою поджелудочную ? сука еще та !:-d,1
добрый день🌿 неправильно! будут ещё варианты? 😉,0
хабаровск то не сдается ! а вы пидорасы продолжаете путину жопу лизать !,1
"🤩 ура, пятница! 🤩 врываемся в выходные в комфортных кедах keddo 😄 артикул: 897709/06-02 цена: 2 290 р. цена со скидкой 20%: 1 830 р. 🔥 размеры: 41-43 ждем вас ежедневно с 9.00 до 20.00 🤗 на весенне-летнюю коллекцию женской и мужской обуви и сумок действует скидка 20% 🔥 https://obuv-nvrsk.ru/shop/kedy-muzhskie-keddo-9/ обувь со скидками до 70% на нашем сайте: https://obuv-nvrsk.ru",0
что. за. мать. токих. матерей. ростреливать,1
"а вы не стерпели! и свои три копейки выставили. и я не ,стерпела, вам замечание сделала. и цепь грехов наших приумножится дальше.",0
"наш п----------т как то говорил,что одни голоши выпускали при ссср.",0
таких врачей нет((,0
"уроды!!! где все эти министры здравохранения, меняются как перчатки. всю медицину в стране похерели. все только разворовали и уничтожили что было до них.",1
"а что они молодые, я думала они постарше, но мне татьяна нравится",0
благодарю. отличный фильм. 🌹🌹🌹🌞,0
расстрел и депортация!,1
товар не пришел. деньги вернули,0
такие как бузова наверное считают себя элитой а на самом деле она и подобные ей это отбросы общества ненужные никому и бесполезные,1
"ебаный ты червяк..,фууу..*-)﻿как мерзко изворачиваешься,жесть! ты же как мужика себя тут позиционируешь,а ведешь себя как мудак..,конченный мудак!",1
"также сдохнут,как с животными обращаються!!! твари !!!",1
спасибо огромное володя!,0
"ссуки ебаные, больше сказать нечего, а этих накол подсадить",1
долой плешивого суриката!!!,1
за то счастливые!!!,0
хуй соси у розведанных,1
есть дебилы которые ставят,1
это ты про что?,0
"вот меня поражает, как кого нибудь окуесосишь за тупоголовость, обязательно сразу лезут на страницу..... мыкола, какого куя тебе там надо было, ты что хотел узнать. я тебе сам расскажу.... ты что хотел узнать?... живу в сталинграде, образования 2 высших одно средне техническое, работаю, женат 40 лет в браке, воинское звание капитан запаса... не тролль, уважаю своего президента - хотя не со всеми его действиями согласен, блядь для тебя достаточно?..........",1
ему самому не стремно с женщиной спорить из-за маски..,0
"ну во первых, я написала если они не нарушают спокойствие, во вторых здесь обсуждение хабаровских протестантов! а то о чем пишите вы я слышала произошло в белоруссии,и пусть меня бог простит, мудака который сам подорвался ну и прыгуна тоже ,мне ни сколько не жаль! давить таких надо сразу чтоб не страдали ни военные ни полиция, которая выполняет свой долг!",1
"улица л чайкиной, совсем маленькая, но ни весной ни осенью не проехать! 😟😟",0
"странно,но почему ни разу не была историческая реконструкция казнь полицаев? почему не вели этих пособников фашистов,оккупантов по улицам в рамках реконструкции а потом не вешали и не расстреливали? дедов портреты носят,паулюса берут в плен по три раза на дню,рейхстаг штурмуют аж фанера трещит, а в этом плане полная тишина.",0
отрубить и собакам скормить,1
"тебя это ебет, что и как, ты имеешь сомнение, что мой брат ветеран боевых действий??? давай если это так я тебе дам в рот на красной площади!!!",1
"специально для кретинов, которые отправят им деньги за конвертацию и комиссию, а потом ждут...:-d а там уже хуй ночевал, да и тот скочевал...:-d",1
я хочу сосать его и не только 🥰,1
ну как сильно разбогател поставившие класс?,0
о о отшчной пятницы будут пусть успеиными ммыбается душа неустанно сердце а сизни радуется,0
"блять, развели срачь из нихуя.",1
"господи...ну почему же их не выбирают....? атос такой брутальный , просто мужик!!! мышка сама нежность! просто сладкая парочка! удачи вам солнышки!!!♥",0
бляди одни . анальные,1
продам малину.возможна доставка. 89242739245.,0
бей путлера,1
рабочая и что простите за неё,0
похоже это военные.,0
"в топку тех уродов кто это допустил , кто крышует этот бизнес , вот оно поколение великой державы ,наркоманы алкоголики , какое от них поколение выростет .люди просыпайтесь пока не поздно !",1
да пока есть.,0
"блять да посадите его уже, сука есть погибшие, а он сука ещё опирается, у таких людей нет ни совести ни жалости, что теперь все артисты могу убивать и жить без наказано",1
для этого нужен грамотный и честный политик.но такие перевелись,0
паскуды пшековские,1
митинги хабаровске в не показывают на тв по одной простой причине тем их устроил нужен максимальный кто была шум и пиар чтобы у них яркая картинка для западных кураторов а большие значит денежные вливания вы же прекрасно понимаете кто и для чего нашей устраивает все митинги в россия пятой стране просто не дает колонне пиариться за счёт российского тв хотите пиариться делайте это за свой счёт россия,0
"а почему они все красные? у меня зеленые ,ну краснеют постепенно.,хотя я посадила в .середине февраля и в начале марта .выращиваю под пленкой ,теплицы нет .костромская обл.",0
"эта дура не нормальная,сама что-ли сидит эти вирусы придумывает",1
исчезни урод уже на хуй,1
усолье. но ездим везде куда зовут😊😊,0
а у нас (на украине!!) 6 булок хлеба и сдача 4 копейки!!!!!,0
"тварь, яйца в месте с ...... отрезать",1
я слов нежных ласковых радости иветов и море,0
"ты пизда ебанутая,живя в москве будешь объяснять ,что в белоруссии происходит? кем себя возомнила,говно ты пропутинское? это ты блядина продажная,текст сама писала? народ на улицы вывели не 33 наемника. если ты не в курсе,то это путинские 33 убийцы. сидит этот батька,узурпировав власть,как путин. и говорит ту же херню с экранов. народ вышел против произвола и отсутствия сменяемости власти!! по квартирам не ходили,на митинги не приглашали!! народ беларуси вышел изъявить свою волю!! так что завали свой говноприёмник!",1
"ссср не хочить,5-10 %-ов кто продал совесть и обвороваль ссср,остальние 75%-ов хатять жизнь соц.строе!!!!!",0
всем красоты хочется! весна! спасибо татьяна!👍👍👍,0
"тридевятое царствопредлагает разместить в вашей ленте следующую записьдрузья мои верные, выручайте в трудном деле! для того чтобы задачу непростую выполнить нужна мне вещь редкая. мне не хватает: перо жар-птицы https://ok.ru/game/kingdom/?item=481302705930_1596550662_2/0/88",0
а козлиха ...козлихой,1
"да этот цен\тр надо просто ликвидировать,за не соответствующему россмийским ценносям,",0
это что за урод?,1
"ну вы меня поняли, что у жёлтого есть особенный привкус. а у этого вкус, как у обычного?",0
"продажная тряпка из-за денег страну нацию предаст,а муж чмо не может поставить на место жену, потомучто она больше зарабатывает,она командует в доме",0
какой нахер афроамереканец негр сука негр он и в аэропорту негр,1
очень очень красиво!!!!!!!!!!просто супер!!!!!!!!!,0
да прошу они ахуели все как есть,1
"купальница. а вот в подмосковье они жёлтые растут в диком виде, а садовые - оранжевые.",0
а што надо для этого,0
мрази дегинираты и ублюдки👎8oi,1
что за сходняк уебанов???,1
"сука,ненавижу москалей-нуворишей-гандонов и власть имущих мудаков,для которых деньги их бог-сатана.действительно,чтобы спасти россию,нужно сжечь москву-воровскую!!!👎👎👎👊",1
почему упала?,0
3 этаж цона. по делам с пкск,0
"что герой диванный, крыть нечем?!",0
"я без журналюг скажу, что он батька, в отличии от нашего, не знаю как его уже назвать.",0
ой берегите ;-),0
правильно !!! с молода надо к форме приучать !!!! ;) ;) ;),0
17.06 подавала и 14.07 перевели,0
расстрелять эту суку ееsп иапет,1
"этого малыша, фотографию нада взвешивать в кабинетах депутатов, за место путина",0
"уровень 6379. не реально пройти, там надо собрать 26 мордочек а их всего 22😂как????????",0
"нормально: тонкая ткань, похоже на длинную футболку, на рост 160 нормально
плохо: очень некачественный шов сзади, смотрится как будто в кучу :с жаль",0
приласкать бы такие роскошные сиси. сосочки язычком полизать. и член между ними всунуть . класс!!!!,1
"так лучше дрочить, да не слушать мнения старых дев.",1
твари дойдет срок.....,1
ещё как хорошш👍👍👍,0
твою маму ебали вес народ китая:),1
на что только не идут ради лайков сколько можно издеваться над животными кастрировать надо таких людей чтоб не размножались,1
"какие классные, жизненные стихи....",0
"епония канеш! откуда ещё взять такой драндулетик, шлюпки и моторчики к ним... :-d :-d :-d да и чувак, если б повернулся к объективу - оказался б пиздоглазым самураем... :-d :-d :-d",0
какие то придурки еще лайкают,1
"милые бабулечки,это ж сколько труда.молодцы.",0
конями за ноги разорвать шакала,1
а меня здесь крестили,0
поделитесь с сомной?,0
светлая память... ❤️,0
и чё это было ??,0
"стрелять надо пидарасов,в месте сусатым тараканом",1
"пиздос ручище, иди учись фотожопить",1
"вот есть же такие повернутые люди. а жена, видимо, уже приспособилась к нему.",0
масло вообще не нужно!!!,0
"это фотошоп- в ковре что, дыру вырезали?",0
с днем реждения шшш о,0
"беларусы потом поймут, но будет поздно.",0
ну и дура твоя жоппа и ты вместе фотографом.,1
"если собака домашняя, семейная, то как она воспримет новый дом, новую семью???",0
"ни одна молитва не снимет родового проклятья.это бред.карму нужно отрабатывать,возможно всю жизнь а не отмаливать.",0
"заказала размер s на от 64,об 94,начнем с того, что влезть туда могут 3 меня, они постоянно сползают и заниматься вообще неудобно.  качество ужасное, будто просто одел капроновые колготки и то, не самые лучшие, после первой носки сразу же образовались катышки.носить не буду.
читала отзывы,мб это только мне так не повезлр(",0
"не поняла, росгвардия то ,что там делала,праздник то у десантников?",0
"при чём здесь яйца, какой дебил это придумал? стальные нервы будет правильней!",1
сам вазе сам делаем да ещё и налоги надо платить! государству,0
"правильно сделал! уверен что довели его . я же мать и невоспитанные пиздюки это жесть , а не пассажиры. вот только надо было еще ей деньги в морду бросить.",1
благодарю оуемь эас и о бсе эсизни дуде кребрасно о ооо,0
таких уродов надо уничтожать,1
"изверга и мамашу посадить чтобы их в тюрьме грохнули, 😥",1
"уёбок я бы посмотрела когда твои дети пойдут гулять как ты бы реагировал или твоя жена ,мать,отец каково было пусть все видят",1
28 июля - день рождения инны макаровой. https://www.stihi.ru/2011/01/13/10312.,0
а вы делаете разрешение на оружие гладкоствольное,0
автор!!! я тваю маму ебал! ана у тебя шалава! но не попрашайка!,1
натереть немного мыла около 50 грам заложить монеты чтоб не касались друг друга ёмкость залить тёплой водой чтоб монеты скрылись можно каждый день доставать и чистить подрезаной щёткой можно раз в неделю.по мере готовности прибирать в альбом серебро проще простого если патина норм то вобще не чистить если зелёная то артафосфорная кислота на пару минут гасить содой обязательно,0
своим детям сооруди. урод!!! там люди наши граждане. и ни тебе уроду судить.для этого есть бог. он всех рассудит по заслугам!!!,1
да чтож за уроды такие,1
полная чушь:o,0
спасибо за информацию!👏 👍,0
это ты просто пиздишь как троцкий.,1
плешивый пидор,1
"капля никотина убивает лошадь. одно слово убивает наповал... и бог знает, что только не надо, чтоб человек ребенка воспитал!",0
"на хуя эту армяно грузинку тыкать народу,кто это или не это,она дура больтливая,еще и рекламировать ее тут.",1
пидоры журуют,1
продаю 3 комнатную квартиру в центре города. в деревянном доме 2 этаж не угловая. теплая. есть небольшой участок на нем 2 куста вишни и яблонька. новый сарай,0
вот что за брехня,0
украина хуевая белорусь хуевая хабаровск хуевый очем поет это соловей он ваобще кто ?,1
чего ты мразь выкатила свою телегу сучка ты вонючая все тебе блядине мало,1
"получила посылку,  пуховик оказался большим,  хотя заказывала по размерной сетке, ткань отличная,  но мех полет со страшной силой,  все остаётся на одежде (((",0
"продам мини-горку.ширина-120см,высота-140 см,глубина(вместе с нижним выступом)-50 см.ширина ниши под телевизор-71 см.все магниты на дверцах рабочие.3000 рублей.самовывоз.89244157792",0
"леггинсы классные,теплые. на рост 166, 57 кг взяла L. меньше не надо. сидят хорошо, нигде не торчат и не пузырятся. с длинной подкачали. чуть выше щиколотки. но мне все равно,ношу под высокую обувь,поэтому звезду снимать не буду. у кого рост выше, конечно будут уже как капри",0
для любимого...,0
мафы дикие надо сотрудничать. иначе перебьют и вас как нас (tr) (tr),0
"ебанько,в россии всё есть,жополиз америкосовский)))))",1
лучше бы этот милион с пользой для больных детишек потратил! хули ему дадут эти кросовки за милион больше разговоров чтоб быть на слуху у народа! заебал этот жираф зажравшийся,1
"дороги, как и любые товары, нужно делать с гарантийным сроком. если дорожное покрытие испортилось раньше, то фирма, которая строила дорогу, за свой счёт всё исправила. вот когда будет так, то дороги будут вечные.",0
посмотрим гондоны,1
что вы продаете ?,0
"давить, таких папаш надо, или в сортире мочить.",1
что ещё один титаник?,0
и даже машина на которой поставлена эта хреновина не российская...одним словом хуйло...,1
"в беларуси сейчас та же истерия! профукают, как в украине, страну!",0
выебать бы ее,1
всё дело в том что вы говорите о русских офицерах .а в наше время у власти и офицеры все жиды а эти твари не способны на поступки достойные офицера,1
так сделать им ok.ru/profile/578608046086/pphotos/771446434822,0
вой билат пизда кушают е дурак ета ни кушуют нада трахит иво хуйом у вас хуй нистайит дай я трахю,1
далбаёбы ! это фото гуляет здесь не первый год !!!,1
а таких боровов дохуя.вот и мы ждем свинью одну с москвы!боитца сука ехать сюда)но мы терпиливые мы подождем))),1
колеса нашёл?,0
кол ей осиновый воткнуть....,1
ну да только через 5 дней если не спрячет,0
ну начали...😂😂😂 каждый за свою правду...😁мозоли уже на ваших языках...смешно:d,0
твари чтоб руки отсохли за такие дела.,1
видать он картохи переел сильно,0
расстрел....,1
"стрелять, а не кормить всю жизнь.",1
"чужим умом жить не надо- согласна....я про ситуации.. ты решила выйти за него замуж,а он погиб в аварии....как думаешь он хотел так поступить...?",0
этой твари надо руки поламать. коза безрогая,1
"а тебе, слабо!",0
я не могу на флеше он не включается всегда было все хорошо а сегодня не могу нажать на кнопку да и новой рыбки пока у меня нет,0
а можно её трахнуть?,1
"и одиночество кошками заменяют. но скорей всего это к старухам относится, которые с интернетом не знакомы. а по моложе бабьё каторое сидит в инете в замен одиночиства и при этом держат кучу вонючих кошек, это уже шизики",1
пиздаболки дрявые.,1
"дибилы,ублюдки....вот бы их так цепь по толще на шею,да речку по шире...чтоб и задохнулись на дне",1
вдз днем с иназдником лы десантник годдость наша ко всели всегда готов и ицскай латство ваше же вас сплоти слов без иншних так отметь этот иназдник же лы б боли в голове glеди хогтоших назных кликнем слава вдв,0
"ох ,ты тварь ,а не депутат ,ты ведь пролезла в депутаты ,за счет голосов народа и живешь за счет народа ,а посадить тебя на 9900 ,то не будешь холеной и в спа салоны ходить и за кордоны ездить ,просто нет слов ,что вы твари творите ,на вас нет сталина ,раскулачить всех до 4колена и всех таких тварей к стенке",1
только такие расцветки? хотелось бы по ярче.,0
вы самые натуральные пидорасы просмотрел вашу ебаную рекламу 49 раз и вы решили отключится,1
"я в то работала в горняке , заходили и к нам в магазин.",0
отдали?,0
"ты только двоих знаешь?не высовывался,умникхренов,отъебут...",1
и где тут народ? одни пидарасы!,1
значок носила а пионеркой.не успела,0
"а кто кипятит мед?кипяченый мед ,это яд.",0
и будешь счастливой,0
краше невесты!,0
и письку любите сосать.,1
он знает....,0
"очень хорошенькая, здоровья всей её прекрасной семье",0
любовь это когда ты ей покупаешь новопассит чтобы эта сука никого убила не нах на лабуте,1
"тирания, как в хуйлокацапии, на много лучше демократии !!",1
"блядь, намешали все в одну кучу, и белок и антибиотик и фенолы всякие. пол не прогорает интересно, если нечаянно капнуть?",1
"Джемпер мне понравился, по размеру не знаю, покупала дочке, ее дома нет, позже дополню отзыв, доставка меньше месяца.",0
невыполнимое,0
"что б ты здох, мразь усатая",1
меня там не хватает с бутылкой),0
настоящий мужчина !!!!!,0
"царствие небесное, и земля пухом! виктору николаевичу....",0
ну все правильно !! голова - жопа .,1
супер.плотный .теплый,0
уже и нам повеселиться хочется! ☺,0
"здорово всё подмечено: все наши привычки идут из старины... они настолько старые, что никто не знает, что они означают... а сами привычки остались!",0
"сажать,стрелять и вешать!",1
вот этот поступок должен стать трад ицией для вдв а не пьяные загулы и купание в фонтанах,0
вот какой пи..юк всё это сочиняет??)))),1
отличная работа 10,0
ебашить вас надо таки гандонов обочечников!,1
ты идиотка чего злорадствуеш,1
гандон его законсервировать что бы от него не рождались такие ублюдки😡😡😡😡😡,1
а как правильно написать эту услугу,0
позвони мне 0700535208,0
лох ходит на проект пожрать и ей несет не надо их на проект они уже всем надоели будет обратно истерить и требовать для детей показушная семья,1
размерная сетка продавца не соответствует,0
тузик тоже наелся ✌ 😎,0
"придурки еще вас бы штрафовать за ваши поганые речи,чему радуетесь,беспорядкам?так ехали бы в америку во францию,а украина вообще рядом.",1
в очко ему засунуть маральный урод,1
"все,ремонт закончен.деньги освоены все.",0
"какими же были красивыми наши сверсники, а моднячими- слов нет!",0
очень красиво!!! не слушай никого,0
так тут чеснока три головки остренько будет и так,0
пора брать всем оружие и стрелять этих тварей а потом и путина козла повесить зав все эти дела,1
"беспредел! а москвичи ждут, когда к каждому будут вламываться в дом полицаи и чоповцы.",0
а алексей тулбуре подписаться з о перевелись я в недоумении внешней специалисты по политике в президента я бы такие администрации фото не публиковал ссобенности в фото перед выборами что мы видим на мы видим ситуацию которую сложно иначе интерпретировать как прием начальник подчиненного так ком принимает президент путин министров губернаторов руководителей и помельче так принимает премьер россии своих подчиненных итд так принимают начальники подчиненных в россии начальник подчиненный слева не гость ровня справа перед не начал вником бумаг нет перед почин ненным бумаги по которым он докладывает президентов должны принимать по другому иностранные гости тем паче главы государства в случае официальных визитов принимаются в залах для переговоров приемов и втп протокольных местах где все стороны выступают в равном или статусе в соответствующем положению случае неофициальных встреч гостей принимают в неофициальной обстановке дача резиденция ресторан,0
убить прям там эту мразь 😡,1
"гоните этих тварей в украину, им не место в нашей стране, пусть у себя на майдане выебываются!!!!!!!!!!!!!!!👿 . черти ебаные!........",1
тогда был лёгким плюс,0
димон ты пидор конченный и дебил,1
спасибо вам огромное за это! вот увидеть какой верный друг у вас будет!,0
банки литровые цена?нужно штук 15-20,0
"рядом живу,каждый день хожу",0
"суки никак ненасытятся,а детям на лечение смс переводами собираем.зачем нам налогооблажение ,чтобы этих уродов кормить!!!!!!!",1
"это не оскорбления, это констатация факта. 86% населения рашки зомбированные долбоебы",1
"когда он признался о содейном я его зауважал как мужика. а сейчас он идёт на отказ. позорище. бомжара, алкаш",1
начни с себя уборку....................,0
да ладно она в питере уже не может сексом заниматься,0
"страхолюдина жопа узкая ,а плечи как у мужика",1
89148050093 пишите номера в личку добавлю это мой вайбер,0
вспомнить нужно горы .,0
заткнись чучело,1
"повесьте в этом подъезде, хозяин найдётся.",0
скучаем по стамбулу!,0
"господи прими ангела , сердце кровью обливается , слезы сами льются читая , люди что же вы творите.🙏🙏🙏🙏🙏🙏",0
кх-кх однозначно расстрелять кх-кх! два раза расстрелять зараза кх кх!!!,1
не вероятная красота,0
там нет клапанов - он 2х тактный у него впускные и выпускные окна !!!,0
надо просто наркоманов казнить и тогда наркомании не будет.,1
да я бы не сказал что страна дураков. кто кого объебе,1
у нас бегали два один рыжеват. по советской и баумана,0
привет!как в сказке,0
ну что поделаешь аппетит приходит во время еды,0
"слышыш, ты корейский зомби, вынь из рта баварский член, потом уже говори!!! вы лондонцы то умеете сосать у немцев!",1
"бля.ь,я ебанн..й интроверт,сама не рада(",1
"точно- с языка сняли... война началась, моей маме исполнилось 14 лет... и в эвакуации работала- труженик тыла... ей сейчас было бы 93 года а эта бабуля в 13 лет воевать пошла??? не верю .... здоровья бабушке, но надоели фейки, и зарабатывание лайков.",0
"есть такая поговорка:- если человек дурак, это не беда. а если он дурак с убеждением- это горе... ну вы меня поняли.",0
во это мощь. животные природы,0
долгушина ещё,0
он талант пропил а за дтп должен ответить как мужик а не как сволочь *****,1
цска взял на содержание...,0
"молодец,женщина! меньше слов -больше дела.",0
ликвидировать таких козлов сразу надо а не гонятся за ними.,1
"здорово, никогда не обращала внимания",0
красивый во всех смыслах.. 👍,0
спортсмены хуевы. обоих за решётку.,1
клоуны ебучие.пидарасней попахивает.,1
"взять за яйца подвесить дебила, раскачать и об дерева. и тот кто это снимает тоже такой.",1
храм иконы казанской божей матери.,0
я не буды говорить про проституцию рашинцев. я скажу как сраная раша продаёт своих детей. на органы. для педофилов. ибо раша православно-духовноскрепная страна. https://youtu.be/lpn3scui-zi,1
"о, я знаю где это было сделано. я там рыбу ловлю.",0
ну вот! а теперь просто негде взять...,0
сднем рождения малыш здоровья тебе пусть у тебя все будет хорошо.,0
живой дельтаплан:)))).,0
"ну ты ярка котне хижать, свинья, как и мамашка твоя. )))",1
"какие сиси,а пися!",1
пиздить этих долбоёбоов надо сильнее,1
блять. слов нет. всех на электрический стул.,1
да пусть катятся! выбор есть.,0
"ну так урановые хвосты опасности же не представляют для россиян. зато фрукты из европы чрезвычайно опасны. их надо тракторами давить. дебилы, б****",1
ну не я же а ты кусок дерьма,1
"белое море, онега",0
месси ни точно,0
так вот хочу спросить когда поражняк перестанетите гонять а прокураратура за базар отечять начнёт,0
"кассиры сидят в масках и соблюдают все нормы, а певцы от всего далеки и думают, что пронесёт",0
осёл бляд......,1
пускай это всё блядская правительство во главе ебанутого козла президента протестировать сначала сукина своих детей н**** чтоб они подохли блять потом на себе б**** а мы вакцину сами себе придумываем,1
шнур придатель жопа лиз путинский,1
вот засранец оперился сучонок,1
где конец бороды у этого анекдота?,0
мёртвые души проголосовали.,0
ссылка не работает,0
и мне интересно когда это было,0
"бабулечка похожа на солнышко, сколько тепла в ее глазах, какая добрая улыбка, а какие ласковые ее натруженные руки!",0
"очередной далбоеб обочечник, ты себе в сраку засунуть пистолет не забудь и наче тебе его засунуть нормальные люди в колонне",1
ебеноросски,1
"нас теперь фургаловском обзывают, но большинство то не вышло, наблюдали просто, а дегтярев ща по краю ездит и в акуе, полный завал, фургал профессионально пиарился, типа делал, а не делал ни хера, он своим бизнесом занимался и клево лапшу вешал на уши.. как его взяли, так сразу с правительства крысы побежали, видать, грехов до хера, он свою команду привёл, и делали что хотели, а тут указ, деньги спиздить нельзя, сейчас дегтярев разбирается. и меняет команду, возвращает людей, которые профессионалы и знают свое дело, которых фургал поувальнял, в общем дела тут веселенькие... но вроде как сдвинулось, работа пошла.. многие довольны, а фургалоиды так его оскорбляют, ужас, страшно читать, но выдержка у парня железная, он реально работает, с многочисленными проблемами.. москва помогает, выделили огромную сумму.. косяков тут не перечесть, посмотрим, надеюсь, изменится что то, инвесторы подтягиваются, с фургалом работать не хотели, видать, больше нас знали, что он за птица.. как то так вот..",1
катя хватит ругаться!!!,0
пидороси кто нописоль,1
пизда гнилая зубарева! ты подавишься от хуев,1
акила это не пирожки у бабки пи...з...дить!!!,1
оба молодцы.,0
"проиграть 500 миллионов на ставке десять миллионов, выполняя задание, и не получить ни одной бонусной игры.. я так рада за вашу настройку",0
августа день вдв сбит с ног сражайся на коленях встать не можешь лежа наступай в вф маргелов геро советского о союза генерал майор,0
"спасибо всем,кто ухаживает и украшает свой уголок на земле.приумножая то,что досталось по наследству.только радость и уважение испытываю к красоте,созданной руками человека.благоухает сама природа и прекрасны люди,живущие здесь.низкий поклон и благодарность!",0
сжечь козла на костре,1
на русском языке надо все подписывать.не все знают английский.,0
да этих тварей давить надо!!!!во многом мы виноваты сами все произошло это тогда когда расстреливали белый дом из танков!!!!,1
"дармоеды,пинками гнать.",1
"вопрос?а где все эти люди работают?если работают то почему они на митингах и их еще не уволили?если задают вопросы новому губернатору вопросы о дорогах,жкх и другие темы,что делал фургал.?обеспечить детей горячим питанием в школах поднял вопрос путин.зарплата у губернаторов до 400000 рублей,было арестован более 12 губернаторов и ни где не было митингов.и главный вопрос а что вы сделали для родины россии,что требуете??????",0
"Китайцы !!! Такие уроды !!!! В последнее время офигели совсем !!!  Ничего не высылают , хамят в смс и деньги не отправляют ",1
самая крутая оля будеш!!! ещё не каждый это произведение помнит!!!😜😜😜😜,0
кончил бы между грудью в губы тв😍😍💦💦💦💦💦ои,1
на фото не какао... а какая то кофейная бурда с молоком... а какао с молоком всегда любила в детстве... бабулечка варила на завтрак. 👍👍👍,0
"этих тварей и туда.это ж не война , пусть поживут побагатеют!!!!",1
"в сигагоге витька гад , жопой совершал обряд , он засунул туда свечку и чесал свои яечки , потом этот обормот хуй засунул себе в рот , действо длилось цельный час , витька генин пидераст",1
гномик закрыт,0
"это че за пидар, суки руки поломать.",1
универсальный пульт есть 300 руб новый,0
ну копия в чем то что мой старший..)))))),0
тож красный молоток...как и все бабы до меня😂😂😂,0
оборзевшие твари👎,1
скоро у нас будет тоже самое . путин заебал всех живёт урод для себя и пидоров из окружения своего. а на людей похуй ему.,1
тайсон плюнол))),0
"в/ч 31807,76-78 2-рота,всех сослуживцев с наступающим праздником, днем строителя!",0
вы вообще то куда свои посты посылаете? ни одного от вас не было!,0
"вот смесь моя любимая. это лимон+ грецкие орехи+ мед. все измельчить и перемешать. пропорции равны примерно. но если, взяв всего по 100 граммов, смесь получилась жидкой; добавьте орехов. нужна консистенция кашицы.а если лимона вы не поклонник, используйте имбирь- курагу или клюкву. вот и взаимозаменяемость. а вот найти хороший метод что-бы избавиться от излишнего веса очень трудно, их то полно, но вот рабочих очень мало, я могу поделиться одним из них,он на моей страничке, можете зайти посмотреть кому есть интерес.",0
мальчиши плохиши - депутаты и чиновники рф.,0
каптива срочный сотила ади или выкупга берилади ойига оминг ойил d бытий не бз бз бз б в,0
"это в каком году, такой урожай, в тульской и рязанской( вчера была на рынке в михайлове) 100-120 руб за кг, с 20 корней собрала огурцов на 3 литра",0
"Шорты очень узкие, не влезла ",0
мразотами запизделась как и ее барин,1
в этом году посадила партнеровские томаты нина и пушистик красный - очень понравились!!!,0
ничего толкового не сказала-врет-как дышит!! и при чем во всем! пора на выход! за мужем((христенко?? мадам арбидол! твой арбидол -полная хуйня! так и скажи! отвратная бабеха!,1
правильно он ни допустил чтобы эаграница не разворовала охраняет для своих воров которые в думе и россии ских алегархов он что для народа что ли пенсии за; 46: лет рабочего стажа 12000 .не навижу эту воровскую власт пользуются тем что наши отцы и деды строили а потом от фашистов защищали а теперь их внукам навязывают патриотизм нам патриотизм в нищите а им их детям богатство и все дозволенность но дети все видят и все понимают и если жизнь народа не измениться пиздец придет всем!!!!!!,1
точно мудак 🤣,1
"замечательный человек, справедливый, честный, мужественный, дай бог здоровья и сил.",0
"вольфович,пора на пенсию.вместе с зюгановым и мироновым.ну довольно уже,отдохните.",0
растрелять этих китаез мразюки ускаглазые твари.,1
стадо безумных демократических ебанатов: https://mynorthwest.com/2083086/city-council-expected-approve-cuts-spd/,1
во гондоны даже за тракторами гонятся,1
"что ,правда глаза колет??? сука трусливая ,не постеснялся обозвать себя александром невским ! я никогда и никому ничего не лизал ,а с путиным борюсь всякими способами уже 20 лет......но один в поле не во",1
простейшая система линейных уравнений. ответы: 7 и 1. под знаком вопроса число 7.,0
ну ты найди себе занятие,0
"да не какую,они все нужны.",0
половина фильма посмотрел такая муть думаю не стоит дальше смотреть,0
"ты ублюдок запомни,у меня все есть свое, бизнес и тд, но твои выходки пытаются помещать, и суть в том они не чего не делают , твои органы , только митинги разгонять, или чья-то мать работает весь месяц , еи сказали что нынче кризис, и ей дали петнащку, и она за свое а такой гондон как ты, вызвал молотобойцев и они её выкинули, и они получают 60 не чего не делая,а такой как ты её после уволил за правду кто ты",1
"и какие же песни лозы поет прям народ? ну плот могут напеть- и всё! а тот, кто пишет оскорбления (см выше) называется быдло.",0
"Заказ шел больше месяца с платной доставкой СДЕК. Сначала уточнили адрес, потом перезвонили и сказали, что только в пункте выдачи можно получить! Ближайший пункт оказался гораздо дальше почты, что меня не устраивает совсем. Теперь о самой кофте... Качество ужасное! Сестра заказывала точно такую же, но качество в разы лучше. Эта же блестящая голимая синтетика. Цвет совпадает с картинкой и это наверно единственный плюс.",0
"Второй раз заказываю. Очень довольна. Плотные, качественные носочки.",0
"Юбка просто супер!!!спасибо продавцу помог с цветом,доставка очень быстрая ",0
ивану за отаку х й в сраку а ман ьке за п ду звезду,1
"это точно ,так и есть,садить их надо этих депутатов,понавыдумывают всяких законов.",1
ну да. зато жена выставляющая свои сиськи и задницу напоказ всему миру как раз подходит быть первой леди. разведенка это позор а шлюха чести придаст.,1
может растрелять обоих,1
кастрировать скотину!!!!,1
"при желании каждый может пожить в такой красоте.....особенно теперь, когда домов пустующих в деревнях полно. так что, не отказывайте себе в таком удовольствии.....",0
очень согласен с виталей виталий всё правильно сказал молодец парень,0
это очень дорого для этих мест!!!,0
"ты пидор обосрался, иди на х петух западный опущеный",1
америка нам угрожает. америка за бугром их в месте с выводком за яйца давно держит. сольют и глазом не моргнут. патриоты хуевы.,1
"главное выходить и общаться с людьми, что он и делает, и тогда защищать никого не надо",0
Хорошо,0
он велеколепен просто чудо,0
"ты сама мразь и хуйло,тебе до путина - как до китая раком...",1
заебали вы уже иностранцы вонючие ! на хуй пошёл!,1
о пидрасы,1
еи чего особенного.обычная внешность.,0
"свою судьбу не конём не объедешь,не пешком не обойдешь😍😍😍",0
"Размеры не соответствуют заявленным. Заказала xl,а пришла маленькая как s. Отдала худющей сестре. Заказом не довольна. ",0
первоклассник,0
что из них готовите на зиму?,0
я с 14 ти как то раз я послушал звезда по имени солнце и я теперь кумир в цоя и г кино,0
да ты мужик уже пришёл😹,0
за жестокое обращение с детьми надо отрезать все промеж ног причендалы и посадить в психушку до конца жизни без права на выписку.,1
а ты кацап чё свое ебало прячешь???:d :d стыдно ?? или сцышь ссыкло (dt),1
"ну и что толку!? как в той басне, а васька слушает да ест!",0
жаренные семечки,0
шикарная пизденка,1
спасибо!) эти работы очаровательны. но и у славинского похожий стиль. очень эстетичные!,0
есть три типа мужиков обнять и плакать поймать и трахать убежать поржать и,1
"вот такие дураки, как ты и голосуют за него. жополиз вонючий.",1
"интересно, все сразу понимают что они уже вариант...?? вангисты сплошь.. пока не поймёшь человека, что он, кто он ..и не поймёшь что ты значишь в его жизни. всё познаётся в совместных делах, поступках. и только это может дать ответ на вопрос, вариант ты для него, или родная душа.",0
"всё будет хорошо, иначе быть не может!!!!",0
"мне похуй на пиндосов, мне бы долбоебов на моей родине поубавить",1
силишкым силни трах. нада тебе,1
"отличные джинсы,точный размер ,хорошее качесиво",0
"тишина в беседе, но.... наступит 01.08 ииии понеслось😁",0
голд ты дура.после пришитых сисек лебедем не стала.а вот мозги потекли.нашла куда деньги вложить.надо на себя квартиру купить.а с этим пиндосом херня получится.дом его детям.а ты булька на воде,1
вобщем да! но гавнюков всегда хватало!,1
"ну о жене ведь мечтаешь, а не о прислуге",0
"это не совет ! уметь прощать - это жизненная мудрость ! прости и обретёшь покой ! мудрость приходит с годами , но к сожалению не ко всем ! не каждый имеет силу духа стремится к совершенству !",0
"поздравляю, красота счастья и здоровья вам и крошкам вашим!!!",0
вкусняшки ! без соли и без лука !,0
первый точно мосин.,0
"как работать на государство, так люди работайте, а получить свои заработанные, которые высчитывали с зарплат, так фиг. и вы депутаты живите за счёт нас. если вы нас уберёт за чей счёт вы будете жить.",0
"это только для молодых людей, но не для детей, взрослых и пожелых людей.",0
да нормально все молодому надо тоже с чего то начинать,0
сообщение от людмилы котляровой 16:49. 22 июля 2020г. умер щербаков михаил ильич. произведший первый взрыв на аэмгуэме при строительстве моста. живший в п. иультин до 1970 года.,0
"в грязи гденибудь забурись, заебесси сумки эти пидарасить",1
"сугубо своё мнение, жополиз.",1
тварь,1
трахать не правильно будешь и хер отгрызет,1
одно слово ебанутая,1
во всем урод!!!👿👿👿,1
мужики выйдут мусорам хуево будет,1
понты закончились!!!!,0
"да,перестрелять всех чиновников !за счёт народа отожрали морды",1
eff- ничего своего... и правда жид гребаный!!!,1
"ты про сеья сейчас рассказал ,дебил 🤣",1
значит можно воровать???,0
"согласна полностью с вами татьяна, т.к. сама в течение 20 лет возила детей на отдых и всегда раньше нас сопровождала милиция, я не помню чтобы мы пздили без сопровождения, а сейчас бардак по всей стране",0
на хуй расстрелять два раза,1
не люблю футбол..,0
"просто перестать стрелять-ми вже це чули,гнида проклята.",1
с добрым утром о,0
помогите малышам выжить!!!,0
лучше так чем на дистанционке,0
"расстрел это легко, сажать на кол живьём, пусть испытают все прелести.",1
"а какой по-вашему коричневый квас на вкус? и что в этой подаче необычного? необычно только для тех, кто слаще морковки ничего не ел.",0
убивать сразу и никаких пожизненно.,1
"тварь ты шиврит либерастная, или шкуринт - что же ты молчишь когда пиздять в рефеи вовины опричники - проплаченный агитатор, ведь понимает сука,что в белорусии с победой либдрисни будет второй дружественный режим - бандердогия 2",1
"да троль ебучий и ты тоже пойдешь под замес,поверь таких как ты будут не пиздить,таких как ты будут находить с испанским галстуком на горле в мусорных баках....",1
"Футболка пришла другим цветом.Ужасное качество.Не ровные швы.Надпись перевёрнутая.Заказала s на свой рост 168 пришла большая ,красиво смотрится когда её заправляешь в джинсы.Еще один плюс ,то что она быстро пришла.Отправили сразу.",0
но был бы он чист перед законом может бы и не попал под следствие ? посмотрим дальше что следствие покажет ! чикатилу тоже был примерным семьянин ом и передовик производства !,0
"не любить путина мало, надо самому, что то сделать для улучшения жизни в стране. (может подумать).",0
ебанутые фэйки,1
расстрелять на х..и.в.сталин,1
такая красота есть и в беларуси!,0
"хрен она выскажется прилюдно! они умные только втихушку верещать, а как до дела доходит, так язык в жопу засунут и молчат. ненавижу таких трепушниц!",1
нет он долбоеб!,1
"света, вам пора сборник стихотворений выпускать)",0
так он прав это вы залезли куда то и не хрена не видете что тварится,0
"ну пипец хрень какуту уже только непридумают,и почему такое епанутое мнение что для всех мужиков бухало праздник👎 ток кому праздник ихним бабам ток саматык стекляный,так как у самих все на полшестого токо все.дак р стакой херни и пить то заподло должно быть",1
ну и молодцы-американцы! я ожидала полного непонимания.,0
я тебе в рот нассал - не шлёпай губами-мудило.,1
"было,было!точно!",0
Хорошая куртка! на свой размер S-M взяла XL - немного великовата. Качество хорошее,0
"пернатый , готовь очко .... ты даже представить не можешь сколько всего собрано .... терпи терпило",1
три в одном,0
"ее стерилизовать, его кастрировать, малышку забрать. и пусть дальше весилятся. уроды маральные и как земля носит таких пидарасов.",1
"великолепная женщина. руководитель , на которого должны равняться другие.лучшая . почетная, любимая.👑 звезда. без нее культура нашего города, поблекнет...",0
здравствуйте. ет,0
мразь ! как тебя земля носит. какая армянская шлюха тебя высрала - ублюдок и убийца,1
продам корову более подробной информации просьба обращаться по телефону 89133916526,0
"урод бендеровский, гореть тебе в аду 👎👎👎👎👎",1
надеюсь уже новая полянка!,0
какого хуя они в лесу ползали,1
наверное муравьед.,0
а нах сука та ту эх ма как зажигали раньше,1
"Скоты и твари, на смс не отвечают, товара нет, срок истёк, спор открыть не дали, просто свиньи! Не заказывайте, чистый обман",1
всем поразному отвечают чтоб видемо не достовали их,0
"где стоят камеры, там обязаны стоять знаки! а такие камеры придумал ублюдок, у которого на знаки денег не хватило! и это легко оспорить в суде! я езжу по знакам и стараюсь всегда соблюдать правила! но, когда нет знака, я могу и превысить немного по трассе федеральной, где нет ни людей, не детей, а потом догоняешь от куда штраф прилетел 🤔. у вас видимо или нет машины... или вы ездите непонятно мне как. или вы их и устанавливаете. не знаю ни одного человека, у которого есть машина и нет штрафов. а тут эти халявщики ещё объявились! если стоит камера, обязаны стоять знаки на ограничение! это незаконно! уже не один ролик видела, где люди в больших городах просто их разбивают! правильно и делают!",0
хуело,1
ну и дурак ! нужно россию присоеденнить к белорусии - лучщеб было !,1
угомонись долбоёб.- у себя в усраине иди окурки собирай,1
миша гнида должен сука сидеть в тюрьме и долго. ну дома сидеть приятней. под домашним арестом,1
"козёл, себе бы направил в свою бестолковку, урод, гнать надо из органов таких уродов",1
"много таких идиотов, которые являются хозяевами таких собак и их нужно наказывать очень строго!!!!",1
"нет власти воров и гондопидоры,нахуй такую власть!",1
ты красавица!!! счастья тебе !!! поздравляю!!!,0
"как можно с вами связаться? можно узнать адрес,где забрать картошку?",0
"нижняя дата, это дата выдачи свид ва. такчто ставьте верхнюю",0
написано пока мазь не кончится! а ск. мази надо ? ответте пожалуйста!,0
"долбоеб алекс, занимайся онанизмом, а не лезь своим рылом в людское горе... соболезную. упокой господь души погибших.",1
"в сша порядка меньше чем в россии? если вы это будете утверждать, то даже ватные дебилы не все вам поверят.",1
меркель пусть хер сосет.. у дохлой обезьяны.. вместе с пиндосами,1
юбку ибай сними.пидарас вечно юбку одеваешь.аульное быдло,1
"может лучше из расчёта на одного человека доход? иногда мама одна ребёнка воспитывает и получает немного, а им не будет скидки, так как не многодетная!",0
😘😘😘😘😘 спасибо огромное было неожиданно и приятно😘😘😘,0
что за пидор эту хрень написал чем отличаются 90годы от 2020? отвечу ничем раньше была братва а теперь алигархи скажи мил человече а жить достойно простому люду когда?,1
"мне он не нравится, хотя он мой земляк. наверное, мне нужно было бы гордиться, что он известен,но нет...",0
"людей штрафуют за высказывание в соц сетях подозревая но не доказав в экстремизме,,а хуйню предлагать против народа ,антинародные законы предлагать это блять не экстремим8oi это заговор против народа,, токсичные у-и",1
"еигений дубовик, так мы с тобой в одной учебке были, я 72-74 7 рота м ц ыон ,35600 я не забуду.",0
"это для таких как вы пережёвывают, а лично меня от этой жвачки уже тошнит! интервью берут у разных людей, да все они одинаково слепы в своей ненависти к путину и правопорядку!",0
"руки коротки,пиздабол",1
добрый день 😂👄,0
"эй жириновский, если ты это и впрямь сказал, то самая настоящая пизда👌 потому что в прошлом году ты пизда высказал такое же мнение, но в пользу азеров. короче или ты пизда или ты не пизда?? решать только тебе 🤔 а на счёт нового союза, так именно это ты и впрямь говоришь всегда и везде и потому в этом случае ты точно пизда и иди предлогай это своей маме а если мама сдохла, то супруге предложи, и продолжай неустанно сосать хуй 👉 путина и лучше, защищай своих правильных как фургало, чем лезть туда, куда твоя жопа не пролезает☝ кроме бакинских и воровских армян, всех остальных мамет кунем через трансформатор ✴ хайл гитлер ✋",1
уже продала :(,0
у меня двое точно такие же только диван обтрепаный обе спинки по одной на кота😂😂😂,0
"Fine product.Fine seller
Great thanks !
You get exactly what you pay for really really like. thanks",0
"много вам лет, мы гордимся вами...",0
законченный идиот.............алкаш несчастный......друзья кто нибудь смелый найдеться за яелы подвесиь этого ума лишённого 👎 👎 👎,1
наказать уродов пидоры,1
ебанутая на всю голову. больше нет слов!,1
"какая удачная фотография ! спасибо за то, что показали нашу красивую мечеть.",0
святого нет ни ничего. уважения нет ни к кому. поколение пепси блядь. равнение на америкосов. удавил бы ублюдков.,1
"лидер группы динамик 5. в юности ходила на их концерт в минске. он был тогда красавчиком, с короткой стрижкой, молоденький. пел классно, всегда любила его слушать. побила его жизнь, может и сам виноват, кто знает... постарел сильно...",0
ебать !это просто пиздец. гнилая власть . мрази конченые. нет слов. позорники дырявые,1
"чтоб тебя дебилу,ебли и в хвост и в гриву",1
"людочка,спасибо!это стимул.",0
темпанол залейте и палку поперек в рот ей веревкой с двух краев палку привязываете и к рогам,1
организм наверное крепкий.и не придётся лечиться у нарколог и под стол не упадет.еще бы знать какой крепости напиток.,0
продал россию,0
это же надо было такую херню изобрести! точно дебил!,1
"бесподобно, живо, интересно! ждем с нетерпением",0
кусок говна украинского!!!,1
а православную церковь никто и не называет сектой. сектой является византийский раскол и его потомки.,0
куда вам написать и сделать заказ?,0
"доставка до Москвы две недели. трек отслеживается.продавец уточнял размер,посоветовал взять на размер больше.легкий жилет,мягкая подкладка.берите на 2 а то и 3 размера больше.у меня М,взяла XL,можно было и XLL.спасибо!",0
"за яйца его подвесить, и поболтать в разные стороны.",1
это крем для лица 2 в 1,0
а есть шорты на рост 122?,0
франк набережная 20,0
даже эта жидовская морда и то понял что народ востанет !!!!!,1
судя по комментариям тебя уже ебут,1
малолетний ублюдок. 👎👎👎👎👎👎👎👎👎👎👎👎👎,1
просто красота! спасибо!🎉 🎁 🎵 💎 🍷 💐,0
хорошо сеседок ебет,1
"а как быть с другими словами,родни уже практически нет,и тех не видно и не слышно...",0
не обьедайтесь!,0
классно! ато раньше запуски ракет только с зарубежными спутниками были безаворийными.,0
10мешков 2 500 тыши,0
все так здорово!!! классно!!!!супер!!! все идеи замечательны!!! ❤️👍👍👍,0
хозяева долбаебы. покрасили кота.,1
кто придумал-это мутатень....того накол надо посадить!!!,1
странно что ответки нет на меня.здрасти,0
а вы не пробовали его расттрелять👍,1
ещё один долбоёб,1
а все остальные стоят и просто пиздят. трусливое быдло сидите дома и не скулите. полицаии вас имели и будут иметь. кроме как молоть языком вы не хрена не можете. робы должны слушаться хозяина.,1
"сми важнее телки силиконовые у малахова сегодня в передаче, например, чем массовые восстания в стране. вот это и есть продажные уроды.",1
"его на психическое здоровье проверить, выглядит не адекватным...",0
❤️с днём рождения !!!,0
там говорите на фото девушка с ребенком вы бы фото этой девушки прикрепили бы или телефон по которому общались нуу а то че толку предупреждать если не знаешь кто что таких сейчас я думаю к великому сожалению полным полно не так давно читал про парня с кислородным концентратом и лекарствами но там хоть фото было прикреплено имя фамиллия а тут ничего,0
та дохуя у вас врагов...чо хахакаешь ебнутая?,1
в очко ему надо загнать его плошмя хуеплету,1
спасибо за скошаную траву допруда;) ;) ;),0
"пидруша, пойди подрочи над своим жёном.",1
"сука, очень зла.!!!!! размерная сетка не совпадает",1
хохленок ты заебал своими рисунками!,1
пиздобол!,1
"дорогие одногруппники, я желаю вам всем в первую очередь здоровья, благополучия, долгих лет жизни, чтобы жизнь приносила вам только радость. группа у нас очень хорошая, участники как на подбор, здесь уже многие успели по настоящему подружиться и я думаю каждый или каждая из вас приобретет много друзей. всем всех благ.",0
тупой и ещё тупее перед тобой мудрецы. все тебе сказано было идти ты уже сходил лживая мерзота. а откуда у них деньги чтобы в обменниках менять им выгоднее было товар деньги товар чем покупать валюту по бешенному курсу.,1
хорошего настросния осоиии олв б откгитк ок ги,0
на фото дочь старшая,0
"загнибида ,это ты боярышник пьёшь и мочёй хохляцкой запиваешь ,сгинь кастрюлеголовый урод ,тебе тут ни кто слова не давал свинорылый",1
"расстрелять всех координаторов, и нет проблем.",1
пацики молодцы распространения гомосексуализма растрел,1
почитай диалог говно жидовское. я здесь зелень. смелый говоришь. предлогай дружбу. увидим друг друга. и я покажу зеленка кто из нас продажный . а что языком только здесь трепаться,1
"что значит в отношениях не в отношениях? так и пиши не кому трахать, а то нашли замену отношения- сношения",1
"аты сидел бы в мюнхене заткнувшись ,рупор американский,иуда!!!",1
обезьяна в очках сука кончившая российскую медецыну враг народа,1
"в едрени фени отправляешь, чмырь хохложопый",1
поздравляем,0
"тупой, не смешной анекдот...👎",0
"здравствуйте, на повара обучаете?",0
аппетитная попка!!!!,1
дура. расстрелять.,1
"сука, власть дайте добро на отстрел таких тварий",1
золотые руки!!!красота.👍👍👍,0
"вот стерва ,проститутка ты ради нас бедных и существуешь блядище значит твои родители кто на самом деле воры откуда уних такие деньги ну не хребтом своим же заработали",1
ефрем спившийся и опустившийся тип ещё и трусливый продажный,1
что то не реальное,0
он думает что его друзья это оценят а если оценят то тогда вам друзья такое же мнение что здесь люди высказали яне думаю что этот ужас стоит похвалы. лебедь не живёт один ты уничтожил пару.,0
участвую😊,0
отрезать надо,1
"сука шекера , ты че делаешь? ну все вы меня сами вынуждаете . сука, ты че по профилям лазишь. щас я стопарик и я тебя выебу",1
пристрелить его,1
"люди,вы,что с ума посходили,такое впечатление ,как из психушки сбежали. завтра рабочей день ,ложитесь спать.",0
ответила в личные сообщения),0
"месячные 80с, 2х месячные 150с.",0
я бы ему тоже уебал! ))),1
"кашмар,делать бабам нечего,кроме как оскорблять друг друга в комментариях",0
а почему адрес сайта даже не активен? повар умер? 😣,0
"неужели ни кто не может его взять? я бы даже не думала, хотя у меня их очень много, но пройти не могу мимо. люди кто нибудь , надеюсь есть ещё в этом городе люди , а не зомби, которые приласкают и помогут малышу. 🙏🙏🙏🙏🙏",0
двойное счастье!,0
он убил - и его убить!,1
какая красавица просто класс🌷🌷🌷,0
"а вот мне другое интересно,с какого бодуна эта мразь получает такие деньги???топ менеджер,а с какого???если роснефть в гавне с какого???они деньги занимают у пенс.фонда и и не перестают получать такие з.п....что он сделал чтоб получать такие деньги???",1
спасибо!!!!! такая замечательная история о доброте!!!!! о любви!!!!! о теплоте!!!!!!!🌹♥,0
",, ничего личного! просто бизнец!!!",0
продам манекены. тел. 89236538316,0
"два придурка , пешиход и водитель.",1
наши деды - славные победы ...,0
как же акушерки проглядели уронили пидара на пол,1
очень пугливая боится людей 😢,0
где берут таких мужей!!!!!!!! молодец!!!!,0
это уж точно отбили крым у пиндосов и устроили русскую помойку и донбасс роздирибанили путинские ублюдки,1
для пидорочков,1
убить готов,1
другое направление,0
"грбы не цель, в лесу отдыхаешь.",0
"товарищ сталин, я вам докладаю и от души, вот эти награды я заработал, ну, за гроши. где то подставился, меня уж простите, в бане помылся, помял блять, те сиси. ну, как же не дать мне, то званье бледёшке, что грызла мою, ту, упавшую ложку? да кто ж защитит ту отчизну мою? даёшь генеральшу, бледёжку мою!!!",1
а потому что россея моя россея,0
пацаны ! поздравляю с днём вдв,0
вот таких читаю дебилов как ты и ахуеваю. пиздишь и сам не знаешь о чём. колхозник ебаный иди сука хоть пту получи кусок интернетовского гавна. вы твари даже истории россии не снаете и когда началась первая и вторая мировая войны. упыри интернета и ошибка эволюции,1
насосала у оленевода,1
потому что далбаебы,1
"берия и так был ставленником сталина, 2 лицо после сталина..",0
"и в германии не так уж всё прекрасно. и операции делают, бывает, хуже чем у нас. так что везде хорошо и не очень бывает.",0
ты супер. хочу познакомиться,0
у меня самого сын инвалид! как задрлбали меня эти пиздаболы и жирик в их чесле! реабилитация стоит минимум сто тысяч! у меня ещё 2 сына долг родине отдали блин обидно до слез типо ты для родины должен а как тебе надо сразу это ты у гасударство просишь! а оно тебе ни чего не должно! путин сука!,1
тварь. гореть ему в аду. просрал страну и армию.,1
"глупые чуваши продолжают считать себя палхарами (болгарами). у каждого цивилизованного государства есть письменность и это естественно ибо любое государство имеет сношения другими государствами, ведёт переписку, обмен грамотами на уровне послов, имеет своих писателей, поэтов. так где ваши литературные произведения древности, средних веков, где у вас архивные материалы? почему у вас письменность появилась только в 1873 году? а с золотой ордой мы имеем отношения как извозчик и лошадь или как раб и рабовладелец. итак, главный вопрос - где ваша древняя и средневековая письменность?",0
"на темный потолок , потрясающе!!!",0
надо бы развернуть плохо видно.,0
"#u76b45120a8s# ой,не могу...#u76b45120a8s# высококлассных специалистов....где они их найдут!!!???приезжать из саратова платные будут,вот и весь расклад.и не факт,что высококлассные.",0
"адвокат ефремова, всем доказывает, что эта тварь не пьющий, выпивает только по праздникам. он же конченный алкаш и полная тварь",1
"раза два случилось быть в парке горького в этот день с детьми, .... впечатление просто жуткое! нужно держаться от них подальше! неадекват полный! абсолютно безбашенные, агресивные, пьяные, орущие, пристают к прохожим, особенно не русским, ...страшное зрелище! я с большим уважением отношусь к защитникам родины, и в частности, к войскам вдв - ,но, в этот день происходит настоящее сумасшествие! в этот день как с цепи сорвались бешеные псы, и ни какой на них управы! это разве нормально, когда люди стараются не выходить в парки в этот день?",0
"блеать.вы забыли, кто эболу победил. шизохрения, ты совсем ох.... ла. или напомнить откуда пошло военно-полевая хирургия. или вспомним боткина. вы, вообще охуели там?",1
"это не враги, это предатели. предатель хуже врага. врага мы знаем, а предатели как крысы действуют, просто твари.",1
"ни разу не перепрыгнула, так и....",0
"а действительно кокарды то советские , вот дебилы б...дь !!!",1
а это моя малена,0
посадить на кол!!!,1
отдала😉,0
есть уже!,0
на кол с конфискацией!!!!!!!!!!!!!!!!!!!!!,1
"красивые стихи... а как форма нам шла, мы такие были красавицы в них. :) помните цвет вроде темный, а воротничок, манжетики и фасон платья на вольную тему...",0
молодцы девушка великолепна,0
"инна,добавте пожалуйста в группу анну евдокимову",0
"иосиф виссарионович проделал титаническую работу на благо трудового народа, за это его недобитки и оплёвывают желчью",0
самокат отдельно в какую цену?,0
"https://static.kiabi.ru/images/rubashka-polo-iz-trikotazha-pike-eco-conception-belyj-malchiki-ot-4-do-12-let-xf738_13_frf1.jpg 140,152поло белая https://static.kiabi.ru/images/rubashka-polo-iz-trikotazha-pike-eco-conception-belyj-malchiki-ot-4-do-12-let-xf738_13_zc1.jpg",0
ждут чтобы жертвы были...,0
пиздабол и этим всё сказано,1
да понял я бабвик чо ты ебнутая,1
у тебя все будет хорошо,0
какая вторая мировая нах? великая отечественная война. вы там что совсем охерели а? язык отрубить нахер. наши деды воевали с фашисткой европой. точка. пора уже привлекать по законы за переиначивания истории.,1
"ахахахах, взрыв произошел в армянском районе, много армян сдохло ахахахахаха хачики ебучие скоро все сдохните. азербайджан будит всегда а армяне вымрут чатлахи. врот кунем берант ай боз. бози тха",1
оранжевых точно нет,0
"заказ пришёл через 1 месяц, я осталась довольна, качество хорошее, если бы я взяла L, было бы лучше, т.к. если одеть теплый свитер, будет тесновата. Мой рост 160, вес 55.",0
"та еще пиздаболка! её почитаешь, здесь ни одной порядочной бабы)) да еще и заднедавательные",1
"явно, сочинитель - женщина 😁. мужчины не будут это писать, оно им не надо 😉",0
к 1 сентября готовы !:(,0
89803008821 89102308988 89103320050 все кпрф и лдпр пидарасы 2партии пидорасов и проституток,1
пенсионерам это расскажите.мы очень удивимся.да путин еще подрабатывать не велит.грозит пальчиком.индексации грозит лишить.,0
просим 3мил торг,0
"я так понимаю что у этого пидармота нет своих журналистов что бы показать как он говорит о фургало ,а то у него всё смонтировано со стороны противников.....пиздабол",1
ебать ты долбоеб!,1
когда же этого придора расстреляют,1
тупой молодняк и кучька американских пидоров везде нос суют,1
да не говорите! идиотам закон не писан! они переобуются мигом как только снесут этого никчемыша,1
"это не просрочка, а не законно добытая икра, вот и закопали, нет бы в детдома отдать, в дома пристарелых, но этим сволочам легче выбросить.",1
придурок если ты поднял руку на котёнка ты убиеш человека штоб тебя бох наказал,1
этому долбаебу отрезать муж достоинства засунуть врот и пусть жрет до гроба долбаебина,1
"моя первая учительница, числова анна андреевна, была учитель от бога!!! царство небесное.",0
"ну какой дурак это сочинил,а остальные верят! люди,ау! везде власти сносят гаражи,ракушки и тд,а вы такую ересь пишете!",0
пидарасы вы а не ветераны.,1
качай очко щеневмерлик. скоро ватная плесень будет вас немножко ебать. хотя вам бандерлогам не привыкать.,1
"сама унитаз, только официальных 5 мужей, а сколько еще любовников! чтобы такое говорить самой надо быть кристально чистой! помойная яма!",1
"девочки,а реквизиты карты можно отправить через госуслуги или ехать в соц.защиту переделать чтобы пособие приходило на карту мир",0
сказочный долбоеб!!,1
"добрый день. получила очередную посылочку от вас. все супер. 👍👍👍 подошло во всем. платья оба отличного качества. ткани, как говорят: достань из чемодана или из стиралки, одевай и иди. в котором крупный узор, на спинке подобрано по узору. нет перекосов, смещения узора. как всегда пришло с плечиками, что очень удобно. отлично всеее.. ожидаю ещё две посылочки. четыре вещи. спасибо вам большое. рекомендую вас всем своим знакомым. да они и сами спрашивают, где приобрела.",0
"акупанты в действии,скоро кним по домам ходить будут,атветка будит 100 проц",0
у меня тоже есть трёх литровые банки,0
"спасибо вам большое дорогая татьяна ивановна, за добрые слова, за уважение. дай бог вам здоровья! ещё раз спляшем, и в речке скупаемся.",0
список бы домов или улиц опубликуйте,0
"ещё первая не закончилась, у нас много людей болеют.",0
мне возврат не пришел,0
полныи пиздец дорог нет сука как так власти всё похуи,1
пидарази раздалиби бедным людям 😥😡😡,1
моя попа хочет член,1
храни бог всех долбоебов выкладывающих эту хрень .,1
сначала член на пятаки парубить потом растрелять,1
пидоры наши по 1.5 миллионазарплата зато...в жопу их всех драть за это надо...,1
с праздником курбан-байрам!!!,0
путину всё ебало бы расколотил,1
поздравляю от всей души. извини незнакомка-я тебя люблю.,0
прости меня сто я не раз прости смогла я не беду сумела сыночек gраел отвести и жить без тебя здесь ч мании родной посмела твоя мама,0
"девочки попробуйте вместо слив и груш виноград киш миш и черный и белый класно я два года делаю всем нравиться -рассол на 1 литр воды 6 ч.л. сахара сгоркой, 4 ч.л. соли в ровень с ложкой и 3 ст.ложки уксуса 9процентного класно",0
выгнать и больше чтоб не появлялась в стране мразь,1
качество так себе...больше на лосины похожи,0
этот отец долбоеб!!!,1
"ещё раз подтверждаете, что умом не блещете! не путин увеличил пенсионный возраст, а гребанная европа, в соответствии с ельцынской конституцией, поэтому наш президент и предложил ее изменить, чтобы нам ни какая сволочь не указывала как нам жить!",1
"успевайте, осталось 8 вёдер",0
планшет берёте,0
к стенке нахуй ево,1
"мне становится страшно когда призывают к хаосу, созданный сейчас наш мир такой хрупкий . страшно представить если сейчас всё разрушить и новые,, кандитаты,, начнут каждый тянуть одеяло на себя, делить и перекраивать всю страну на зоны влияния. неужели вы хотите как в америке, остаться незащищенными, без полиции, сидеть дома и бояться выйти. кто может обеспечить новосибирск дб такое справедливоеи и честное правительство? продажные либералы? путин хотя бы не продаётся и не прогинается.,. всё органижовано, все функционирует, есть свет , газ, вода, платятся зарплаты и пенсии и пособия. машины у каждого члена семьи. весь мир у ваших ног. и сейчас, когда рушится стабильность во всем мире наши воры-богачи останутся без средств вложенных в чужие банки наворованные у нас деньги, приползут проситься назад. иприватизированные природные богатства тоже вернутся государству, не на всю жизнь они их выкупили. не расшатывайте, не усугубляйте итак тяжёлое положение в стране",0
"молодцы, хабаровчане! так держать! всем уже остопиздела эта сволочная власть дармоедов!",1
вышлите мне пожалуйста,0
четвертовать иколесовать прилюдно если вина доказана на все сто,1
каждный рюськый врун тоесть пиздобол. я это з детства знал.,1
и таких выродков много. просто отрубить руки ноги и на помойку скотов. нет слов.,1
что за хуйня тут происходит,1
елаг вам любви иzе октан с гастая ги радости бжее источников ни я азег усмиха в в вершины и с пе ег,0
"👍👍👍как приятно, что наши читатели, достигают таких творческих высот и не забывают библиотеку.",0
"ты сам большой козел, бредящий.",1
красота!!! здорово их раскрасил создатель нам на радость!,0
долбоебы.первое что пришло...,1
оля проектная актеришка такие и дочки будут тоже участницы этого дома семья. строители любви и счастья,0
"беспредел был , есть и будет, это безнаказанность всех, судили бы их по строже может такого и не было, и то навряд ли , из за таких мамаш страдают невинные дети , господи что твариться . это нелюди , казнить таких надо уродов.:( :( :(",1
че с долбоеба взять(md),1
"вариант № 4. серебром шоссе струится в каплях тёплого дождя. по дороге птицей мчится, кто - то быстро уходя... то машина светит фарой, разгоняя этим тьму. след ложится запоздало на ночную пелену. кто так мчится? - я не знаю... только сердце защемит. боль так сильно ощущаю, что душа моя горит. снова снится до рассвета этот старый сон опять. ты теперь не здесь, а где - то... где я не смогу обнять... птиц слышны уж переливы, звуков наступивших дня. луч коснулся вдруг игриво век, проснувшейся меня. отступил, исчез куда-то сон иль мой ночной кошмар. только память помнит дату, что душе несла удар.",0
"тварь, самого подвесить .",1
охуевшие ублюдки,1
"натуральные уроды,вот их так надо протащить под водой чтобы захлебнулись!!!",1
пиздить их надо!,1
закупка постель приехала?,0
"а ты почему тут говноплюйством сутками занимаешся арина или арин, больше никакой работы найти не можешь, бедолага. кто ты, он, она или оно?",1
"ты прав, ты же сама русская тварь, не суди русских людей, сама судимая будешь гнида армянская",1
вот ты и есть хохол и бандера. иди на хуй псина смердячая,1
только бантики должны быть однотонные.))))белые или коричневые. и серёжки одевать нельзя было.🙂🙃😉,0
"вся ли шобла ебанутых здесь, отвечайте, дебилы пустоголовые?:d :d :d",1
"не вкусно, на любителя",0
"здоровья, силы и терпения.пусть растут здоровыми и станут хорошими людьми.",0
"жаль смертной казни нет,так бы четвертовать и всё!",1
"и мне ничего не платят! а вот тебе сколько платят? кабель протухлый с такими понятиями тебя первого надо на кол,что б жизнь не поганил народу,путиноид сраный. я лично ,такой жизни детям своим не желаю и хочу им светлого будущего",1
"выродок,его на том свете накажут,а на этом его выблядков.",1
а с чего подходит?,0
такая точно затрахает 😂😂😂😂 не повезло мужика ! :d,1
"за что боролись, на то и напоролись...теперь в чести идеология эгоизма, свободы и обогащения. любовь давно заменили сексом для здоровья, дети-обуза, все хотят гулять и наслаждаться жизнью, какие материнские чувства у этой кукушки могут быть, откуда им взяться?",0
а чего молодец-то? ебанутая и не адекватная танцует дома в мед. маске.,1
сталин бы всех пострелял,1
повесить на красной площади! за такие слова.,1
"ребята молодцы! счастья, здоровья вам и вашим деткам!!!☺",0
как это рукоделие называется?,0
"смртря какую девушку, может и без прицепа лучше.",0
мне тоже нужны огурчики.,0
"заебал за 20 лет, стоющего ничего нет, только обещаем обещать, мне такой президент нах не нужен! моль, уйди! хотя нет, такая хуерыга как ты, ты просто так не уйдёшь, тебя оттуда ломами выкавыривать придется, как ты вжился туда. не хачу, кремлеботы, грызите твари!",1
"твой,твой,твой и только твой,любушка!!!❤",0
"вы больные ублюдки, какой в жопу майдан в хабаровске? какой сепаратизм? что вы несете ватноголовые?)",1
"ой,пря два пиздюка погоду делают ,за этой революцией стоят более серьёзные люди.",1
"нет ,не имеет , он с третьего раза должен был тебя (суч+у) прибить !",1
"вы не правы так называемые кулаки жили и работали большими семьями. и если сами не справлялись с сезонными работами нанимали наёмных работников, за определённую плату. это не крепостные.",0
вчера была ещё стоят,0
я знаю себя очень хорошо!!! но!!! когда говорят неправду я очень сильно переживаю ! к сожалению,0
кому то нужны дрова......,0
да разве можно тебя забыть доцентты наш родной!,0
я ей показывал что о нас с ней пишут и скрины делают такие уебища как ты!,1
"умница! преодолел болезнь лёгких, укрепив их игрой на саксе⭐️﻿🎂﻿⭐❤️﻿⭐️﻿",0
"я уже давно это вранье не смотрю, а также соловьева и скобееву!",0
супер класссс,0
люди ведут себя как безответственные дебилы,1
"ольге кувшиновой. вы злая, и шуток не понимаете! тяжело, очевидно, вам живется! соболезнования примите!",0
"молодец,умная девочка.",0
требуем справедливости ублюдок ефремов лишил жизни россиянина простого пьный этот скот убил его поддержите акцию ефремова тюрьму в будем молчать эти народные и заслуженные будут убивать нас требуем независимо от заслуг сел пьяным за руль только в тюрьму поддержим убиеннного ублюдком семью сергея захарова земля ему пухом,1
может хватит забивать ленту? надоела,0
методы воспитания: они бывают разные...,0
"какая же ты мразь, кузнецов, пидор и мразь!",1
"он что трезвый был и произошёл несчастный случай что он не помнит? мразь такая, он же спрашивал ,, никто не погиб? а потом не помнит. пусть не пьёт и не употребляет наркотики. суку расстрелять. пьяный за рулём потенциальный убийца. а эта мразь настоящая убийца.",1
"таблетки, 5 лет пил -не помогло.мази всякие-результат есть , только уши стали больше и ниже выросло.",0
расстрелять всех нахер и все!!!!,1
слишком дохуя на двоих,1
у нее есть дочь пенсию она получает но дочьу нее ворует дочь ни где не работает,0
"блять превратили группу в кино , суки заебали блеать ,верните карикатуры уебки",1
это я все умею научите меня трахаться:$ :$ :$,1
ебанутые их так же,1
причём тут грамматика тупая ты пизда ?😂,1
вчера не было,0
👆 вот вам и вся суть этих сегодняшних мусаров....,1
ну в терме ебать его будуд я бы его сам опустил и носить зимля таки ублутков,1
бля ты пидор помойный😁,1
сергей жёлтый сасок шлюха,1
"я добавлю , скоро эта вся майданутая поебень так пизды получит , что в вашингтоне аукнится",1
"галина шмелёва (букато)ответила хелене03:53что вы этим хотели сказать ? вроде бы ничего , что противоречит моему ответу ( не вам ) . вы вопрос , заданный мне прочитали ? а про всех я могу больше вашего рассказать , потому что давно интересуюсь и никогда не голосовала за агл . ................................................................................................ я в его вертикали 15 лет отработала. так судьба распорядилась. не последним начальником. систему знаю изнутри. и агл лично пару раз видела. всегда поперёк горла начальству стояла со своими докладами с трибуны. потому сегодня имею нищенскую пенсию и чистую совесть.",0
2 щасливых пидора,1
"мразь, его бы так кинуть",1
"я служил 4 бат 2 рота, 97.99",0
"они падлы, карты подлета писали. к нам в пермь прилетали. открываеться дверь и высовываеться черная морда негра с баночками детского питания, типа просроченной тыквы.",1
возродим,0
можно 10 кг,0
как красиво и мы должны беречь эту красоту люди я вас призываю берегите этот мир и планету,0
"не к тебе, псу, обращался....",1
"кошоладка,канеш,тоже неплохо...эх,вдруг ветер в сторону чепецка будет,глядишь и встретимся",0
по шел хуй на,1
"вот как раз эта замечательная бабушка ничего не ждёт, она все отдаёт для детей, которые действительно ждут.",0
да у него каждые выборы новый спектакль - в 1994 году был спектакль с покушением на него - мы уже не удивляемся новым - пройдут выборы и все уляжется .............,0
"кто не курит и не пьет,сука нудный бля пидзец..",1
"зоя, а в россии по твоему жополизов нет, да?! ну уж у вас там видимо, все пришли голосовать правдиво за обнуленыша)))). кстати, твой двоюродный брат, знает историю второй мировой равно как и ты. а не рассказывал ли тебе твой братан, как миллионы русских сдавались поголовно и шли воевать за немцев? а знаешь ли ты зоя, что красная армия в разы превосходила и по численности и по технике врага, а за считанные месяцы немцы уже видели кремль в 40км от москвы? тебе этот важный момент по всей видимости братан тоже не рассказал, упустил наверное вжеж:(:( теперь последнее, насчёт афин и поломойка в гостинице... зоя, а куда выезжала из своего мухосранска ты? была ли ты далее, чем свой районный гастроном, чтобы так утверждать, каким трудом занимаются люди за границей. ты ведь милая тоже не из семьи сечина, и газпром тебе любимой видимо также, не принадлежит))))",1
"​​поздравляем с днем вдв самых мужественных, волевых, способных защитить нашу родину людей! российские воздушно-десантные войска имеют великие традиции и богатейшую историю, а служба в них всегда считалась высокой честью, сопровождаемой огромной ответственностью. с праздником, бойцы в голубых беретах, всегда оставайтесь такими же крепкими, сильными, непоколебимыми, и в то же время мирными и доброжелательными, дай бог вам здоровья, сил, умений, удач и побед во благо нашей родины.",0
чужая рубаха не одежда-чужой муж не надежда!!!,0
"ну, если это так, то почему народ, в основном, бедствует, особенно, пенсионеры, аааааа....????? проживите, дорогой президент, на 8, 9 или 10 тысяч рублей пенсии, пожалуйста. ну, как вам верить, скажите, как????",0
вот наш интернет магазин https://ok.ru/group/58615447027956 ждем ваших заказов),0
отобрать ствол промежность отстрелить.,1
а каспийской флотилии нет.... всё таки то же флот,0
сегодня пусть все б буд великолепно а в о остачлыельно,0
"ты наверное со своей женой одним пальцем деланы. мозгов нет и руки из жопы, осталась одна зависть. езжайте к пиндосам, неграм башмаки лизать будете, занятие для вас.",1
ходила считать?всезнайка....,0
959 мы не любим мужчин в теле,0
надо напрячься.значит она замену ищет,0
я здесь была !!!!!!,0
очередной спектакль батьки махно,0
"пидорасы приехали помочь беларусам стать европейцами,повторение украинского сценария.завтра будет небесная сотня с награждением посмертно",1
"где поконкретнее, сколько вахта, зп?",0
язык вырвать и в жопу воткнуть,1
нахуй расстрелять,1
сволочь!,1
что вы курили??????,0
"те кто согласен с этим являются абсолютными моральными пидарасами и безграмотными бездарями! он и не собирался поднимать возраст, тя нуля до последнего, но мвф его вынудил! пиндосы вынудили! он не смог ничего сделать. а вы пидарасы грёбаные и предатели родины, чтоб вам пусто было, уроды!!!",1
зачем поддерживать и рекламировать этот дибилизм?!,1
"и вообще-то,это не хуйня,а так оно и есть. из-за вас козлов- настроение ноль и поведение ,ну никакое.....",1
"пидоры все кроме путина, остальные патриоты, нормальные люди за путина!!!!",1
сволочи все разворовали лечить людей нечем,1
"вас ни в коем случае не хотел обидеть ,ваш фонд мне очень хорошо помогает .",0
здравствуйте это чехлы на диван и кресла?,0
едино рог подходит фамилия..вернут нас на хуй можно...за него вагономи кров лилос..нас кинули жиди ихвейи еврейи педарасы..надо убиват вешат насиловат их..хамелёны фамили меняют педарастии занимаютса..что на украине что россии что снг,1
с колько ??,0
"с днем рождения, счастья и здоровья всем деткам и родителям тоже",0
ох какая кикиска пипизда,1
ему надо наебашить по тупой лысине!!!!,1
"да он сука здоровый как тварь . и самое главное, что бог его не наказывает.",1
какая же ты дура а мне много лет и я живу с этим оглянись и придет то что задумала,1
"да молодец ты, бородач! вот, только с памятью твоей что то стало... сто раз уже писал. найди что нибудь поновее!",0
"не согласна! мы можем помочь - если что то случилось, беда там какая или коронавирус, но содержать целую страну за счет нашего народа - не согласна! а белоруссия - уже 30 лет на содержании россии! половину ввп белоруссии - обеспечивает россия, простите, - доколе??? тогда интегрируются пусть или входят в состав россии и тогда на законных основаниях им будут строить дороги, дома, заводы, вокзалы-аэропорты, мосты, детсады-школы, поликлиники-больницы и т.д... у нас 15 республик было - и что? - всех содержать???",0
"золотые слова!!! если женщина захочет,,,она у покойника поднимет....",0
этого клоуна надо первым гнать балабол!,0
"300 сейчас , 300 завтра вечером",0
точно!!!! и думаешь где в то время находились мои мозги,0
такой симпатичный шкода!))),0
не гей а п и д а р а с ы. не поганьте русский язык. а лучше называть хуйсосы заднеприводные. 👎👎👎 8oi 8oi 8oi 8oi 8oi 👎👎,1
удачный кадр. красивый момент.класс!,0
"какой ты, на хуй,россиянин? шкура ëбаная, тебе за 60-ят, а ты, как пацан сопливый, сидишь поливаешь бывшую родину своим немецким дерьмом. когда вы все успокоитесь????? сделал, уëбен на хуй зе битте, так и сиди там,страдай и волнуйся о проблемах германии!!!! какого рожна, тебя волнует россия, если ты так к ней относишься??? только не говори, что снятся березки и поля, а приехать на могилы предков не дает путинский режим, потому что ты -гребаный диссидент, поэт-песенник!!!!!!!!",1
а где видео???,0
"чем больше обрщать внимания на пидаров, тем они счастливее. ведь они этого и добиваются, чтобы на них больше внимания обращали.",0
козел он,1
прислали грязную блузку,0
меняю 3 литровые банки ( 8 штук ) на банки 0.5 литра или 1 литр.,0
"так называемый кириллов - это конечно тупая дешёвка для дурачков не представляющая из себя ничего , и кирилова гончарова тоже тварь!!! просто послушайте высоцкого протопи ты мне баньку по белому ,и все станет ясным!!! а эти дешёвые идиоты - просто гавно!!!",1
что блядь за робот текст читает?,1
"сосет хуец, и ты туда же.",1
"не пойму, обсуждая этот пост выяснила.........чем больше по размеру техника, тем тяжелее ей управлять. это не тот случай, электроника однако!",0
самый неубиваемый из советов,0
зае==========сь надо в партизанцы уходить,0
все они сволочи,1
руки оторвать,1
худшее правления это происходит сейчас на данный момент это пиздець,1
мальчишки совсем...,0
ах какой был мужчина. а сейчас стыдно за него и конечно не понимаю его жену.,0
хуебень.,1
как нестыдно,0
"очень здорово 7/0,еще есть желающие????",0
"для лечения артрита и ревматизма принимают в течении 6 месяцев (это курс) раствор мумие. график такой: 20 дней лечатся - 20 дней перерыв.20 штук плодов шиповника, обязательно очищенного от семечек, нужно залить 100 граммами кипятка, 3 часа настаивать в термосе, потом процедить и добавить 15 грамм перги, 10 капель витамина а (его масляной формы) и в полученном отваре растворить 5 грамм мумие.прием 2 раза в день – утром и вечером",0
"там не заправляют, а мне нужно не поменять, а мой заправить",0
"вы только что и можете оскарблять и убивать детей стариков, женщин. на другое вы не способны. сша вас кинет, а русские вам не простят вот так вы и исчезните ублюдки.",1
мошенники и взламывают странички,0
какая цена и год выпуска,0
"многодетная мамочка, чудо!!!",0
что по кузову?,0
сбербанк онлайн чек по операции сбербанк конлайн операция на карту перевод с карты дата опера ации мск мая оо операции мск вр ремя б б б номер документа зоо операции статус выполнен успешно сумма операции збоо руб комиссия коми о со руб отправитель b оч получатель озз карты код авторизации вчоб получатель плать атежа сергей федоровичс гиа платеж выполнен опlипе,0
как вступить в группу,0
пристрелить как последнию скатину,1
ну я на своём огороде и не такое находила:d,0
"суть, система ебанутая как и власть",1
каким законом конкретно???,0
блядь чем вам сука тимати неугодил,1
послать их всех нахер уродов батька держись,1
ищу 3 лимонных крема и 4 молочных коктейля. обмен на нужное вам. в личку,0
какого хрена этого ублюдка имбецила пиарите. это же конченный идиот. дурка по нем уже давно плачет.,1
ебут библиотекаря,1
да вы что пидоры вонючие вообще нюх потеряли -что гоните хуесосы,1
очень хорошая пижама. сшита качественно. никаких запахов. смотрится прикольно. дети и жена в восторге.,0
с днем арбуза поздравляю имениннику салют то что любите я знаю даже растут знаю где сторожили бахчевые первый спелый нам на стол знали усики сухие значит срок пришел ему а теперь сорта иные белый желтый цветом есть любые но в жару пойдут варят мед вот это жесть,0
вам делать нехуй вот и нашли друг друга расказывайте ...счастья вам пидросеки,1
"путлер-шмутлер...ебанатом растешь.вы от путиноидов только раскраской боевых кастрюль отличаетесь.у вас вся писанина шаблонная как и у тех.и доводы не дальше своего носа,да еще и не свои",1
весь гардероб,0
я ему яйца отстрегу. не ищет он не кого,1
не говорите разрабам что он мог стрелять био и химческим оружием,0
на третьем фото как называется цветок и как часто он цветет,0
хороший комбез. ткань не мнется. очень удобно,0
вот на этом ты сука и пытаешься выжить. перепродать в рабство. паскуда. иди к себе в казань или где ты там. зови людей. или там у вас все прям при хорошей зарплате и отличной работ? каво ты млять пытаешься развести,1
"ублюдки,мрази,что бы каждый из вас ответил перед людьми!!!!что б вы передохли мрази!!!и ваши командиры отдавшие такие приказы,и лука,и каждый из вас мрази,что бы понесли ответственность за содеянное,в тюрьмы вас до конца жизни и что бы каждый день вас сук так били!!!или к высшей мере только что бы не сразу,в медленно,что бы прочуствовали на своей шкуре как,те люди ,которых беззащитных и за ни за что!!!!",1
"да и я его прекрасно помню. строгий мужчина, среди наших милых учительниц- раисы филипповны тютюнниковой, варвары антоновны воронкиной, и марии власовны(фамилию не помню). прекрасные были учителя, прекрасное было время.",0
мне он очень нравиться жаль что к сильным экстрасенсам не попадешь,0
сволочи они! руки бы им по локоть отрезать! 😡😡,1
что пидараска? ты так и палишься по своей глупости что ты хохля?,1
"ох ёпта! а вы гвоздь забить , не согнув его, одним ударом можете? крити хреновы...",1
"комментаторы вы зрелищ хотите. так на себя посмотрите. вам бы москву на уши поставить. так не дождетесь. у нас другая работа. и если понадобится ни какая х...та и омон с ней не устоит, все лягут . а в вашу ( гвардию ) одни чмошники поступают жизнью обиженные. не суди других и сам судим не будешь. мне не надо отвечать в комментариях я не отвечаю дебилам и политическим проституткам. задумайтесь.",1
лучше трахаи её,1
вот такие пидорасы сидят в думе,1
сразу видно было что из кармана яйца торчат. какой мудак перевернутые яйца назвал сердечком? вы вообще сердце видели?,1
"в этой сране , звание героя на столько потеряло свой смысл , что стало соответствовать понятиям педрило , уёбок , подонок , шваль и т.п. !!!",1
"вот пидоры, да лезби бешанные твари, гореть им в огне👎🔥🔥🔥",1
ничего себе котик! да почти рысь!,0
опять стоишь сопля,1
"у него вообще то 8 детей . старший сын от первой гражданской жены флоринской, живет с матерью в италии. ему 22года. а с полиной невзоровой у него 7 детей . 3 мальчика и 4 девочки! респект актеру!",0
"ебло закрой, а то я тебе искусственные роды сделаю, пидор:o :o :o :o",1
​я прочитала как один злой недоброжилательный человек назвал андрей андреича вонючая недоебаная хуесоска. я еше маленькая но ясогласна. ля ляля),1
😂 ебут только тебя,1
путин ну раскатай уже этих дебилов танками как студентов в китае! хоть похахатаем:-d :-d :-d :-d,1
"стремно как то они чего теперь буду каждый месяц чтоль хрдить проверять?куда позвонить то хоть узнать что это вообще за проверяющие,потомучтобыл горгаз после горгаза всегда приходят пожарники а это кто тогда?",0
для дебилов - ващщщета федор с ввп кореша и вот чойта кацца он ебло свернет любому кто будет тявкать на дружбана,1
"почему это он позорит отца? тем что пьяная тварь его убила? только я не понимаю, почему так мало 7,5 это копейки, лямов 500 это да, всеровно той твари нечиго не будет...",1
"странные бабы тут, пишут, что добрая и ишет себе хорошего и постоянного, но выставляют свой прелести, как... как будто , только что потрахались или вот вот собираются. я б хотел себе такую женщину, красива, виден интеллект, но блин, не на общее же обозрение!",1
пошел в жопу петушок...за что сутки:-d :-d :-d,1
"какие глупенькие. пизду вкуснее лизать, чем хуй сосать.",1
"прошу прощения, но вы просто дебил, если задаете такие вопросы.",1
ещё бы и в башню ему напулял уебану.,1
"не поставят лай, потому что постящий долбоящер, который всех достал уже",1
"да этот, пидор, воюет только здесь, в группе он херой, только вот когда его катерина пригласила встретиться и обсудить все вопросы, херой забздел,",1
да пидары все эти депутаты! могут жопай зарабатывать...,1
расстрелять за такое,1
"ну безмозглое хохло говно, оно и есть хохло говно, как вы говорите мозгов у оного дегенерата - 000, как и положено у хохля, рождённого олигофреном от такого же дерьма. ночами срань не спит, всё буквы собирает, идиот ест идиот.",1
"ужас! эдак можно у всех чинуш посчитать и отнять? а кто же руководить нами будет, кто?",0
"лижи,пока позволяют,глиста хуйлостанская.:d",1
"хабарова вместе с полицаями растрлять на,,,,",1
"добрый день, как нет? я деньги сдавала",0
красота друзья пусть дорога вашей будет такой же жизни,0
енисей. нет. пользуемся много лет. отлично! вышка на нашем доме. умнички. все решают быстро. приятно с ними работать.,0
"тонкий трикотаж,не стоит этих денег....у нас  есть магазины ""всё по 250"" - так там можно лучшее купить...",0
состояние хорошее 1000,0
пидар конченый👎👎👎👎👎👎👎,1
"работаю в магазине весь этот дибильные период. сотни покупателей на кассе в день. откуда только не тянут деньги. из лифчиков, трусом, носков. публика разная. регионы, республики, страны. даже для еды не всегда получается помыть руки,маска ваааааше никак не поможет. я бы давно умерла, со своим иммунитетом,будь вирус опасен. а в новом магазине за 2 месяца люди в масках и перчатках только один раз купили презервативы. то есть спида, сифака и прочего, включая чесотку-не боятся. а от короны прячутся. самое обидное-нас, сотрудников обязывают носить маски, перчи. наказывают деньгами. бесит, но приходится терпеть. рейды полиции пару раз в день, как минимум",0
"бей жидов, спасай россию",1
"мне пиздабол. не интересны,их на боевую службу не берут...........так кто есть кто,утырок всратый.это ваша тактика пытаться переиначить все,что можно.,пытаясь ограбить себя,вонюче-любимого.+гены холопа,что сквозят из тебя..........только они завидуют всем и вся.",1
"но презмдент уверен, что жизнь начинается именно после 65",0
"для чего такие заморочки, не понимаю, сейчас достаточно средств, которые отлично чистят и моют...",0
"неужели хоть кто-то взялся за дружино!!!!!! приехали в конце июня в гости дышать нечем окна не открыть вонь стоит ужасная. вода бежит еле еле, а про горячую воду я вообще молчу её просто нет. дружино стало очень грязное!!!! возле садика где находятся дети мусор не вывозят, вонь стоит. вся деревня заросла травой администрация забыла совсем про то что здесь живут люди!!!!!! каждый год приезжаем в родное дружино, совсем всё запустили куда вообще смотрит администрация!!!!!!",0
"обсуждение идёт про штаты! недоносок! ты достал всех своимтупиным(!?). если так туго, возьми шкерт и ...на рею! не пойму, ты дебил или педикулезные член (блох хер)? отключить и не воняй!",1
самый пасшнабяый ишинг за повышение тарифов иумены шение зарплат,0
"её нужно привязать ногами за две лошади. одной ногой за одну лошадь, другой за другую. потом лошади быстро бегут в одну сторону а впереди стоит дерево. лошади расходятся а её мандой надевают на дерево с большой скоростью. оставшиеся куски выбрасывают свиньям.",1
из воспоминаний офицера комендатского взвода чч от самым неприятным в службе комендатского взвода было приведение в исполнение приговоров бандеровцам эти паскуды от страха старались перекусить себе вены от этого были их все крови в говне откуда них было столько дерьма неведомо приходилось тянуть месту зрелище было казни и эти метры сопровождались вонью воем на ногах они и не держались чтобы каком отвратительным не раз вставал вопрос том этих гнид стрелять то сарае этих уродов полном цвете но меняли вешать и не демонстрировать приказ не,1
"пидр, он на то и надеется что его выебли, фрукт недоёбаный👎",1
паскуда лживая!!!,1
"иваси, инжир, ирис, имбирь, индейка :-d﻿ ишо икры красной, черной, баклажанной :-d﻿👍﻿",0
"пидаразский жопа,что сказать?",1
"ой ну вас у женщин мужиков забираете, нормальных и так мало, а вы ещё все на жо слабые)",0
ничего себе... праздник.. друзья теперь точно можно путешествовать....😩😫😩😫,0
"вот-же,блядь,других слов нет,стоит засветиться и гоноклюи тут как тут.",1
"твари,конченые!",1
походу нас из гаража не выпустят😜,0
им у настоящих воров учиться и учиться. а это просто мрази.,1
"король, корона надавила мозги? ты че творишь?",0
нюра где блядь чоо вилла квадратов пропила хуй на,1
особенно в деревне,0
иди на хуй пидар дырявый,1
"люблю хризантемы, жаль только что они в основном все поздно зацветают, почти перед заморозками, кстати они очень хорошо черенкуются просто в воде .",0
"былое..., но семью убили- детей!!! жестокое время!",0
"Ещё не мерила, но на ощупь приятные, яркие. Довольна покупкой!)",0
"и какими первоисточниками вы пользуетесь для изучения? вы плохо воспитаны! - это интеллигентно ! а на твоем языке - ты просто пидор косорылый! и таких как вы , слава богу. в россии все меньше и меньше. пишите! я с удовольствием еще раз вас пошлю.... у таких как ты одна дорога....",1
черты ебанные,1
"бить чужих женщин, и за что...это не мужик , это чмо.кто дал права свои грязные руки расспускать, тем более без ведомой причины.иди , сука на свою маму и жену руки расспускай...я в шоке...дам уж, переводятся мужщины у нас...только и способны над слабым полом покуражиться, а на деле ни хрена не стоят.",1
"Боди классное, качество приятное, не просвечивает. Только на мой рост 162 см размер s - длинный. Бретели просто падают с плеч.",0
хуя ты расписала свою подноготню:-d﻿:-d﻿:-d﻿чемодан говорящий за тебя вера брежнева все всё знают какая ты потаскуха.вылези сначала из под шконки петя обиженка ты епаная не доёбаная шлюха ебатся хочешь так и скажи петух а не кукарекай на клавишах:-d﻿:-d﻿:-d﻿:-d﻿:-d﻿,1
пристрелить старого козла плешивого!!!,1
надо еще иметь такие глаза,0
поросячее ебало,1
"админ ты где летаешь блять, хуйло лайкодрочерское",1
"ну так сам самсонов его привëл и представил миру! точно, орги совсем оуели! скоро многодетных матерей - одиночек будут приводить. орги добренькие, сиротоквсех пожалели, пригрели. алиментщиков - тоже.теперь, видно, пришла очередь многодетных отцов. и не стыдно было с наглой рожей прийти в блядюшник, когда бывшая жена с троими детьми, наверняка бедствует. теперь и позора не оберуться...",1
"так ты оказывается, ещё и она???ебать,ты чепуха!!!",1
уебышь пропидорный шавка кремля,1
выпили воdки порвали колготки лесби саdомазо алкаши идиотки как у маркса имели бороdки кажdый как хочет проnежность морочит,1
"у нас соседский парень 18ти лет тоже не пьёт, не курит , с девками пока не шараготится. но такой рукастый и умный, дай бог каждому такого. и компьютер разберёт - соберёт в два счета, запустит, настроит, и сваркой так же ловко орудует, болгарка, дрель, и ещё кучей инструментов владеет вот и вопрос :кто дурак - то???",0
тыче шлюха? сосать умеешь?,1
"композитора за яйца повесить, две ноты и все неужели на большее таланта нет? занимался бы другим делом...",1
с позвоночником не шутят,0
"ну и кому из разработчиков разбить лицо,меня уже достало терять полностью максов из за их игнора файера возле штаб,сколько они будут решать эту проблему или пусть каждый раз компенсируют зеленью пока не устранят.думаю если бы за это лишались денег,так махом бы все наладили,а так забили на игроков.",0
"свободу убийце, убийцу на кол .. слов больше нет ..",1
сжечь её надо заживо что б другим неповадно было обижать простых людей,1
зеркало суперское,0
"спасибо, успехов и процветания вашему бизнесу",0
а утром ли проснётся?))),0
сталин запретил эвакуацию жителей города!,0
"всех в хуеприёмник, пусть хуй сосут ! хотя баб отдельно, им хуй сосать по кайфу, пусть лес валят проститутки политические.",1
"женщина должна всегда любить себя любимую, никогда не давать себя обижать, ни за кем не бегать, себе всегда прощать все ошибки.",0
дай аллах это пидора все семья издохла как шакалы иншаллах,1
"это не капитан. капитаны служат в армии , авиации и на флоте. а капитан полиции сотрудник.",0
"совсем что ли? мать главная тварь, если такое позволила. еще и скрывала..",1
когда-же пидары коммуняки заткнутся,1
здравствуйте а доставка есть,0
в такие годы ходить в лес...бог в помощь!,0
тридцать ....... сорок семь уже !,0
путинская шлюшка этот пидорас .,1
её нужно ликвидировать.,1
у меня такой набор больше 30лет и зря говорят некоторые товарищи что ржавеют. класс!,0
я знала что у него отец армянин а мама еврейка нет ни какого секрета,0
"михаил задорнов был прав, вот об этом он и говорил.",0
здравствуйте а он полностью рабочий я могу взять но у меня деньги будут только 13 числа а так если мне переведут мне денежку я бы вам отдал,0
ничего себе!урод!,1
"причём с зимний день,???",0
"для чего весь этот идиотизм??? или это кому-то выгодно!? тот кто это придумывает видел как люди едут на работу в общественном транспорте??? маршрутка 105 в саратове едет битком, люди стоящие просят водителя не брать никого - встать негде. это не маршрутка, это адская бочка на колесах!!! соблюдайте дистанцию!!!!",0
азтору браво в,0
хотябы один раз проехат в жизне где это перевал???,0
ключевое слово купила.,0
красавица не то что пугачева от пластики улыбатся нельзя силикон лопнет,0
что с ней,0
гнида хочет соскочить,1
":-d....пренеберегла простым правилом - не ипи где живешь,и не живи где ипёшь -березовое полено в валенке (fr) вылечивает ат полигамии......(h) :-d :-d :-d :-d ✔",0
ебучий позор!,1
"Свитер совсем не такой как на картинке и в описании. Одна голая синтетика, никакого намёка на кашемир нет. Очень просвечивает. Качество полученного свитера не стоит этих денег.",0
сама играешь или как ???,0
вы сами терористи пидорази,1
"Хорошее качество за такую цены, но на рост 160 рукава коротковаты, этот свитер идет на размеры xs, s не больше.",0
додон и его друзья проклепаю вас и ваш род ублюцкий как вы издеватесь нагло над людьми фашизм мягко сказано черти гондоновские,1
эти пидарасы хотят править вечно,1
хочу но не могу))) не в отпуске я))) поэтому пока зае6авшийся работать)))),1
"добрый вечер, пеликан №196 часть2 пришёл?",0
это уёбище вообще бы молчало.,1
а ты козёл не будешь пенсионерам и какая мать такая тварь родила она у него не пенсионерка,1
да. надо было ему тогда золотой мяч давать но не дали суки,1
нехуя она с кем-то е***** по ходу,1
"нашла два отличия - бровь, и ленточка (хвостик птички) - где вы нашли больше?",0
Очень тонкая блуза!!! Да и по размерам маловато,0
"котик до сих пор у нас, родители отдадут в кот и пёс если не отдам. у нас просто собака, она не воспринимает чужих кошек и своя кошка окатилась",0
здравствуйте. и у меня тоже ссылки не открываются. вчера все работало.,0
нелюдь. вот именно для таких нужно вернуть наказание в виде сметной казни.,0
"ребята,соскучились по праздникам,по состязаниям",0
эти пидоры и шлюха спасут только себя.,1
по ебучим осенним лужам среди блядских дубов берез и в опездительном танце кружим чтобы нахуй замерз никто не между блядь нами капельки света из небес пизды словно льется с и мне похуй бы на все лишь этот дивный ебеням не исчез миг к и пиздеть слов нет причины лишних в этот ты ебучку закрой час мы блядуем пучины в плену у бурных чувств охуевшей волной как блядство всегда всюду и смута пусть съебется весь мир наших глаз с всем хуево теперь почему то нам одним лишь пиздато сейчас,1
каска уже не поможет,0
здравствуйте! не могли бы вы мне сказать откуда появляются вазы с сокровищами? не могу никак поймать вылет:-),0
долбаёб-нарушитель ..практически убийца на дороге,1
классно!)),0
"будь моя воля, я бы таких сучат вместе с родителями отправляла в тайгу на выживание! выжил - живи, сука, если нет - то сдохни!",1
"анатолий сегеда , брежнева не тронь !!!!",0
е0баться ъначит ебаться,1
говновброс свинорылых информацlапи выйська украини брехня укро нам простым россиянам очень тяжело жить при прилетел насрал улетел путине мы голодные остор в комментариях присутствует хохло свин шагпипgии,1
каком городе жывеш,0
"не высыпаются, пиздота",1
ебаные пиздорванки,1
какая красота и на вкус теперь класс,0
спасибо танечка! я бы хотела в пределах города.,0
"Качество хорошое, но размерная сетка приврала. был заказан размер L, а по факту размер L-XL. оказались большиваты",0
ти красивая и сексуальная я хочу тебя попу ив рот,1
с праздником железнодорожники,0
моего забери!!! :-d﻿,0
по курсу также и выходит,0
убил и его убить,1
"все виноваты, только не ефремов хули у него денег до хуя, то асфальт хуевый то не он зарулем денег до хуя откупиться и мы ещё останемся крайним.",1
ну как можна собаку привязать в лесу скоты нелюди чтоб вам руки отсохли что бы божого света невидели,1
Юбка выглядит очень дёшево. Тянется плохо. Ткань как будто дубовая и топорщится некрасиво. Она скорее на размер 42-44,0
наверное с рождения за такое имя звания дают это вам не иван да марья,0
их не считать на до пиздить,1
бля а я думалку из думал на хуя дятлы из автопроизводителей шильдик якоря клеют но ведь суки ⚓ к машине не прикладывают.заначит нас наебывают!,1
"смори,что б народ тебя на вилы не посадил или на кол твоей поганой жопой",1
что то много заморочек.,0
"дональд трамп заявил, что россия и китай смогут вмешаться в выборы, подделав бюллетени. не вижу проблем. русские бюллетени-подделки будет легко опознать по наличию в них кандидата путина, а китайские будут с двумя симками и фонариком.",0
чтоб здох,1
сама дурковатая а сиськи выкатила на смотрины,1
очень правдиво класс,0
с тополями приятнее был вид,0
"ну и твари же наше правительство, сами миллионами гребут, а россия живи и выживай.",1
да какие блядки все только поссать:d,1
"девки молодцы!!! пидор снимает, ещё и комментирует(((:o :o я в шоке",1
гена! хули ты пиздишь!? ты же тоже в доле!,1
забиваешь на ютуб - золотой дворец вашего любимого доктора.....и просто охуеваешь как кремлебляди проплачивают ей жизнь в америке,1
Куртка пришла с небольшим браком (разрезана в области молнии).Продавец обещал возместить часть затрат на ремонт.но ничего так и не возместили.,0
"долбохозяйка чем народ кормить собирается. умные люди учатся на чужих ошибках, а долбоебы на своих....",1
"Трек отслеживался - было понятно когда конкретно и где находится посылочка! Конечно же получили точно в срок, и что особо понравилось - очень быстро! Всего 2 недели и посылка в руках! Получила на почте заветный, хорошо упакованный пакет. По фото видно как упакована и как хорошо дошла посылка. Замечательная, удобная, рубашка, теплая, приятная к телу! Верхний материал крепкий и так же  и приятный - натуральный. Швы аккуратные, строчки ровные. Качество понравилось! Дочка в восторге! Сейчас, когда отопления ещё не дали - можно не переживать за здоровье ребенка на учебе! Рубашка так понравилась, что буду заказывать и себе) Осталось выбрать цвет) Очень рекомендую",0
с днём рождения бабуля живите долго и счастливо здоровья вам огромного !!!,0
"ты пи$добол. в россии живут около трех миллионов украинцев. об этом сообщил глава мид украины павел климкин на встрече с украинской общиной в канаде, передает «укринформ».",1
просто..блядь....,1
всё очень хорошо и правильно сказано. поддерживаю. 🙏🙏,0
очень-очень ждём традиционную встречу 23 февраля в москве.,0
это то да. и по тв не всё показывали. просто столько родных и взрослых людей рядом. взять и оставить малыша на улице. без душные.,0
девочки может кому понадобится в пелеконе скидка 50%на все,0
слышь ты говно ебальник свой поганый закрой!!!,1
раскулачуват надо ейо или четвертавать таких сук.,1
сука ты сам напросился,1
посадить ее на кол,1
"не надо ссср? верните тот строй, социалистический !!!",0
вот блять что я всегда и говорю. это зло памятные твари. сделайте его фото. вот мразь ублюдашная. и что? повесите потом человека? не бывать вашей власти гребаные твари. вы же людей вешать потом будете.,1
всё верно но главная беда в том что нас слуги народа пытаются вести к забугорной жизни а с пустыми вывернутыми карманами жизни нет в любой стране.все конфискованые у сребролюбцев миллиарды пускать на строительство жилья для молодых семей и давать им бесплатно а с рождением детей расширять жиилплощадь..но видимо такая тема жадным не интересна.а вот любой человек в погонах не важно какого ведомства жильё должен получать вместе с формой семья должна жить спокойно а воин выполнять боевую задачу.,0
он тебя чо так задел сильно?,0
переходите на акнет -395 сом в месяц.очень много каналов по интересам.,0
оно идеально чистое,0
скиньте его на киев!в рот вас ебать !,1
"пидрила конченый возомнивший себя богом, к ответу козла",1
реквизиты перечислений для сбербанка карта бззб бо бз чз к марину борисовну з карта телефону привязана к в з зо телефон не голодный прошу пометкой прию отписываться с стая или,0
"нощел он в жопу, пусть со своим ниггерам приветы шлет гнида!",1
прокалывали в 2 года даже не плакала. не беспоят промываем мирамистином,0
урод приставь к башке своей,1
"сдобрым утром жизнь! ах, как хорошо, когда всё хорошо!",0
кровать продаете ?,0
"читайте выше, пишет егор прокопьев. это развод.😣",0
друзья всем салам из чечни уважайте друг друга вирус сам от злости сдохнет!!!всем здоровья!!!,0
в продаже есть памперсы 5.,0
"медики сами и создают панику. бояться ,что будет большая рождаемость",0
и я бы купила....,0
а автор сего пасквиля----гнида!!!,1
расстрелять всю думу.,1
"а ни какого, им всё дозволено.уродам.",1
в/ч03336 борисов печи 80 - 82 12 утр,0
платошкин мы с тобой,0
ебля за деньги?????,1
"очень бы хотелось прочитать рецепт ,",0
а что безруков натворил,0
"о господи, да кто вообще холопов спрашивал!???",0
уважение к себе потерял. теперь хрен отмоешся. показал свое нутро гнилое,1
"да, и сказать больше нечего, хлопнул капотом(h) :d",0
"казахстан наверное гордится таким талантливым, обаятельным, интеллигентным, красивым парнем! ну а теперь и россия!",0
"всех с наступающим последним месяцем лета! собираю заказ с https://happywear.ru/ под 15% с доставкой. присоединяйтесь! качественный трикотаж, хлопок для всех, для дома, для школы, много тапочек и обувочки, полотенец, игрушек, канцтоваров, средств по уходу и пр. необходимых вещей.",0
"правы были коммунисты , ох как правы!",0
второй пидарас ещё живой . делайте выводы,1
"это уже не вдв,это чмочники. слишком много дали воли всякой пьяни.они позорят звание вдв.. первый ударил представителя власти тот дед,он что из себя возомнил??? вот из таких скоро и праздник отменят.не умеют себя вести.",1
здравствуйте примите пожалуйста заявку в друзья 💐💐💐,0
комплекты красивые но по комментариям с вами страшно работать,0
во све мире есть пидоры и геи кремле только в кремляди а века в l slеg не,1
долбоебы вы!,1
"гореть в аду, недочеловек...",1
"Кофточка голая синтетика, носить не возможно.",0
да больше!,0
"я бы тоже могла забрать малыша, все позволяет, только уже за 7о,единственного сына недавно потеряли, дай бог всем иметь такого.",0
звоните по к указанному номеру,0
будь счастлива ...иннусь!!!,0
ну почему не добиться очень можно добиться я только на 34 уровне начала иногда покупать.игроки только когда приходит новый остров тогда только немного шевелятся .у меня посещений 23-27 в день. игроков 110 вот когда приходит остров тогда набегает 45-48. но все кричат дайте энку. бесплатную не хотят собрать .а 50 у меня было за 4 года раза 3 и о чём речь?,0
ну ты например тупо в рот возьмёшь да и всё ёпт))))) в очко чопик вставь лох фанит пиздос. нехуй к погранцам примазываться пидор.,1
"вас уродов давить надо ,плохо им сука живётся, вечно не довольно отребье.",1
"спасибо, мне приятно",0
"и что ,сша не россия , живи там и не порти себе кровь мы тут , в россии , сами разберемся. родина - она одна . как сказала казахская царица - дым отечества и сладок и приятен.",0
сима ов по чек опе сбербанк конлайн операция переводс карты на карту дата операции мск зо июл оо время операции мску ббз номер документа ббовб статус операции выполнен успешно сумма операции бб руб комиссия о оо руб отправитель иг ббо получатель п карты зб авторизации код бвзб получатель платежа татьяна александровна к платеж выполнен sbегb опипе,0
здохнеш ублюдок как пёс сдохнеш.хуесос хохловыйбанный,1
а у меня лучше👍﻿,0
"долбаёбы - митингуют, а умные читают предвыборнный план кандидата от опозиции",1
"нынешняя власть такая-их хлебом не корми -дай только штраф выписать. неважно за что, при желании повод они найдут..!",0
"господь, храни пидараса от дюдского гнева ! ! !",1
"что за бред, вы с головой дружите? уже не знаете, что продумать!!!!!",0
мужики.это.все.хуйня.долбоеб.он.с..плакатом.просто.он.незнает.что.такое.рыбалка.,1
есенин сука мой герой,1
"ну если вы не играли лет 5, то союза у вас нет. тогда через дружбу",0
нас тоже много протестующих 60-х годов рождения. мы тоже молодежь?,0
сразу рострел ещё их корми пидоров,1
"очень красиво,творчески сделано от души,лучше быть не может,все супер",0
пластмассовая....,0
пиздобол.,1
о в ов айрон поиск картинки видео карты ново таs их мейден пайпер мэн,0
зато ты епть красавец дроченый,1
овца которая этим занимается.. увижу если в таре такую гнобить буду,1
"мразь продажную, гниду лысую надо повесить! и ебланов его воровитых тоже. а то все герои только тут, в ок. а собраться и отстоять страну храбрых нет. одна грызня между собой. начните себя уважать. достоинство свое, как гражданина, заимейте. и появится боль за родину, иудой пришлым проданную. на местах, в областях и районах надо начинать хуярить мразь едросовскую, жопу лижущую иуде. здоровые мужики, а посинели под брехню изменника, честь офицера испоганившего, присягу воинскую нарушившего, память отца защитника родины посрамившего и страну и народ пиндосам продавшего! позорище!!! всем нам, русским простым людям! хули сидим, на барина пашем? и скулим что нет справедливости. надо своими руками ее добывать! как деды. как отцы. все.",1
"пиздец, я хуею над такой самоуверенность. ну давай издевайся я поржу, жопу только не порви на британский флаг. чмо путинское!",1
не ори спать мешаешь,0
я ему написала в вк,0
повесить бы его за яйца,1
"хабаровчане, мозгами- то пошевелите, вы с кем в одной лодке гребёте? с нациками, либерастами- предателями родины, геевскими защитниками? вы себя совсем перестали уаажать?! нормальный русский с такими тварями на один гектар с-ть не сядет!!! свои заботы и проблемы, уж точно самим надо решать, а не с фашистами хохляцкими и грузинмкими, и не с губернатором, у которого руки в крови по локоть!!!",1
хуйло суровикин хватит брызгать завистливой слюной повзрослел придурок рогульский,1
подлейший из поганцев нечеловек - чтоб ты сдох еще раз со всеми няинами своими,1
ну тут пиздос полный.акробаты даже рядом не валялись!!! котейка реально оторвался от земли(правда задними лапами)но кто так ещё сможет?,1
"все участники самые лучшие и самые любимые, но оценивать нужно также редкость, необычность и красоту кадра из жизни питомца не только в состоянии покоя, но и в движении. а самая энергичная, изящная, жизнерадостная все - таки бельгийская овчарка адель, несмотря ни на какие баллы. браво фотографу за яркий, потрясающий снимок.",0
"только конченные бляди могли народить на свет ушлепков, которые сопровождают эту игру...",1
"поддубовик, он приятно пахнет, сатанинский гриб червивым не бывает и мошка на него не садится",0
должна быть,0
"Красивый жилет, на рост 173 вес 75 идеально. Сшито хорошо.",0
"педерасты безграмотные, раньше подохните вы!!",1
его тоже так же надо мразь.😟,1
Ужасное качество товара!,0
нашёл на кого целиться.,0
вот это красота очень редкий сорт,0
"о боже, сам то он чмо",0
"главное не только поймать , но и сфоткать правильно",0
почему эту тварь еще не побили,1
кострировать 👎 👎 👎,1
а есть инструкция?,0
пускай ещё хуй отсосут у батьки.,1
профессия не передается половым путем. 😂,0
е....анутые...,1
ужас... гореть тебе в аду,1
"пусть такие не ничтожества почаще встречаются с вами на дороге.скотина,человека убил и хочет отвертеться.как его земля носит.",1
"8(960)8518630 татьяна заказывайте, не пожалеете 👍 очень вкусные пироги. постоянно у неё заказываем мясные, сладкие и ватрушки! 👍",0
"вымя сука,а не груди.",1
точно потомок гитлера. к стенке его.,1
выпороть щенка а мамку его выебать!)))),1
пришел очень быстро) всего 2 недели шло),0
всё-таки решила...шалава как выживать...окурок сама последний хуй без соли доедает...куда там выблядище своей помочь!!!,1
"огурцов я насолил немного,но растут ещё,и помидоры созревать уже начали.",0
"Доставка быстрая,очень тонкое,на жаркую погоду.Брала XL,на 50р-р отлично,немного великовато в подмышечной части,можно ушить.",0
"ты уебище, морда твоя в говне.",1
чертовы расисты. чтоб вы все сдохли!!!,1
всем спасибо большое больше не надо ставить классов и поделиться с друзьями.,0
да таких вешать надо. без суда и следствий,1
"я люблю животный, для меня более чем животинка, это член семьи!!!",0
"что я могла конечно ожидать за 400р , я догадывалась , но не на столько , мне пришла толстовка из марлевой ткани , с
 кривыми швами везде , не советую брать",0
"здоровья и счастья! пожелания ,пока не окрепли не выставляйте малышей на всеобщее обозрение!...",0
какие еще комментарии. позор. эти дети в дальнейшем воины и будут защищать кучку воров тех кто лишил их всего,0
опять пиндосы обоссали смирись залупа прогнись и стой так раком,1
буду рад знакомству с тобой красавица. можем познакомиться и поближе. александр ростов на дону 58 лет,0
"футбольная команда в полном составе,а теперь и тренер появился.,,зенит трепещи.",0
меня добавьте 89507914824,0
"я буду тоже, без отеля!",0
ублюдки педористическо-лезбиянские!!!,1
нары ждут ево пидораса,1
спасибо. я вам написала.,0
"тьфу, вся гадость из москвы.",1
"просвечивают,но качество ткани нравится.",0
самих привязать там и бросить,0
"обнулёныш со всем миром посрался-нефть,газ в жопе,эолото продаёт,-всё на ладан дышет всё разворовано!армии трындец(сама 35 лет отработала гражд.персонал)знаю изнутри только треск о величии в сми!",1
дай бог дедуля здоровья💋💋💋,0
"ты не заметил, что таких придурков как ты, здесь мало,, считай вообще нет, десяток наберется, тебе это ни о чем не говорит??",1
лусть сегодня двери в каждого дома войдёт ангел улыбнется и я скажет к вам навсегда я принёс вам здоровье любовь и удачуг,0
"когда алкаш представил путю я сразу сказал, дерьмо.",1
"хуесос, у тебя что, памяти хватает на один день, а говножуй? я тебе уже миллиард 500 раз говорил, я к хохлам не имею никакого отношения. а уж амеров разбомбить, это прям мечта жизни. так что закрой свой поганый говноедный рот.",1
сертификат долбоеbа настоящим подтверждается что безоговорочно ты являешься натураьным стопроцентн ным подлинным долбоебом подпись вроча,1
только хуеплет может смеятся от этого....,1
это была самая любимая баба яга. и совсем не страшная.,0
советнику надо было доверить .....они теперь руководят областью,0
счастья вам девчушки 🤗🤗🤗,0
мразь - яйца ему оторвать чтоб руки к детям не тянул (sr) (sr) (sr),1
тварь воспитали мразь,1
"да , виноват . уничтожена культура в стране , уничтожено образование , дети пущены на самотек и благодаря этому - вырастают такие долбоебы.",1
"очень интересный фильм, но роль гнездилова часто ну очень бесит, приходится выключать тв.",0
а когда везде мерещатся идиоты это что? прежде чем другим в жопу заглядывать сначала сам подмойся.,1
да их там дахуя таких соловьёбовых,1
я хочу это жирное ебло макнуть в унитаз !!!,1
"это все понятно,только обидно,что за такие деньги люди два дня касками стучали или 8 дней под землей сидели.простите,накипело.",0
"чё тебя гнуть кому ты нужен щень😂 ? таких как ты в 1992 году махом нагнули и за 3 дня всех нахуй выкинули так😂 , что ты мудак ,какждый год о геноциде скулишь 😂 вот это правда:(",1
лучше холодильник принести.,0
ты наш герой и наша гордость!👍👍👏👏🙏🙏🙏,0
"пижамка супер, за такую цену в магазине не купить. шорты плотные хлопковые, футболка тоненькая. все супер, запаха постороннего нет, нитки не торчат, доставка в сроки. спасибо продавцу, заказом довольна",0
яблочный кот,0
а дождь???,0
"аня, если не подойдут, у меня есть чуть побольше",0
"дебил,что же вы россию с маленькой буквы пишите?!убирайтесь срать на запад,а то от вас сильный запах исходит!",1
"что б этот ублюдок здох мучительной смертью , падла",1
вернее и не скажешь.,0
ты что шлюшка не бойся я не обкакаюсь как ты скоро подобным вам конец будет и посмотрим кто обкакаеться вот так ковырялочка,1
"дожили ￼ одни нормально праздновать не могут. другие обязательно кого-то дубиналом охаживают, ведь такая у них р а б о т а жить то мы цивилизованно все будем когда-то в нашей стране 🙄🪓",0
"это точно. именно поэтому лукавый теперь и расплачивается, за все то зло, что за 26 лет сотворил. и потомство его расплачиваться будет ещё долго. зло будет наказано!",0
"не пора ли, уже давать 3,14 ы",0
это пидорас а не клоун,1
грушу не продали?! доставка есть?,0
да кому нахрен нужна ента бульбашия!!вот раздули.блин.заняться больше нечем?-лучше в своей избе подметите.то что-то все больше и больше грязи и говна в ней копится!..,1
скорее в связи с невыплатой заработной платы за апрель месяц шахтам,0
"лохматка -ну это, она самая... вдруг не в курсе....",0
"вот сука зачем у пыни на сайте,упоминать таких людей,пыня в то время жрал баварские сосиски в питере,а переговоры с басаевым вел черномырдин,не место таким людям на этом продажном ,лицымерном пароме,вы суки не поняли вашему путлу,и его режиму осталась хуйня,хабаровск ещё не все сказал,ждите еблоросы,и путиноиды вам не долго осталось долбить нас пидоры.",1
а где массовая драка?,0
очень похожи)))),0
одни кикиморы с блядскими замашками!,1
"здравствуйте, вам срочно кизил нужен? у меня будет, но немного позже, крупный. буду продавать.",0
"помать как можно быстрее и на площади перед народом повесить за причинное место, чтобы он сдох от этого.",1
эту татьяну боженко надо в сортире у топить сволочь и сука тупая.,1
жириновский так держать всех пидорасов и блядей.......,1
ты опоздал ),0
это порода такая,0
а почему только женщины в обсуждении где эти наши рыцари рукожопые бля убила бы.,1
какой ебнутый,1
что его научили за год службы??,0
вот нам еще чурок не хватает,0
и девушки красивые.,0
вообще -то.... это мое фото!!!!,0
ноги вырвать,1
"советские войска имели полное моральное право устроить полный геноцид в германии, уничтожить всех живущих на этой территории. но в отличии от просвещенной европы советский солдат был солдатом освободителем а не убийцей.",0
"поздравляю, малышам здоровья и удачи, а маме терпения и не терять способности радоваться жизни а счастье у мамы уже есть, а папе бог судья ему все вернётся с %.",0
я вообще кефир брал,0
"какие же вы все идиоты и имбицилки. вас всех ничему гражданская война не научила? вы, блять, ленина хоть читали? вы, суки ебаные, хоть читали вила, троцкого, сталина? не, вы ебаное пидарасье, не читали ничего и вы! ебанутые. етттааа пздц, рухнула россия, а они ебаквакнулись. ржуууууниииимагуууу😂😇😂😇😂😇😂",1
фуфлыжники ебучие,1
а песок речной или озерный?😆,0
а трахаешся тоже через ватцапп?,1
олечка шестопалова селезнева хохлы большая уважуха за вам время вашего бляфства вы русский сплотили народ вы обывателя заставили русского учить российского вы по историю государства любить настоящему показали как надо свою бы любить армию и свой народ что не чужую вы армию подтолкнули экономику на отказ от импорта почти во всех сферах производства впк но большая ваша особенно самая в вы заслуга показали нам всю повылезавшую гниль виде б той колонны откровенных в и предателей прекрасно так что чвакайте по мы может быть клаве дальше а то еще н все знаем,1
"зажравшийся негодяй!!! что, не было денег такси вызвать? вседозволенность подвластна !????",1
Супер!! Спасибо за быструю доставку (меньше двух недель)!!. Качество супер точь-в-точь как на картинке! Цвет брала бежевый именно такой и пришел. Очень довольна! именно то что и хотела!! На размер 42-44 взяла (М) чтоб было ни в обтяжку очень даже угадала!!!,0
"да чё он стоял ,сейчас много машин едет в крым отдыхать ,и обратно тоже ......на дальнем расстоянии можно спокойно снимать",0
"спасибо большое, достаточно было написано. выпейте успокоительное и сделайте глубокий вдох. более прошу вас мне не писать.",0
родители-суки решили прикрыться ребенком...задушила бы собственными руками таких пап-мам,1
а ты пидар скажи кто у нас плохо работает?,1
"нет, не пропустят, у нотариуса оформите доверенность 800 руб.",0
"такую тварь посадить надо,за неё воевали наши отцы и деды,мразь.",1
"на выбор расстрел или ехать, я бы выбрала первое :o :o :o",1
секси йей между сисок,1
правда обдрочительная попка,1
пидор да и только,1
с милым и в шалаше рай...,0
"очень жаль ! отличный политик ! сколько сделал для своей страны! и эти же люди растерзали его...,, за что?!получили что хотели.....",0
уже в и суда залезли пидоры- поборщики!🥵🤬,1
"пиндосы всю жизнь едят индейку, которая, по легенде, спасла их... благодарят...",1
"заебалась , это ж надо так загнатся то ))) ну кому это нужно то все ? долбаны рукоблудники .",1
ни в коем --случае !!!!!!!!!!!!!!!!!!!!!!!!!!!!!!!!!!!!!!!!!!!!!!!!!!!!!!!!!!!!!!!!!!👎 👎 👎 👎 👎 👎 👎 👎 👎 👎 👎 👎 👎 👎 👎 👎 💦 💦 💦 💦 💦 💦,0
"ну и пидорасты,надо переворот,надо",1
расстреливать с изъятием имущества,1
тупой! три извилины и те прямые!,1
"утром роются в помойке, добывая пропитание, а вечером идут и голосуют за плешивого крыса путина. так им и надо!!! дебиловатным терпилам!!!",1
"это, что за ряженый. ему нагайку в жопу надо загнать",1
"а что,в принцепе все правильно(fr)﻿(fr)﻿(fr)﻿",0
из за это бабушки убить мало,1
добрый день у меня не работает несколько дней барабан который надо крутить и жук не убирается с дерева.что случилось и почему так всё идёт в игре .,0
желудок не поймёт.,0
мочить надо оппозицию!!! вместе с родственниками в лагерь без права общения на 25 лет... все остальные сразу замолкнут....,1
медведь лох))))),1
"здраствуйте, они же должны регуливоваться больше меньше с низу есть болтики их откручиваешь и добовляешь как надо пониже или повыше. здоровья вашему ребенку.",0
благодарю! взаимно!🙏 🙏 🙏,0
к стенке всех пидоров которые имеют двойное гражданство.,1
чтоб с ними также поступили. пидары!!!,1
койка места бор факат аел кизларга 2-ой мосфильмовская переулок,0
"будет фантастик, когда крышу прорвет 🤣🤣🤣🤣",0
ты блядь кто?(вы чё скоты все такие сука правильные,1
теперь дом!!???,0
это же пидр.,1
что то сделали с собакой,0
"жаль, что этими ленточками тебя не придушили! а харьков бандеровским не будет!!!",1
лох печальный,1
да сжечь эту сраную бумагу и пиздюлей навешть этому пидару колзёл не до деланый и ублюдок.,1
ябы тебя выебал бы вовсе щели,1
"..а ныне - кривляки какие-то....от нагиева до камеди клаб...ну , артистовможет быть галустян чуть - чуть дотягивает до великих комиков",0
"платье классное, но карманы надо было делать из другого материала, более тонкого. сейчас от карманов добавляется объём на бедрах и некрасиво топорщится.",0
"Прекрасные носочки, девушка оценила, но шли уж больно долго",0
"ну, не верю я. если только что высадили для прикола.",0
"к сожалению много баб (женщинами их называть язык не поворачивается), которые бегают за ними с матрасами, выпрыгивая из трусов и с наслаждением выслушивают их жалобы на бывших, поддакивая и вытирая им сопельки. целуют в попку и бегут разносить эту блевотину по своим подругам, добавляя ещё от себя горяченького. 💩",1
мужики не не кто не ебет того она злая хорошо пропердолить она подобреет,1
чертила ебучий,1
я бы не отказался от твоей попки!,1
"чем больше проходит времени, тем меньше хочется жить.",0
мне в тогучин надо.я у вас саженцы ягодок покупала.,0
"пошла козе в трещину видела она, паскуда.",1
заберём если уедем сами,0
этим мразям малолетним переломать руки надо!,1
Посылка провалялась 2 месяца на почте китая! И продавцу было абсолютно насрать где она и что она и мои какие то сообщения игнорировал! После чего я соответственно открыла спор? Время уже истекало . И что вы думаете этот уродец наверное решил пошевелится и вуаля она быстренько появилась !!! Не советую !,1
"аксельба́нт — наплечный отличительный предмет в виде золотого, серебряного или цветного нитяного плетёного шнура с металлическими наконечниками. прикрепляется на правой стороне формы одежды, под погоном или эполетом.",0
"если в голове хуй, то медицина безсильна.",1
бей мусоров спасай россию.,1
какая прелесть лапочка дочка,0
Не первый раз заказываю у этого продавца.  Качество идеальное.  Бомбер очень кдассный.  Идеально на российский 46.Твердая 5.,0
сбербанк онлайн чек по операции сбербанк онлайн операция на переводс карты карту длта операции мску июл оо з время операции мск о ч чб номер документа вооб соперации статус успешно выполнен сумма операции боо комиссия ооо руб отправителы зв сlаssи sис получатель б карты полу чателя телефон з ббб бч ч код вторизации авт звчо получатель платежа овна т ирина александро платеж выполнен опlипе,0
"очень вкусно,делала на зиму......сьели ,до зимы не сохранилось.....",0
стоишь раком? стой.,1
"лучше жопу показали,глаз не оторвеш. ублюдки",1
блядина бездарная...,1
"когда все памятники русским воинам разрушили теперь вспоминайте,педерасты красные из за вас предателей страдает россия и народ русский",1
"кошки, они понимают лучше нас.....",0
привет.я пассивный пидор.,1
папа твой опущенный. нахрена он такую дуру на белый свет произвёл.,1
трахаеться со всем что движется,1
ты бабенка с грязной головой о чьей родине гутаришь? ротик свой закрой и не вякай.,1
привет пираты),0
"ты чё пидарок, поостроумничать решил?? тебе это не идёт. такая тупая рожа ни как не связана с остроумием. иди лучше властям подлизни. в твоём случае снимай штаны с любого росгвардейца, и языком прямо туда. я прям вижу как ты это делаешь..б",1
чтобы дебет с кредитом не расходился. сколько потратили- столько и вернуть хотят.,0
вы молодец. я тоже бы взяла. она даже плачет от радости.,0
"хищение во время введение чрезвычайного положение в стране равна военному положению, и за таких крыс мародёров погибло очень много наших соотечественников. и это уже не банальное повседневное воровство. народу нужно требовать расстрелять крысу или приговорить к пожизненному заключению.",1
"красиво,надеюсь моя дочка теперь живет в таком домике😭😭😭😭😭😭😭😭😭😭😭😭😭😭😭",0
"я твою честь ебал, и запомни, даже через интернет тебе может ждать неприятности (h) (h) (h)",1
да ты умеешь работать баба йбани шлюха,1
словно деньги из бюджета),0
"по себе не суди, жопадающий😂",1
не в китай блядь не в китай а тут переплавлятся,1
расстрелять б суку эту гиsоvаснии,1
"кто сказал,что хабаровск мы с тобой.хер не хотели вы.не все же ебнутые.плевать нам на ваш митинг на кострюлеголовых.мы за путина.и в хабаровске не все ебнутые",1
кто придумал эту группу хуиплеты,1
"Ткань приятная, не просвечивает, эластичная синтетика, тянется. Белого цвета больше, чем на картинке. Юбка прилипает к ногам.",0
ну дадут пожизненно. а потом ещё и корми их за наш счёт. стрелять сразу таких.,1
сука попался бы ты мне на глаза затоптал бы мразь ты пыль ты ни кто гнида,1
"русские вечно хвалят, что мы всех победили мы такие крутые, а пофкту мы походу трусы, каждай день в новостях показавают как эти уроды, убили, изнасиловали, ограбили. без преувеличения каждый день и всем похуй, народу, власти, всем.",1
батьке надо только отдать приказ всех нациков из холопии задерживать и судить за подрыв устоев государства и особо злостных сразу к стенке. а пидоры сразу рванут спасать очко от не санкционированной аннексии.,1
подтрахивать,1
"добрый день. 3000р. , и 1000р.",0
"благодарю и принемаю, а потом что делать с ростками? когда большие станут",0
фамилия твоя ебонько,1
галовёшка ещё знаю))),0
"вы что делаете фашисты? путинские шополизы. вас убивать надо всех до единого. полиция называется фу на вас всех. на слабый пол напали вот вы уроды. управы на вас нету. что жополизов, что называемую полицию надо убивать.",1
их всех надо пи ть,1
нужен детский сквер с качелями...горками...,0
"3 дебила, это- сила",1
"вод только эта сука сидит в киеве и ни единого слова в защиту луганска и донецка (где ему установлен памятник) за 7 лет не сказал. наверное для него луганчане, как и для лысого из квартала, уже не люди, а лугандоны?",1
"черёмуха сладкая? если да, то куплю 5л",0
з зч анализ финансов расходы зачисления здоровье и красота ч в супермаркеты вв р коммунальные платежи связь интернет з зз р прочие расходы о р одежда аксессуары и чбо р ками ссия о в,0
"и работала всю жизнь и ничего хорошего в жизни не видела, а пенсия такая. особенно не повезло сельским жителям, у них у многих такие пенсии",0
"я бы снова поехала туда, люди очень приветливые",0
я против смертной казни) лучше бы их не на пожизненное .. этих гандонов пусть бы раком ходили до конца своих дней ......,1
"тварь драная!!!у меня у самой 9 деток,и воспитывают я их одна,и ни одного не бросила,не отдала никому!!! это моё счастье!!! да тяжело их поднимать,но господь помогает!!! помоги господи этому малышу обрести хорошую маму!!!",1
красавчик! глаз не оторвать! 😋,0
а есть сейчас такие в наличии?,0
"красивые направо,умные налево.мне куда?",0
а они всегда молодые!вечная память!,0
"а для чего тюрьма , чтоб это мразота ещё за наш счёт и там сидела , к стенке и расстрел с конфискацией , вот что он заслуживает",1
"безруков,всегда пидор,от рождения,но машков!увы,и ах,все они прости господи.",1
отсос сосет и усни не гавкать.,1
"без сша мир станет светлее и ярче. исчезнет постоянно гниющая тварь, которая несет смерть всем вокруг. сами уже задыхаются от ожирения и дикого образа жизни и всех пытаются убить, взорвать, дрянь, а не страна",1
:-d зажигательный ананас.,0
угловая?,0
"подскажите пожалуйста, после покупки дома за региональный капитал, через какое время его можно продать или подарить?",0
в этом году тоже посадила рекламированного гошу... одно слово реклама... урожай скудный .,0
с днём рождения тебя брат пограничник 🔥,0
из какого дерьма ты вылезла хуесоска???,1
георой! слава солдату! вечная память🔥🌟🙏,0
суки конченые. что бы вы сдохли!!!!,1
зачем военкомат??? при такой твари мамаше барбье тока дурка для выблядка её.,1
да иди ты нахуй!!! призвал он.,1
самая лучшая вакцина эта наша русская воооодочка как я её люблю а ты просто мудак коотя,1
"видимо они сами ее отсыпали и в свое время собирали на это деньги , но как всегда никто не захотел скинуться , а машину ставить хотят все",0
в тяжине,0
"этих ребят мы знаем, а кто эта красивая девушка?",0
"мои дети любят салат с корейской морковью, фасоль красная консервированная, сухари, майонез, немного чеснока. шашлык. а если готовили шашлык, то я обязательно беру лаваш и они сами делают шаурму. и ещё любят самые обычные бутерброды со шпротами, огурцом свежим или солёными, или помидоркой. ещё вкусно рулеты из лаваша. и канапешки",0
а не знаете сколько стоит инн сделать?,0
долбаёби очень много стал,1
"есть ещё на свете дебилы,как ты ещё детей растишь,?",1
здравствуйте а на 5 лет если пакетом сколько будет стоить,0
прекрасные вспова и как все точно подмечено,0
это клематис?,0
"это точно так, он сволочь начал гробить всё то что народ сделал за годы будучи в усср, всё святое похерили предатели пиндосовские.",1
"анвар, ленька и кончита не бритая!! лежать в ногах, сосать и не умничать на политические темы!!",1
прибыть из германии я словарь хуярь в хуетеди книг хуиг словарем ебало тебе бить,1
а мы мужики обычно держим,0
давайте не будем. а то сяас наше правительство опять всех дома посадит...уроды,1
а горбатый пидор все развалил,1
"он соскочил , понял что не тянет !!! пусть идёт попов ублажает !!!",0
сертификат долбоеба настоящим подтверждается что ты безоговорочно являешься стопроцентным натураьным долбоебом подлинным подпась врача врач,1
"так дуракам закон не писан,собака лает-ветер носит.ты дурак-русской армии не видел....",1
"господи,прошу тебя помоги моему сыну саше найти работу не связанную с командировками.аминь!",0
"была была, только ткань жуткая ))",0
таким детям только остаётся руки оторвать,1
растрелять и сделать чистку высшего эшелона пупсиков жополизов к званиям,1
"один уже горит, второго че то в ад не торопятся брать, ждут чего то",0
"лаврушки,елены ебанутые,швондеры и прочие ирэны, эти чучеча во главе с плешивым обнуленцем в ваших квартирах занимают почетное место наряду с досками с нарисованными персонажами из сказок и легенд далёкого прошлого.неужели вы и в самом деле свято верите в то. что они скажут вам правду???ебланутиковая ,вынужден повторить свои слова.",1
"существо ты глупое, это тебя бог создал вонючие писюны сосать по подъезда .а меня создал давать понюхать таким как ты, недоразумение",1
к стенке её,1
заебали набирать лайки на чужом горе!!!!,1
посадить тварь вместе с подругой,1
срочно требуется сиделка! обращаться по номеру 89372519526 виктор,0
"пустят говорит по кругу так, что родная мама не узнает!!! слабаки эти омоновцы!!! трахнуть красивую бабу любой дурак сможет!!! ты попробуй вот эту страшную, рыжую, всю в соплях трахни!!!!",1
"не то,что подписаться,эти лживые рожи,бессовестные,наглые,особенно скабеева-профессиональная лайка",1
"позор жителям голосовавшим за то чтобы название великого города звучало на языке гитлера гимлера гебельса и тд. могли назвать петроградом, как это было сделано в 1914 году после нападения германии на россию. и куда смотрит путин, это же его родной город.",0
"красота, талантище, в нем много любви!?!",0
давно пора этих ублюдков убрать 👎👎👎,1
"уже нашли, попробуй еще раз появиться в сети, тролль, достаточно много писал, импотент с мелкочленом",1
я бы облизал,1
простой народ кушал...,0
"алевтина, в жопу дашь? без смазки.",1
"добрый день. я открою...но в магазин сегодня все рано идти придется. муж с телефона не разберется...зрение,дальнозоркость. и есть еще проблемка. напишите мне в личку...и если можно пообшаться.",0
"а ты хочешь своих пидарасов у кормушки посадить ! ну если они педики , то они про это не афишируют , а твои соратники не стесняются своего недуга , даже гордятся !",1
оплачивать ничего не надо?,0
"спасибо, оль😘 у моего брата тоже сегодня, 35 лет....",0
надо человеком быть гдебы небыл,0
"эти го..доны только и могут что критиковать,а сами у..ёбки хоть что нибудь создали.ди..билы б..лядь.",1
"ну это лучше, чем в маске!",0
уходи от этой шалавы,1
вот это 66 лучше любого внедорожника,0
"чтоб нервы сбереч ,включите другой какал,по нашему все равно не будет .",0
а работаете в обычном режиме?,0
они такие же как на картинке?,0
вставай раком узнаешь какой я дедок! а кто-же тебе сука такой псевдоним придумал! чмо хохлядское!,1
"допиздился - доврался. распиздяй- никчемный человек. пиздёнышь - человек, маленького роста. пиздорванка - проститутка. припизднутый- своеобразный человек))))",1
причем не только дума но и родственники которые всячески поддерживали приобретали фирмы помогали отмывать деньги это всё легко проверить вот на данный момент они тоесть воры нашей жизни всё захватили и нагло врут и смеются над тем как глупо врут и всё прокатит за чистую монету вот возьмите дектерева врет смеется его должны были орестовать прям после энтэрвю 8oi но нет он свой вила как он называет домик в подмосковье папка построил ужас как нас ебут не снимая штанов,1
"а тебе фургала вернуть?подельник твой по убийствам?хотя когда он убивал,ты памперсы пачкал....борцун😂😂😂",1
а также применять к депутатам реально уголовные статьи за плохо проделанную работу на посту,0
сосёт классно !,1
на самолёте проберусь на огород,0
"сука,сколько дармоедов",1
молодец дед!!желаю тебе от души ещё 100лет!!,0
саша принимай поздравления от калистратихи. браво!! молодец!! удачи!!,0
"а я..стараюсь..быть мудрее.. и иметь своё мнение и свою голову.. зная,что каждый ..ответит за себя..за свои поступки..",0
по-моему норм,0
да время изменилось прогресс!,0
настоящий пидар!,1
"танечка,милая,мы с вами давно знакомы по нэту(если вы заметили).я пишу так потому,что пару недель назад патриотизм иссяк,последняя капля была весомой и собрав необходимые вещи просто уехали в никуда...и ни к кому.в нижний новгород. с одним паспортом рф...все знали и все понимали...столкнулись,конечно же, с проблемами.я имею ввиду все приложения необходимые к паспорту рф.разочарования нет,все упирается во время и в деньги.но это можно пережить.первые пару дней просто ревела,глядя на россиян...плакала от боли за наших людей и детей....за что с нами так,наши нынешние правители???сплошные лозунги не подкрепленные ничем,одни обещания,что будет хорошо....когда-то...да разве за такой идиотизм все эти годы гибнут наши лучшие мужики??? пока нас не признают официально,даже наличие паспорта рф там в республике ничего не изменит......",0
"истеричка, ты даже смысл моих постов не понимаешь, букварь возьми, потом каты рассматривай)",1
"в магазинах разливного пива литра продаётся эта поебень,не берите,полная хрень,взял эту банку,дома открыл,выпил пару кружек и понял,что единственное напоминание о жиге это сука только банка,сумка и та блять порвалась",1
брехня. не будет он так стоять высоко и плотно. секрет в стабилизаторе. крахмал или мука. вот секрет советского омлета. лишь бы написать чего.,0
это ведь надо столько наглости набраться не отвечать людям зная что тут происходит ! где приз за второе место ? ребята не заходите сюда играть и тем более платить ! они ведь издеваются над нами .............👎 👎 👎 они все читают и все знают 👎 👎 слов нет 👎 хотят на дураках деньги сделать .............,0
ты ебланка бань свой сайт,1
мой дом справа.,0
хоть урюки погорят,0
настоящий пидорас ! а не полковник,1
"вас то куда несёт. 10 -12 это у нас . а у этого возраста за 20 . а айфон даже мне не нужен. а ей за 500 руб. не нужен я имела ввиду их род занятий , какие они не угомонные даже в таком возрасте , стараются все помочь. а вы со своими лапками все лезете , все ковыряете , друг друга поливаете. оставьте всех в покое и будьте проще.",0
"да, такую страну дали профукать. а теперь их от кормушки трудно оторвать.",0
"сериал просто пиздец, других слов нет. глянь. лично мне прочно въелся в душу.",1
вроде неплохо,0
"слово то какое - кремлеботы.такое мог придумать только педераст- хуесос с членами во рту, и довольной рожей , потому что вся морда в сперме,или психически больной человек, но тому простительно, в россии всегда к убогим относились с сочувствием.кучка либерастов-педерастов, если кто правду напишет, так сразу-кремлебот.",1
можно ваши номер,0
представляете они ещё к тому же смеют размножаться....- наглость запредельная и это оскорбление нравственности...:),0
клоунада! раньше нужно было думать.,0
добрый всем день! поддерживаю данное начинание!,0
"дай, бог, вам всем крепкого здоровья!",0
ржака..😂. глубоко за 90- это ты с подружаками своими меня спутала...алкашка хабалистая,1
расстрелять 8oi﻿ позорят только!,1
сделала! вкуснятина!,0
причём кострировать на живую.,1
"пидарюга кто написал это. выучи сначала русский язык,или белорусский а потом вякай быдло. сука нахуй ты вафел суешь свое убогое петило куда не следует выродок?",1
"вот мразь! фашисты! уму непостижимо! и этого хотят не только чубайс и собянин! вот и хотят нас вакцинировать, чтобы скорее передохли люди.",1
пидары конченые,1
"чтоб эти мрази сгорели в аду, твари ебаные",1
"расстрелять на ху.. тварей, людей с них уже не жди 🤦‍♀️🤦‍♀️🤦‍♀️",1
"пошёл,бы...да,увидел 02го....",0
посути так и есть а как жить ?????,0
моя красивая блядь,1
прохоровка 2.1мл.руб,0
смерть за смерть!!!!! все по честному!!!!!,1
не люди-быдло,1
"спасибо, обязательно обратимся",0
такую пиздеж в комментах почитал! 😂,1
счастье вам правда смех на здоровью,0
"— я зубастый, серый волк. в поросятах знаю толк. ры-ы!",0
"таким алкашам, плюй в глаза - божья роса!!!",0
"о,це дебил...не мудрено...старческий маразм крепчает!!!",1
да очень хотелось бы жить там где тишина,0
ты только на спину можешь завалить и отсосать идиот,1
уже осыпался!!! очень много было....,0
ето кто такие хорошенькие???!! 🙃,0
"а когда своим нужна помощь пускай хер сосут , молодец вова.",1
это правда растрелять нах-й.,1
"очень красиво, но нет синего, белого, жёлтого окраса, было бы на много красивее.",0
вот это идея,0
ее трахал президент,1
👌👍😉😉 клёвый такой.,0
"Курточкой очень довольна! На осень самое то. На мои параметры ОГ-88, ОТ-67, ОБ,-88 размер L подошёл хорошо. Продавец очень внимательный, спасибо ему за товар и за подарочек)))",0
"черноротые хохлы,двуличные иуды!",1
матвей ты долбоеб,1
"доброго времени суток, может кто игроком на битву помочь?",0
"самый замечательный комик нашего советского кино, савелий крамаров! вечная память живёт о нём в наших сердцах",0
"найти ублюдков и наказать, ребёнка забрать!!!!!!!!!!!!!!",1
"вкусно,делала не взорвался",0
"пиздец, не думал до того тупых людей бывает",1
пиздец подходит незаметно...,1
фуфуфу срарая женщин,1
скоро сдохнешь7,1
молодец нахуй ходить приедут увезут и пиздюлей конечно,1
"эту свинью ефремова на костре поджарить, урод и алкаш...артист говно 👎",1
э бля группани номига мос темалардан койсен,1
"очень жалко молодого мужчину, царствие небесное р.божьему павлу.🙏🙏🙏 думаю он в раю.🌹🌹🌹🌹а этому ублюдку всю жизнь с этим жить.",1
"вот здесь это при какой пизде карман,где цой где хохлы,задолбали",1
"подскажите ,через какое время появились детки ? долго ждать? спасибо.",0
"на подбородке с правой стороны, красного цвета, сидит всадник на верблюде.",0
заботой окружили.,0
не надо в подвал!,0
"херну всякую пишут,из-за этого лайка.долбоебизм.",1
ебанат конченный,1
багодарю за отещепт,0
сволочь 😳,1
расстрелять гли эту суку в з,1
расстрелять уебка,1
а чё мне нравится,0
"Товар так и не пришёл, продавец просил подождать, я ждала но когда осталось 20 дней до конца защиты заказа , то я попросила вернуть мне деньги! Этого не произошло, заказ так и не поступил! И деньги не вернули! Не доверяйте! Вас тоже обманут",0
трепло ты ..да еще уёбище,1
"шпорта было за что сажать, его не трогали, потому что поперёк власти не шёл, для народа не старался, все деньги для края на разворовывание шли, за 15 лет хабаровский край в 40 млрд долг вогнал - просто представьте себе: богатый ресурсами от рыбы до золота край загнать в 40 млрд долг!!! и никто эту суку пальцем не тронул никаких дел не завели!!! стоило прийти человеку который для народа делал и по честному работал - раскопали какое то дело 16-ти летней давности, якобы заказчик - это как с улюкаевым, не сколько главное посадить, а сколько говном измазать, чтобы с места убрать и очередную шлюху поставить , которая на москву будет блядить, а не для края стараться!!!",1
"бедный ребенок,как же она его лупила гадина,что пришлось ей откупаться планшетом.эх ,родители,что вы творите,надо любить своих деток!",1
чек по операции сбербанк онлайн операция карты на карту перевод с дата операции мск з июн оо время операции мску о зб о номер документа з статус операции успешно выполнен сумма операции ч оо руб комиссия ооо руб отправитель иг бобч получатель карты чоо код авторизации чч получатель платежа надежд николлевна р в платем опlипе,0
пидары они кончины,1
просыпаетесь братья,0
"на данный момент очень много организаций, которые выдают займы, выбор большой. спасибо за информацию, теперь вопрос выбора станет намного проще.",0
"а кто тебя держит? границы открыты, свободного полета и не скули.",0
ваууу просто класс сад,0
ты уже в рот поебалась?? :d,1
"отличный соус советую приготовить, сама не один год готовлю.",0
конченый ублюдок таких убивать мало,1
"сам был у косторава,который позвоночник правилт и других знаю,видел не мало,но такого долбодятла даже не слышал. так же можна навсегда уложить в постель или ив коляску инвалидную. это просто дибилизм,а не постановка позвоночника. такому нада только верёвку на шею и на толстяй сук. дебил позвоночник,это самая важная вещь в функции человека для жизни и движения",1
"женя,спасибо!!!!!!!!! :-)",0
нашатырь разъедает замочки . у серебра точно . золото не решилась отмачивать . проверено .,0
здравствуйте 😊 2000₽ студия красоты акула в горнячке,0
ты после работы не сможешь заскочить? пачуху сигарет закинуть,0
как земля носит таких уродов.убить мало!😠,1
наши проститутки как сидели в думе. так и сидят.,1
"вы глазенки разуйте , вы что не видите и не слышите этого колхозника . ведь он не вчера он уже давно на россию гонит всякую чушь . у нас что не кому было сделать из этого выводы . эти уроды пользуются всеми российскими благами , вместо того что бы своим дать эту возможность",1
"тварь ебаная, в стране голод, а она такое на показ выставляет, и вообще уже пора начинать мочить всех этих москвичей, они уже зажрались конкретно",1
черножопый - это не негр..............в риге негров шахтёрами звали,1
завали ебало отпугивает от вас долбоебов течении ч х в часов,1
ублюдки ебаные мусора!,1
"этот ублюдок еськов сказал по матчу тв, что я не мог отменить пеналь, потому что это было бы нарушение регламента вар.... ну не пидор!!!! тогда зачем нужен вар?",1
вот интересно поясните а что ваш президент такой хуевый?,1
"понятие совест ь, если она это сказала, для подобной публики отсутствует",0
ох сразу обе дирички засадилбы,1
"а как мы радовались,когда нам говорили,что завтра едем на уборку картофеля:-)",0
вот его за шею и подвесить,1
таких надо стрелять без промаха а им ещё лучше работу предоставят,1
это твоя в сахаре. я ещё раз повторюсь не устраивает на хуй из страны что твоё пидористическая хайло вообще рот не раскрывало. позлись по твоему не будет никогда. путин лучший президент. ха ха ха,1
это фото сделано 31.07.2020,0
"пидор павлик отвали , витка хуй твой ждёт , обед ведь",1
"новые 350грн. стелька 25,5",0
шефростопидарас сподоравннинца,1
"не чего святого, шалава 👎",1
я хуею от этих законов ну если ты нарушил отвечай падла,1
"вы правы, если бы это было не в парке горького а на площади революции, то можно было бы сказать им- молодцы! а так - не интересно, пьяная разборка!",0
молодец!!!это тролли сидят путинские гавкают .они все с доступом ограниченным в ок.там несколько долбаебов сидит и щучье ебало свое открывают бестолковое.хабаровск молодцы!!!скоро всей страной ебанем по кремлю.,1
эту мразь надо на куски порвать.,1
ну что выблюдки заткнулись... сейчас ещё донбас и луганск подтянется! вот вам пидорам укропским весело будет...,1
ужасное качество даже для 200р,0
просто редкостный пидераст! ебанная моль!,1
пьяных нужно расстреливать .от них хорошего никогда не будет только проблемы.,1
"я пока в чернушной теме виктора.. поэтому могу и предположить конечно, то что реальнее всего .. но..наверное мечта, мечта да..что они идеальны в тот момент друг для друга..",0
осалось времени б ч ч м bаш альянс на м месе аиге vs шмедведь диbинии учебка б балль баллы проп бббо бвоббб саисика урнира рур сражения баллы доминионы басионы ччбб ч балль сбор иулучшение войск оовч ззб баллы замок оо балль б ресурсы боч бчбв балль особые задания воссан войск арефакb о збб ччоз,0
"несёшь какую то ахинею,где гороры трупов?больницы всегда были переполнены,а сейчас наоборот не попадешь в больницу,с мая умерла одна женщина,и то от осложений после родов,плюс орви,а вот от других болезней умирают очень много,потому что нет реальной помощи,а эти маски бесполезны,когда люди чихают,или кашляют,то снимают маски,а после снова одевают,так что не надо наводить панику,от обычного гриппа умирало больше людей",0
"фу, самой то не противно?! уж тогда бы на лбу сделала такую картинк",0
ещё можно добавить аптеки и медцентры!,0
"господа, товарищи, граждане! когда же до вас дойдёт, что не у бровеносца в потёмках, а в государстве - советский союз! подчёркиваю в государстве и вопреки его длинным и пустым речам. именно с этого маразматика пошла подготовка предателями возможность развалить государство. именно его ставленники и выученики предали советский народ и путём дворцового переворота развалили государство в целях личной наживы. и последнее - все предатели и соучастники преступления одной с бровеносцем и юрой андроповым(флекнштейном) национальности.",0
или патроны солдатам,0
ого как позирует. как проститутка. жопу свою отклячил.,1
просто суперрр!,0
"а как иначе, машка сигаева пявица и блохер с пятого раза попала на шовку, а если бы на лбу набила, сразу бы попала срань господняя 😂",1
скорее косите.,0
есть такая порода кур☝,0
"я практику проходила в заводской столовой, питание очень хорошее было",0
"- тоненькая, хрупкая, маленькая девочка. так похожа на сестру моего отца, добровольно ушедшую на фронт анна федоровна. никто из наших родных больше не встречал ее . герой . санитар . слава тебе ангел ты наш . сколько жизней тебе довелось рихтовать? очень многие обязаны тебе и ты, лишь, в образе своем ... прости .",0
надо брать пример из китая там запретили торговать книги этого подонка.,1
"пипец, представляю что эта мразь с домашними своими творит.",1
862-на завтрак будет уха!,0
лучше поздна чем никогда,0
как так :-o растрелять,1
ты мне во сне снился:) 🤷:$,0
козёл вонючий!,1
это пидр бомж,1
"тебе ублюдок доходяжный и воспринимать ничего не надо.пиндосы все решат,твоей свинячье дело вовремя подлизывать и похрюкивать от удовольствия.пес плешивый.",1
как сказано!!! ух!!!,0
"опять оплатила покупку набор навигатора, деньги с карты ушли а набор не получила,, уже не однократно так получается🤬🤬🤬",0
нах нам амазонку показывать.кретины,1
у каждого вкус разные,0
жопу надо драть ремнем таким чтоб сесть не могли долго,1
"шло очень долго, заказывала два цвета приши в разное время и одного размера, хотя я заказывала разные размеры",0
вытащат ублюдка.свои.,1
"два дэбила! один наглый, другой гордый!",1
"а это от мера зависит. а вокруг нас- пидоры закушившиясе . а где презик- сами решайте.если кто думает, что в аптеке- биг мистейк.",1
мужик который ударил женщину это не мужчина а половая тряпка!!!,0
на безымянный я бы еще дизайн добавила.,0
сами долбаебы и из детей хотят сделать своё подобие...,1
"привет тебе от чертей, которые ебут твою мама в жопу! 😅 😅 😅 😅",1
"слов нет, себе небось повышают суки",1
что ты хер хозяин поезда что ли,1
"может пора их мочить в сортире! по другому они не поймут, баран есть баран! да простят меня настоящие бараны за такое сравнение!",1
судьи пидоры!!!!,1
смерчь выглядит очень классно! хочу себе такого же)))),0
"заколебала со своими шпагатами! мозгов нет, так ногами машет. на рынок, торговать, деньги реально зарабатывать!",0
когда ты вахтовик...,0
выебу,1
цена учебников за 8 класс?,0
"Я очень довольна,товар отличный,продавец",0
"милая, добрая женщина, здоровья вам и низкий поклон.",0
"да ни хера с вашим путиным не произошло , задолбали ! конечно лучше бы произошло , гореть ему в гиене огненой ! не знаю как сказать , чтобы не обидеть , девушка или женщина разговаривает с гвардейцами ! во умничка , во выдала ! браво ! стоят как обосраные ! и никто слово не возразил ! потому что знают что это все правда ! знают и стоят по ту сторону от народа ! продались вояки !",1
"в великобританию и так самолёты летали, вывозили золото и элита летала",0
уссатого задавить шарфом за массимо!,1
"Качество кофты оказалось очень низкое. Снаружи на ощупь дикая синтетика!!! изнутри мягкая слой синтетики (поприятнее). Возможно ходить в ней будет не комфортно. Размер подошел хорошо, сидит тоже нормально.. На свой 42, взяла м. Кого не смущает качество - смело берите!)",0
одним словом уебище которое живут в говне и последний зер без соли доедают,1
мы будем помогать,0
что же за ублюдки живут в нашей стране,1
"такие монеты есть, по 5 крон как раз то,но...внутри таких монет есть дырка",0
"я всё понимаю, только не могу понять к чему подобный бред выкладывать?!",0
согласна...помним сочи...сам не выступил..и место занял...а девочки..букашки пока...в этой игре...плющенко ох как далеко до этэри...эмоции одни..тихонов прав...этэри столько прошла...выстоит и сейчас..успехов и здоровья ей..!!!,0
хоотела бы я на вао владимир посмотреть ксак бы вы без рук пиарили !,0
"спасибо за убранный мусор в д. хранево и на территории кладбища.а почему в д. пеньи вывезен мусор частично? большой контейнер вывезен , а два черных контейнера стоят битком набитые так же территория около контейнера очень грязная .",0
когти нужно-стричь.,0
"ну, всё, жизнь налаживается :d 👍",0
таких предателей родины и воров надо казнить.,1
"ты ещё здесь,свинья помойная спидозная?я уже работку сходила поработала,а ты все здесь слюнями брызжешь? оттуда и знаю..не пинди мразь брехливая,не была ты там.😂😂😂100% инфа.хорошо она погуляла...ха ха ха...в ноуте ты сидела и сопли жевала..😂😂😂",1
здоровья тебе добрый человек,0
"как вы уже заебали с этим ковидом ,блядь админ убери нахуй эту тему, что ты блять дрочишь людей ,этой хуйнёй !!!!!!!!!",1
"манной кашей кормили, и не было ни у кого рахита, а теперь манную кашу отнесли к самым вредным. не понимаю!",0
"лето можно и зимой организовать, вот откроют границы...",0
очень серьезный. проще надо быть,0
"отпетушить этого свистуна надо, он пидор по роже видно",1
запомни товарищи оппозиционер это не коммуни это и тот и другой лишь мартышки в блядском буржуазной власти цирке,1
"да ладно???!!! а если такое безмозгое чмо как плешивый карлик, главное чтоб языком мог трепать и шестерить у хозяев олигархов, что его туда подложили...",1
и хде их выдают таких гогов? мне парочку пожалуйста. ;) :d,0
"хватит ныть!!! каркуши, заткнитесь!!",1
"какая нахер красавица диспропорция лица, а взгляд как у джека потрашителя",1
сколько можно прощать?,0
"нужно сначала девку подобрать, а не это уебище.",1
еще какая нищета дети голодные видно же сразу!одежда кто что отдаст ну это же уму нипостижимо в наше время шесть детей!!!что она им может дать кроме куска хлеба!!??,0
каким же надо быть идиотом чтобы поверить пиздоболу за фото. вас сука не только чипировать.,1
это точно долбоеб,1
т воистину ты не сможешь наставить на прямой путь возлюбил тех кого только аллах наставляет на прямой путь тех кого он лучше пожелает знает кто тех следует прямым путем ахlуиsиппа аl qаsаs рассказ сура в бб,0
"ну ты и дура! своё хохлядское прошлое вспомнила? наверное, сбежала из своей любимой неньки, а теперь под русскую косишь? севастополь был чистым, пока был закрытым городом! нам никто и ничего не должен, идиотка! не надо демонстрировать всем своё хохлядское хамство и свою хохлядскую психологию! севастополь никогда не был хохлядским, учи матчасть, идиотки кусок! и не вздумай к нам в севастополь приезжать, нечего наш чистый воздух своим пердежом портить! и так всё позасрали!",1
так она у меня уже была какое то время назад? почему опять появилась?,0
"волочкова , тебе пора валить из страны , а то на две половинки разойдется !!!! голова уже разваливается , скоро до задницы дойдет !!!! какая же ты мерзкая !!!!!!",1
почему обойдите-а не уничтожте?! чтоб других покусали?!😉,0
убить падлу,1
"он уже отсидел несколько лет... , ещё чем напугаете?",0
даже ногами в воду это мощнейший удар с такой высоты. чуть нервный вход и проблема гарантирована. очень дорого стоящая красота.,0
"3,14-доры,есть и с той и с другой стороны! те,кто готов убивать мирное население-те и есть отмороженное чмо ! их всех загнать в один петушатник-и пусть там друг дружку петушарят!я,лично,за добрые взаимотношения между двумя народами россии и украины,а те,кто провоцирует всякого рода высерами,раздувая ненависть-те-иуды,продавшиеся третьей силе,которая подло потирает свои вонючие ручонки у себя ....",1
только песни в исполнении ярослава и слушаю,0
"ну ты даешь, троль тупой...по брехливости и больной шизофренической фантазии ты переплюнуло даже хуйла...",1
армия и флот то были!,0
бошку оторвать уродам,1
"а я бы посоветовала к примеру - белый бим, чёрное ухо; дети подземелья .",0
продам форму параллель : сарафан 140 рост; жилетка ; брюки 146 в отличном состоянии-1000 рублей 89279131756,0
давно пора бульбаша прижучить морда ахреневшая .,1
"да , уж, главное стриптиз удался😥😥😥😥",0
ну ихуй на нега и на всех подонков хаюших россию!!,1
"больше всего, меня смешат высказывания и позиция адвоката михуила! он на этом деле, доит идиота на бабки, , и после процесса скажет просто так, -ну не шмогла! а ещё , хрен знает когда суд состоится, а каждый час этого прощелыги-адвоката стоит не три копейки! он (адвокат) решил (абсолютное большинство отказались) просто сделать бабки на придурке! он прекрасно понимает, дело это его последнее в каръере!",1
а еще .чтоб на вал не накрутило закатай рукав мудило . сам токрю поманенько ...,1
"увы, дети разобрали все по домам, были изделия взрослых, попробую найти",0
"при сравнивании выглядят так: - ришат, скромен, без лишних надписей и татуировок, значит выдержан и не кичлив; радик - хоть и очень талантлив, но, поведение , как кешки. нашим ребятам надо быть скромно- вежливыми!",0
от 3хшерстной кошки,0
"еврей обрезанный рот свой заткни,а то в рот хуй залетит,и тогда ты будешь не слава,а славушка!!!!",1
"пидором он стал, конченым, убожество...",1
я бы хотел хорошенько присунуть,1
надо сжечь машину вместе с водилой,1
"что творится,что творится?????у нашей всей верхушки напрочь голову снесло....от безнаказанности,от сумашедших денег,от вседозволенности.их бы отрезвить у стенки!!!!!!!!!!!!!!",0
может быть и остров с кофейней повторят)! я его не застала,0
е- ебанутая,1
"настолько подорван! что я не хочу, чтобы моих внуков учили такие учителя! чему они могут их научить? врать? как они ведут себя на выборах? просто позор !",0
"долбоебизм,уже суки совсем себе мозги забешбармачили",1
классная компания,0
"бесплатная, крайздрав одобрил квоту, но нас прооперировали по полису, квота не понадобилась.",0
"мамашка мразь! но лучше так, чем голодом морят и избивают .. как вообще можно ребенка бросить?????",1
"да ты известный блюдолиз, а твой дружок президент известный сказочник и вам здорово везет, что народы россии верят сказкам.",1
здравствуйте. этот шкаф 1500мм. он стоит 980 бел.руб.,0
ещё бы этот хуила с картинки этой дряни ебанул бы в башню ебанутую и разлетелось бы говно по стене с кабины этой хуиты и было бы ваще охуено 😈😈😈😈😈😈☠️☠️☠️☠️☠️,1
послушайте зачем таких уродов кидайте и людей злите.,1
еще десантников в фоетан и будут подводники,0
если бы просто попробовал фото было бы другое а тут видно что он в нее влюбился,0
"смеялись,конечно до утра!",0
жизнь научила всему😏,0
"пиз*дуй в хохландию, урод, там твоё сшастье",1
это германия комбайна,0
"не стоит уговаривать нас,что пить и курить это ничего страшного. страшно. обычно у таких женщин воды зелёные,бывают даже болотного цвета и очень вонючие,и если при родах ребенок хлебнет такой водички,то проблем с лёгкими не избежать,а может подхватить и инфекцию(с летальным исходом). поэтому я не советую женщинам испытывать свою судьбу. бывают в жизни разные случаи и у здоровых мамочек может родиться ребёночек с потологией ,но на всё воля божья. поэтому девочки,ведите здоровый оброз жизни и подайте здоровенькими деток.",0
"самая плохая рыба сухая,а я бы сьел десяток карасей с ладошку и то пользы больше бы было",0
вообще то не кто не даёт право обсуждать их жизнь. что у них там происходит только они сами это знают. лучше у себя в своей жизни разберитесь.,0
пидорассссы !!!!!!,1
"этот пид, опозорил себя, семью, с кем общается, переключился на город. телефон, опущенный он в зоне",1
все точно. выплаты идут уже 2 месяца: за июнь и июль выплатили.,0
потому что сам пидор.👎,1
правильно. они этого и боятся. потерять нажитое непосильным трудом и хотят нас в этом уверить. что и мы все потеряем....😄,0
нет они там гнездятся,0
вот только ради лайка не надо писать сказку. что твоя бабушка в пять лет что ли пошла в школу и в 14 лет закончила​,0
ссуку.ссученую.путю.шеблу.едро.раскулачить.всем.росийским.народом.и.к.стенке.поставить,1
"сейчас взял из приюта кота, 4 года, выброшенный хозяевами, черно-белый окрас, все процедуры выполнены как положено.доволен, говорит что культурный, вот и замена!!!!!!!",0
в армии не понятно кто ?,0
"но если вам искать не надо, а зачем мне предлагать ?рубиновую свадьбу мы отметили 4 года назад .., а вы меня ещё изволите учить? не советую! а вот нытье этих пиздушек надоело...нехрен эко делать, а раз родила? пусть поднимает! а то не поздравил, пусть увидет что потерял.. фу, даже противно читать!",1
"ах аксакал, молодец !!!! так держать !!!!",0
ивану за отаку хуй в сраку а маньке за пизду крассную звезду,1
ну что дибил правда глаза колит как ты скоро подавишься чужими деньгами тварь,1
"какие же вы люди идиоты .... вам жалко стало зверя .... идиоты ..... слов нету, куда народ катится. кому стало жалко мишку , желаю им оказаться на месте этого парня. а почему вам крыс 🐀 не жалко, мух не жалко..... смотрю «ящик» на днях , так там показывают идиотку , которая держала в квартире удава 3 -х метрового . удав сбежал из квартиры на 4 или 5 этаже ... , а теперь уже весь дом на ушах , а эта шлю...., которая .... змею , на звонки не отвечает, по пиз.... ей ! слов нет...",1
я тоже не видела!!,0
"удивительный человек, уважение ему",0
"пиши свой адресочек пидорочек , российской,а не папуасский",1
и кто же угадал то,0
эту мразь надо привязать вместо пёсика,1
"да лучше быть псиной и служить своему народу и государству. чем как ты скотиной. который хаит своё прошлое. а хвалит настоящие, чтобы угодить своим хозяевам.одним словом жополих единососов.",1
гнида конченая утапить его со своим ружьем что такую птицу убивает,1
ты ещё не здох заплупная хуета рюцкого мира ?!!!😆,1
Очень приятная и красивая шапочка! Советую! Пришла быстро! ,0
"да в этой жизни все бывает хорошим бабам хуевые мужики ,нормальным мужикам хуевские бабы ,это уже как закономерие(tr)﻿(tr)﻿(tr)﻿",1
вот вам и вся польша...,0
"ёбаный стыд, а не десантура!!!!! братана от мусоров не защитили, а сфлажками как мухи над кучей гавна кружили!!! срамота!!! ok.ru/profile/550734597744/album/564328231792/898948883056",1
"закаленное стекло, 9900тр",0
"пидораса на рострел, и тех пидорасов кто ему помогает.",1
выйду из группы и советую всем . тут только развод,0
нет блять конечно так смешно но блять сука нахуй реально но возможно я вчера бате показал он давай короче обосрался на горошек текст)),1
пристрелю и всё исправлю!(h) (h) (h),1
"ну, так подрочи на порнографию...",1
кто сказал геев пиздуйте в свою европу пидарасов в россии нормальные живут,1
"договорились с девушкой, свинок забирают!",0
а кацапы уебки и пидоры конченные!!!,1
мойша мудила приезжай и поживи в свободных украине или в молдове. таких как ты надо кастрировать чтобы таких не плодили идиоты,1
тварь конченная🙈🙈🙈,1
тото ты и ебло своё прячеш для конфискацыи готовишся,1
пробовала и сама и гости мои,0
а вкусно будет?,0
чтобы бы. быстрее здох,1
у меня бывает такое иногда.,0
блядь что молчишь горло порвали или в рот насували?.,1
во дибилоидная,1
вы цепь не видите?,0
я бы ее знала бы удавила бы нахуй своими руками не задумываясь! изуродовала бы чесное слово! меня распирает отзлости!,1
кака звизда уроды путин таких любит звёзды надо искать в поле на ферме и шахте.а это проститутки голубезна.,1
долбоеб это не я сказал я процитировал,1
"дибил с психушки , к своей голове ствол бы урод",1
"это вы о себе, так в этом и кроется ваша причина недружбы, я слава богу без вредных привычек!!!",0
через неё переезжать удобно,0
"эти пидарасы совсем уже охуели! вам тварям деньги несут в магазины, ублюдки вы! какие маски?! какие перчатки?! какой блять вирус?! ебанулись уже совсем! нахуй посылаю сразу за заставления одевать! нахуй себе гандоны оденьте, заодно и на голову. дебилы блять!",1
"а долбоебы, называют это застоем",1
ну такая глупость такое ощщущение что придумал это неграмотный пятиклассник.,0
"уебок черножопый, когда уже их всех перестреляют 8oi",1
счастья и процветания городу и жителям родного нальчика!,0
"15 суток ей, с общественно полезным трудом, было бы намного доходчивей.",0
"рады, что вам понравилось. для покупки переходите по ссылке, добавляйте товар в корзину вместе с другими понравившимися. как только наберете все необходимое - смело нажимайте кнопку заказать и выбирайте удобный способ оплаты и доставки: https://www.sima-land.ru/1573461/sadovaya-figura-aist-belyy-cvet-80-cm/?utm_source=okutm_medium=otvet",0
"девочка, ты бы ротик свой сраный прикыла!!! я - тебя за маму и других женщин - порву на британский флаг!!!! если не заткнёшься!!!!!",1
ну на пляже это понятно вы на рабочем месте в купальнике фото делайте во время работы с пациентами тогда это будет флешмоб в поддержку а фото на пляже в купальнике это естественно,0
когда её разорвут вдоль?,0
о зб тема тайник ежед советов сметана браузерова события новые сметана браузерова изыди проблядь комментарий в,1
"это далеко, мы с красного яра",0
"гордись на здоровье,но без нас.",0
танцор диско...чакроборти..вся молодость в индийских фильмах класс,0
равносильно убить...с голоду умрут,1
"стесняюсь спросить,сколько стоит это великолепие?",0
"за член повесить урода,а яйца отрезать",1
на х й козла глаза выпучил сука вышку ему наркоман совести нет продался как последняя шлюха московская а еще актер хуйло ты зажратое,1
"хрень, миллионы согласных это уже подстава",0
"моркльный урод! а ведь сука присягу давал, надеюсь что эта гадина сдохла",1
но ведь по одному из законов аэродинамики он летать не должен;),0
"а лучше на опыты их, тварей, да поиздеваться🤬",1
"змея яйцо откусит,чудак😜",0
тётка тупая это ты сидишь в целыми днями в интернете тебе делать нечего ты по клавишам шлёпай а у меня на это дело нет времени я это всё наговариваю и что это машина там напишет мне похую хочешь понимать поймёшь б***больше задеть не на чем даю подсказку ку-ку меня грязные руки и ноги иногда ж***обсасывай это,1
"да я согласна, кому за 80.те будут получать. ..потому как за столько лет каждый год копеечные добавки к пенсии получали, вот и набежали им трудягам эти денежки. ..знаю не с потолка а с примера своей мамы, царствие небесное ей, она не чай пила а дояркой работала. ..и начислили ей копейки, за 40 с лишним лет стажа. ..к 80 годам да конечно она стала получать более менее. .плюс в 80 лет ещё какие-то деньги добавили. но ведь речь уважаемая надежда идёт не только о наших уважаемых людях преклоннного возраста. .",0
дай бог тебе здоровья малыш я буду за тебя молится,0
пристрелить бы эту,1
"а ты хотел не того же самого, бросить детей,урод",1
Ооочень долго шла. ,0
понятливый ты но тупой. не путай правила и карманы мусорские. или сам мусор?,1
"Не получила! Куртка из Китая даже не вышла, продавец кормила лапшой, я хавала((( сроки шли спор не открыла вовремя.  Ни куртки,  ни денег.",0
хорошая девучка я бы ее врот ебал,1
ну это скорее делиться достижением. золото копилось больше 2-х лет,0
выебать поросёнка(свиноту).,1
бог тебя пусть в боерегает,0
даааа... как обнуленный с галошами -то обос....ся!,1
в такой позе в писю тоже трахают. и это тот случай. а вы размечтались тут толпой,1
блядь они потеряли время а то что убили сколько детей стариков женщин сколько разрушили разграбили ни слова та кем же нужно быть чтобы после всего что укропия сотворила с донбассом еще и лепетать о каком то возвращении в украину ? а может теперь донбасс побомбит бывших братьев лет этак пять для начала а потом на весь мир задаст вопрос - братья укропы не желаете ли вы с нами опять побрататься или дружненько зажить ?,1
"молодцы. здоровья всем вам,удачи,благополучия во всем.",0
расстрелять тварей!,1
Обычный вязанный кардиган. Для 42-44 российского размера он великоват. А так все отлично. ,0
классная бабуля! так держать!!,0
"он тащит электропоезд, а там контактной сети нет.дибил",1
"нужен магический шар,запрос активен!",0
"да никалашку нужно было оживить и ещё раз расстрелять а его к лику святых приставили , империю просрал извиняюсь за выражение.",1
вечно пьяный ублюдок! сука! чтоб он в гробу вечно вертелся!,1
абсолютно согласен с предыдущим оратором,0
гутаперчивый.такие коры мочит.уважение ему за труд.сам знаю не по наслышке,0
бб б кровать боо р позвонить написать телефон бо бб зо зо позвонить орловская область орёл северный район микрорайон спз показать на карте категория товары для детей и игрушки детская вид товара мебель состояние б у о,0
рукожоп делал. 😂,1
бить их надо. по другому ни как. народ вставай!!!!!!,1
"ещё добавить в жопу, веселей бедет украинская деревня.",1
"взяла две футболки, серую и белую. Серая соответствует описанию, претензий нет, но вот белая... хлопка я там не нашла. Сильно расстроилась, т.к. даже на ощупь футболки разные. Белая - мяконькая такая сопелька синтетическая. Думаю, к телу, конечно, приятная первые пять минут, но потом или вспотеешь, если теплый день, или замерзнешь. После носки дополню отзыв.",0
а где ты видишь что я про жопу говорю? а это ты только про жопу про педиков говориш. ты наверно жить без этого не можеш. тебе на другой сайт надо.,1
если ты его не вынимаешь то рад за тебя пидор,1
америка больше в русских ракетах не нуждается. пропала еще один источник доходів путинского режима,0
таких зарплат у хирургов нет.,0
глаза мои бы на вас не глядели,0
поймать и уничтожить.тварь.загубил жизнь ребёнку навсю жизнь,1
"светлана, огромное спасибо. ok.ru/profile/568228160693/album/890036689589/900069145781 ok.ru/profile/568228160693/album/890036689589/900042107317",0
мрази цепные псы партии единопидроссов,1
"эй ,косарылая чурка лапа,ты больше не кидай слова ,значение которых узнала из гугла ....ты пиздоглазая чурка ,кишкоедка сосущая строго вайнахам..поняла,макака??😁",1
"вы, девушки коварны в группе особенно😁",0
разве он сможет подписать себе смертный приговор,0
это здорово!👍,0
"на рост 165 немного коротковат,заказала М, наверно нужно было  L",0
нормальный пацан санек удачи,0
"всем доброго времени суток! 2 года назад в моей жизни произошли кординальные изменения, до сих пор не могу собрать себя. как говорится в таких случаях к самому дьяволу обратиться хочется. искала по адыгеи и краснодарскому краю людей с магич. способностями. следила за вашими комментариями. к каждой вышеупомянутой обращалась. кто то вообще говорил полную ерунду, чисто психологический ход. все это фейк. только эти вымышленные гадалки должны помнить, что они ломают судьбы людей которые верят им и надеются на чудо сказанное. каждый проходит урок ......",0
"а вы что, приватизировали весь народ, что расписываетесь за весь народ! когда юля у нас крала, то мы жили как люди а не выживаем как теперь!",0
"где у нас заказывают песок , сколько стоит кто знает подскажите",0
как земля носит таких уродов ? !!!! нелюдь .,1
"по факту больше не будет, никто не отменит закон, а вот тарифы, они зависят от региональных властей. то, что эта очередная афера по изъятию денег у населения было и так ясно. при чем говорили не только про завод, речь шла еще о том, что оператор берет на себя обязанности по уборки несанкционированных свалок. хоть одну свалку убрали? крысы по городу скоро пешком ходить будут. ладно, все это лирика.",0
вот дибилы!,1
хорош!!!видно по глазам ласкун?,0
"Платье очень понравилось, но очень жаль не угадала с размером. Оказалось мало. Хотела новый год в нём справить,а теперь незнаю что делать. И больше размера таким цветом (хаки) уже нет Оно прямо как карсет.",0
куплю голубицу.,0
психопадка ебанутая,1
издевательство над животным!наказать надо этих уродов!!!👊👎💰,1
ты ящер ты что охринел что ли,1
совесть пропил.,0
а что за пизда мимо пробежала и не помогла?,1
"пиндосы вонючии,",1
когда ещё будет такая поездка ?,0
"Товар за данную стоимость  хороший, немного маловаты по росту, думаю на рост до 1м 60 см будет нормально, шел товар чуть больше месяца.",0
"у нас также делает, только морда в бокал не лезет.",0
кноченые пидорасы куда смотрим мы тоесть народ,1
"а где тут антилайки ставить? просто эта фарисейская халёная рожа - сивай игорёк,слишком выёбывается в россии.",1
"мужчина видно не очень, если спасибо напечатано.да ещё снова ждут...",0
я бы им шеи скиутила. дети уродов.,1
как-то так... с котами жить весело! 👍😂,0
"джинсы хорошие сели идеальнл на ОБ 95 размер 27 не толстые на осень самый раз. Пришли быстро до Сочи 12 дней 
.",0
отец то где счастливый?,0
да это шалавы какие то,1
"да,пришлось покушать....",0
"я не считаю хаяма недоумком, но то, что он написал про уродов и сплетников..... мне жаль, что ему часто встречались такие гады.",1
ерошик.ты пидор.,1
везде вы мрази конченые! по всей стране!!!,1
"сволочь,лает,мои кавказцы начинают с ней переговариваться,доча 1,4 просыпается,я еле укачаю,сама не сплю,зомби.отравила бы,если бы не любила животных!!!!",1
только почему-то с советским образованием люди больше и лучше помнят и знают. а западное уже дают о себе знать...и не в лучшую сторону.,0
причём поганой ссука метлой её гнать из страны.. пи...............ина.ссука.,1
спасибо очень красивые,0
ну как тут без матов?😡😡свинья корытная.,1
"думы мои,думы, боль в висках и темени, промотал я молодость до поры,до времени.",0
"а мне на мужнину фамилию шо выбирать, горошек, горошек, горошек... 😍😉",0
мы уже устарели и любовь пройденый этап нам 70 и 80 стареем г пенза родина лермонтова,0
соловьев мразь,1
можно к концу недели,0
лошадь с пиздой на лице,1
в каком районе потерялась?,0
растрелять!!!!!!!!!!!!!,1
сколько недорого,0
угодайте с 3 раз за чей счет?,0
я обычно тёртый кабачёк солю и оставляю на 10 мин затем хорошо отжимаю и добавляю 2 ложки сметаны и соду 0.5 ч.л а остальное всё так же. попробуйте,0
аха пусть начнут с думмы,0
его бы в жопу самого отодрать чтобы наелся наконец-то 😡😡😡😡😡😡😡😡😡😡😡🔪🔪🔪🔪🔪🔪🔪🔪🔪,1
"может быть у неё просто стресс, у вас побудет, отойдёт. без уколов обойдётся(?). вообще столько мразей на этой земле, почитаешь разные истории - жить страшно!",0
классно сосёт,1
"бог не фраер, он всё видит. кто следующий из правого сектора заболеет раком? всё по заслугам. кому рак, а кому куля в лоб.",1
асенсио васкес азар бейл :-)﻿:-)﻿:-)﻿:-)﻿ этих далбаёби не могут играт круче только зашитники могут забить один гол и все,1
а потом все берега завалены мусором,0
"хуета ботная, только можете смотреть на ошибки, сами ни хуя не делаете и предложить не можете для улучшения, таких, как вы паразитов и провокаторов гнобить нужно, уепков.",1
во тунеядцам делать не хуй....по (понятиям) живут фраера....,1
я имела ввиду нормальных а не пидоров 2020,1
вот там ее и выебу и тебя заодно а за какие деньги ты чурка вонючая гражданство купил разберемся найдем накажем а тебя лично на хуй отсюда ишачек ебать,1
глаза в глаза. супер!,0
"привет, сашуля!",0
сколько ебанутых развелось,1
огромный какой🏢,0
степашка в одной руке - ксю в другой😂 😂 😂,0
извиняйте за сленг... долбоёб!!!!,1
анаколий вы и правда дурак,1
ттолка так мможна даит тввая ротт ссучка,1
яблочки есть еще?,0
царствие небесное вам батюшка.,0
"это замечательно,что вас целуют-обнимают,но в ролике я поняла,что ребенок забрал деньги у родителей без их ведома то есть попросту украл ,а когда попытались родители вернуть истерикой пытается исправить положение и как бы не любили меня сильно мои родители ,но за такие проделки ремень был бы обеспечен,а не поцелуйчики с обнимашками",0
ласты необходимо ещё одевать,0
и те и другие долбоебы конченные,1
расстрелять падонка.,1
"граждане бандиты, через 20 лет,скиньте ваше фото.🤣",0
кастрировать сразу после задержания,1
так в подъезде ему ебало сломать и делов!!!,1
"нина,как всегда прекрасна,профессионал своего дела 😘",0
"питух одним словом, без своего мнения.убрать к е...ям!",1
"Мягкая, тёпленькая. В общем класс. Спасибо продавцу за быструю отправку!",0
у нас соседка и полная и на лицо не красавица.мужиков полно. всё ей по хозяйству помогают.один гараж построил 2 этажный. другой пристройку. на машине хорошей ездит.,0
"продам свежию смородину, только что перекрученную, с сахаром,цена 100 руб., - 0,5, получились излишки, к вечеру в морозилку уберу, будет мороженная!",0
их надо покозателно вешать в красной площади штоби другим таким казлам не повадно было,1
за информацию,0
здравствуйте цена и фото можно,0
"александр, с днём рождения! спасибо за подвижничество!",0
не надо давить а просто расстреливать напишу как в китае,1
сталин передовил бы уже этих тварей и тот кто рядом сидит в первую очередь.,1
там где мои обязанности - там все в порядке,0
хуепутии он президент,1
"здравствуйте. а я слышала, что кто откажется от этой прививки не будут принимать детей в сад и школы...",0
пидор конченый.,1
"если по телу есть тоже пятна и припухлости,то может быть рожа",0
ее повесить надо,1
"обычная ложь в наше время,особенно ее много в интернете. сплошные взаимные комплименты.",0
мужика того жалко тупо домой ехал . богодул этот ещё адвоката дьявола нанял он чикатилу защищал пиздец не посадить его надо по закону на куй так тоже беспридельничать бабло есть всё мочить можно всех ни куя,1
счастья удачи чудесного настроени гр в гостях иринки,0
"они считают по украинской программе ,там тёмный лес я себе пробовала считать но увы",0
а рядом был мой дом! и мы из окна любовались башней.,0
саша!!! прекрати постить хуй......ю. тыж их благородие!!,1
"ленусь, потому что не успеваем вязать и показывать нечего",0
"спасибо, что разрешили быть около дитяти день и ночь. а мама выдержит, маме лишь бы рядом... малыш поправится гораздо быстрее !",0
жалуйся пидор о у по ев о,1
ты шалава кончиная,1
просто ты больше гандон,1
пидарастов должно быть много!,1
где забрать телевизор,0
оторвать эту руку,1
"заболеть можно где угодно. не факт, что не заболеете сидя в своем регионе. в четырех стенах себя не закроете.",0
вся магаданская область в сезоне забита черножопыми! вся! и едут с куплеными документами! типа мужики научат! стыдно! и не хотим мы больше учить недоебков! устали!,1
правильно сделал а плешивому горбачу нужно было назначить 1 доллар. хватит ему. натворил много. тварь плешивая. ненавижу.,1
"а без яда нельзя и ролик посмотреть некоторым,злоба их кормит и бодрит",0
"так бывает, только в сказке,а в жизни будет так,как должно быть.",0
что за уроды ?как вы так можете поступать с бедным животным ?уроды,1
слава советским железнодорожникам !!! ура !!!,0
такое говно и богу не нужно,1
а я - ему! и все довольны...))),0
"сука,расстрелять ее и всю семью.",1
какого пацана завалил петух дырявый,1
погост,0
не фига себе вот это урожай,0
уёбок ты конченный!!!!,1
я пила только не столовые а чайные и без меда сахар понижается,0
"по 5 штук шли на цели и будет видно , сколько в лямах атака?",0
"классный сюжет, ротор ещё покажет всем, только ротор только победа!!!",0
озеро ая находится на территории алтайского края!!!,0
да суки будити по тщащееее,1
"Нормальные шорты. На 85/110 взяла xxl. Ткань похожа на лен, не тянется. Цвет не такой как на фото. На фото - красивый небесно-голубой. У меня какой-то бело-грязно-голубой)) И ещё недочёт - не обработаны края шнурков. На фото, конечно, это видно, но это как-то фу.
На море сойдёт.
Спасибо",0
"даа, это шикарный десерт♥🎂",0
спасибо за публикацию!!!,0
расстрелять америкоса рыжего!!!!!!,1
да откуда блять??? суки. как вы заебали.,1
любишь кататься- люби и саночки возить,0
"это может только писать тот у кого нет детей,квартиру получил даром,а не в ипотеку взято,учились не за деньги,было ещё бесплатное обучение,вам бы пенсию в 9700 как у нас з/п и детское пособие как матери одиночки в 270рублей,вот бы тогда посмотрели чтобы вы писали за выплаты по 10000 тыс.рублей.когда с з/п платишь 4700 коммунальные,2000 за садик .",0
пора полицаев мочить по другому не поймут.,1
"животные делают человека лучше,добрее.",0
в какой нахер жизненной ситуации? это гавнюб по жизни..и им будет...не дай бога такого зятя...наташа не ужели вы так же убираете за такими уебками?,1
"бл😁ть, я деревенский, мне классов накидайте.",1
молодцы мужики так держать.👍﻿👍﻿👍﻿👍﻿👍﻿👍﻿ сожать таких пидоров надо,1
"вчера у нас был тропический шторм. начался с утра рвать, метать и заливать всё. посносил трансформаторы на столбах - почти полтора миллиона частных домов остались без электричества. в нашем районе электричества не было только днём. муж был дома и подключал генератор потому что наша стационарно установленная автоматическая резервная система почему то не сработала. блин. причину так и не поняли почему. самое интересное что наша система электрических сетей в штате каким-то магическим способом устроена так, что все бизнесы/компании/корпорации и многоквартирные дома всегда остаются с электричеством без проблем при любой стихии, а частные дома если не установлена резервная система то будет трындец с потопом. к 4 часам дня всё стихло и опять палило солнце. в нью йорке порядка 3-х миллионов остались без электричества.",0
"данный элексир молодости настоящее лекарство:4 кг корневого сельдерея, 400 г меда, 400 г чеснока, 8 лимонов, 400 г корня хрена. все пропустить через мясорубку,бвязать марлей и поставить на 12 часов в теплое место (примерно 30 градусов), затем на трое суток — в прохладное место. после этого отжать сок из этой смеси, разлить по бутылкам и в холодильник. принимать надо ежедневно по одной десертной ложке три раза в день за 15 минут до еды.",0
всем привет друзя ok.ru/profile/554583698122/album/812641278410/849757502922,0
"судьи вкрай охуели, решалы сука, противно смотреть порой видно что купленно даже со стороны, пора к ногтю их прижать чупушня.",1
красавцы долбите этих уродов,1
носили всего пару раз,0
"и тварей в кустах с камерами, надо бить и чем больше тем лучше",1
дебильная страница ради собственной наживы выставляют чужие фото или что-то подобное. твари,1
спасибо большое)) надеюсь найдете🙏,0
чудо просто!!!,0
"а ее пьяную и обкуренную или наглотавшуюся какой - то дряни , вьi не видели ???",1
"подойдут на 46-50, ткань тянется., пояс -резинка.",0
молодец...не каждый взрослый человек способен на такое....,0
"а что этот пидарас может понимать в образовании? он может хорошо воровать, грабить, объёбывать 140 миллионов лохов, но образование, это не для него.",1
"вот таких тварей, пора уничтожать как бешеных собак.",1
вы считаете что он не виновен???,0
не здаватся сумом боксирватса.,0
нашла 5 отличий,0
здравствуйте. это фикус?,0
"опять театр опять развлекуха!! опять клоуны, а где рабочий класс где сельское хоз. его мы поднимать не будем? будем только святым духом питатся и жить в шалашах.!!!",0
"ты бы вдул,но жаль что ты не ветер",1
"в. каверин два капитана, читаю, перечитываю, буду читать!!!",0
бедный сука подайте нищему,1
гнилой жид...завистливый....как он реагировал на чужие выступления..,1
"тварюга долбанная,взять и прострелить тебе гандону башку, за такие шутки уебок",1
"здорово
очень удобно 
не теряет форму",0
я возьму 1кг и коркунов 1кг если остался,0
"а заходя в некоторые магазины складывается впечатление, что всё закончилось и продавцы, и покупатели без масок",0
сосать кавказцу это честь,1
сволочи дочего довели их бы так засушить,1
кто-то же снимает понятно что взрослый это ему или ей по ебанику надо дать,1
пиздабол конченный😡,1
обстановка по кайфу,0
"ты, долбаёб,это твои опароши заебали. визг от них и мусор. собаки умнее и порядочные вас, людей!!",1
"а что, кто то ещё верит в чудеса 😂?",0
она с этими скринами ей адресованными годами носиться будет. пиздец ебанутая жаба😂😂😂😂😂😂😂,1
ядрёну бондбу- кто купит бентли...типа для фирмы...въебал всех и сразу и ты в пачёте!!!:-d :-d :-d ;-),1
"воронеж вышел,в количестве 50 чел. максимум.воронеж жопа россии.",1
во сука подлая!,1
только зачем ? может лучше на бумаге/холсте? потратил время зря.,0
пидарас растрелять,1
сука его надо отрезать член 👎👎👎,1
моя кровь горячая как пунш.,0
"в чем стыд? дай тебе счастья, а не лайки. будь любима какая есть, поверь остальное приложится. и по хер лайки.",0
"с праздником дорогие десантники. спасибо вам за все,..!!!!",0
"ван клиф были со стрелками, но носились хорошо, можно за это их было и погладить",0
ему три года. зарядки хватает на день. смотря как долго пользоваться интернетом и сколько приложений работает.,0
"ну и кто виноват,что вукраина одна большая палата больных альцгеймером? дом профсоюзов тоже путин сжёг? иди ещё что нибудь сожги и попляши возле костерка!",0
слышь собачка иди нах,1
а по цене что выходит?,0
что-то очень много уксуса.,0
здравствуйте ольга!сколько стоят духи-магнолия?,0
хуй соси мусорская шлюха,1
кастрировать и валить их надо!!,1
какого вы идиотам подсказываете?,1
зачем .его надо на кол насодить а не изгнать,1
"а что толку, что мы занимаем первое место по производству зерна, а мясо и другие мясные изделия не дешевеют и отвратительного качества, одна соя. фуражное зерно, которым откармливают скот, где оно? заграницей!? хлеб вы думаете хорошего качества?. как бы не так. при советах в каждом районе было от 15 до 22 колхозов и совхозов. где они, ни молочных ферм крупного скота, ни овцеферм, ни свинарников в нашем районе не стало. всё разорили. и куда податься было крестьянину в охрану в москву. и позакрыли школы и детские сады. и самое страшное, что все это уже никто не восстановит в т. ч. и путин.",0
пусть вам поможет бог.,0
оставье,0
пиздешь и пиздуны,1
"Сама вещь достойна 5ти звезд. Очень теплая и качественная. На русский размер 48-50 xxl маловат. Вот только продавец огорчил тем, что совершенно игнорировал все сообщения.",0
мягковат - мочить нужно в сартире,1
что в погонах,0
"мозги уже вышибли у боксёра,скатина.",1
знакомое одеяло 😉😘👍,0
"Заказала товар 11.11
Получила 20.12
Немного коротковат, но качественный! Рекомендую!",0
"когда только перестанете писать всякую хрень , уже тошнит даже читать не только ставить класс",0
на нары ее хлеб и воду. пусть пошикует!!!,0
"о боже мой... о боже мой... не могу сдержать своих эмоций... я начинаю не ненавидеть людей... что же вы творите?! не дай вам бог испытать той боли и страха, что испытало это не счастное животное... не дай вам бог...",0
"Посылку ждала , но так и не дождалась. Из заявленных 14 дней прождала 35...В итоге открыла спор и благодаря помощи Алиэкспресс продавец вернул мне деньги, хотя изначально не хотел их возвращать. Больше заказывать у него никогда не буду!!!   ПШЛНХ узколазые!!!!!",1
совсем ебанулся,1
заебал этот пиздабол одни сказки от него сказочник на кол царя,1
"ничего , найдут кого посадить за него , какого нибудь несчастного . и при ссср (восьмидесятых годах) так и делали , эти замашки остались у них.",0
"не позновато ли даёте совет?уже собираем урожай, о каком посеве может идти речь?",0
ммммм любишь раком,1
в новосибирске тоже было...,0
а там у них наверно все бандюги митингуют нормальные люди не пойдут так что это проплаченные ходят.,0
какие? и размер можно,0
жанна а ты че несосала ялдень у мужика,1
Лёгкий трикотаж.Похож на половую тряпку.Только на выброс.,0
"очень хороший рассказ, спасибо автору.",0
ты об спину бычки мне ушил да водярой поил из сакана и о всей своей доброй души называл пьяной сучарой меня эи чуbсbа снесли мне чердак и легли ихо как кошка в душу сал bой мне впалый грудак родным и заплаки на рикошках сарых ну еблан и пусb синяк и большого и на похож еноа но изюминка исинных дам в насоящей любви к идиоа,1
кем в старости станет молодая блядь? правильно - старой блядью! здесь эта истина и подтверждается.,1
чекнутый пропидор,1
твари без сердечные их привязать на жаре и без воды,1
классно !,0
чем хорош интернет добавил в черный список и ты пошел на хуй навечно,1
"ты от злости можеш и мои дашах сосать, но реально твою маму ибал я на границе",1
"там сука, мать сутулую в своё время лишать родительских прав надо было, за то что таких блядей воспитала, подобных себе...",1
"и мне показалось, что можно было так не запутывать...но факт остается фактом)",0
"с моей пенсией 3500 я плочу а эти ганд ,,, выебыеб,,, твар,,,",1
"что то с каждым днем все больше прибавляется так называемых больных короновирусом, все другие болезни исчезли и испарилась. ну кончились они в миг и все тут. одно не понятно, если цифры ежедневно подумают по фейковым заболеваниям, то почему же пускают на курорт отдыхающих? или край ещё мало настриг держат? а?",0
привет ты очень красивая❤❤❤❤🌹🌹🌹🌹,0
"кому нельзя жареные, можно отварить",0
"здравствуйте ,скажите пожалуйста на первом фото плойка! цена.",0
"животное твой папа у которого ,ты отсасываешь с 12 ти лет .",1
"а кто тебе виноват, если ты долба.... б и ездишь на разбитой машине взятой под гигантский процент что ещё раз доказывает что ты долба.. б",1
всем перевели на открытие коммуналку подскажите?,0
вот ты сгоняй в хабаровск и там поддержи этих долбоëбов своей глоткой!помоги убийце фургалу действием а не балабольством,1
"интересно, кто их к звездам причислил? звезды на небе, а эти ...",0
"пусть наше село процветает, цветет и с каждым моментом все лучше живет! хочу пожелать только счастья я всем, не знать никогда ни забот, ни проблем!",0
"оригинально, как в сказке!!!",0
"розовая на переднем плане похожа на робину,но у меня робина была в мой рост",0
ты прав у пидорав одни пустышки,1
а детей хочешь?,0
как эта рожа остохуела!!! пиздабол наебавший народ!!!,1
она с него и не спрыгивала.,0
"холостятские и бездетность одно и тоже, работать, куда душа желает, учиться-куда душа желает.лечиться-без проблем, курорты-санатории, обеды бесплатные на работе. сейчас попробуй куданибудь сьезди",0
предпагаю расстрелять пидараса сом гиsоvасн ги,1
"ты сам таракан натуралный,ты блогер хреновый,тебя за яйца повесить батка скоро",1
на коленях у деда внуки обычно сидеть должны,0
очень понравилось!!! ⭐️﻿⭐️﻿⭐️﻿⭐️﻿⭐️﻿,0
теперь на этом проекте мы полностью посвящены в таинства родов....идиотизм😡👎👎👎,0
гнида и урод.что хотел то и получил!!,1
маша а футболочки белые где-то есть возможность заказать на мальчика?,0
"с глубоким уважением я чту труд каждого жителя нашего села, труд которого направлен на благоустройство нашего поселения. я стараюсь платить тем же, что есть в моих силах. именно все вместе мы можем изменить жизнь своего села! приятно осознавать, что все, что сделано своими руками, есть частичка нашей души...",0
расстрелять эту б...ь.,1
цена. с ремонтом?,0
"если она так утверждает, то пусть проживёт на них, ежели не хочет проверить на деле то расстрелять",1
".. понятно,все неважно. мочи всех.",1
Сплошное очарование! На 39 р в самый раз! Милые. Спасибо ,0
отличное средство. молодец. только надо правильно говорить -гельминты. а лучше -глисты.,0
че крутишься? как тебя найти без адреса? заканчивай треп ссыкус.нагадил..и стух зассав.,1
"К самому платье претензий нет!Был не большой запах,в некоторых местах нитки!На рост 165 и 49 кг свободновато,но меньше нет(Был порван пакет,в котором лежало платье!Теперь о продавце!Оооочень долго отправляли заказ! Пришлось  писать несколько раз,отвечал быстро!До конца защиты товара оставалось 6 дней,а трек выдавал,что посылка не отправлена!Собирались открыть спор,написали об этом продавцу!Нам продлили защиту на 10 дней,и спустя неделю пришло платье!Это очень не красиво,водить людей за нос!За такое отношение снимаю звезду!",0
и в итоге всё просрали !!!!!!!,0
"конечно нельзя вечно обманывать народ, рано или поздно расплата придёт! вот только россия уже наелась проамериканской демократии и воровского беспредела, так что следующий правитель будет жёстким и идейным диктатором! только калёным железом можно выжечь всю эту алигархическую мразь! народ поддержит того, кто начнёт реально бороться с коррупцией, начнёт расстреливать воров на площадях!",0
пидор противно слушать,1
красивые птички- невелички❤️❤️❤️,0
"дебилы, придурки, куда вы лезьте? камазист сейчас надо чтобы вышел и мотоциклисту голову оторвать, мало получил гнида от камаза",1
мария здравствуйте! что ожидает меня в августе?,0
​конфисковать все у него и повесить суку на площади,1
путло такой ранимый пидорас!,1
в пятой роте третье отделение.,0
"правильно люда. признал свою вину. прими стойко наказание. а то, как последний трус наделал в штаны. этот адвокатишка запудрил ему мозги. с его невиновностью. он просто на ефремове хочет поднять себе рейтинг. и делает из всего шоу. а ефремов, как утопающий за соломинку хватается. уж больно сидеть не хочется. а вдруг все дебилы. и его оправдают.",1
"да админы группы совсем стали ипанутыми . уже не знают чтобы придумать . из репортажей было видно , что пожар возник на складах . при чём тут корабль ?",1
я бы взяла .но живу в лксниках. привезёте?,0
"худые, доохуения!",1
стих замечательный! кто автор?,0
эт че за ебанашка горстями восклицательные знаки разбрасывает?:d,1
обращаюсь к автором данной фотографии вы долбоебы пользуйтесь такими людьми у которых в жизни все ограничено . какие сука лайки долбоебы сука слов нет .... вы на этих лайков деньги зарабатывайте .. вас пиздить надо ....,1
они ждут что у нас смениться руководство страны- и снова придёт какой-нибудь зюганов или ходорковский и опять разоружение как горбачёве и ельцине..,0
"вот твари, черножопые",1
большое спасибо за экскурсию...,0
просто ублюдок!,1
"ширина 70 см , завтра планируют забрать",0
сколько у него мермедесов?,0
"эх, где же вы раньше были с таким постом? интересно было бы посмотреть на реакцию этого несчастного.😄",0
"это хорошо что спасла так бля_д напишите кто она где спасла и кого спасла а то пидары фотки суки выставляете и на этом ребенке наживаетесь , пора вас прикрывать нехер",1
"пока живы матери, берегите их!",0
такая жи фигня 😂,0
жидовирус....от жидов-пидорасов,1
это кто такие?,0
это конечно юмор..но в нем есть намек .живите долго и счастливо ..и всегда поддерживайте друг друга,0
"мыла пизду ,разодрала в лахмотья",1
ему надо было этой клюшкой по голове идиоту.,1
"я, ужас летящий на крыльях ночи, я прыщь вскочившый на лбу перед свиданием, я чёрный пластчь.",0
"бей жидов,спасай россию!!!!",1
"ну-ка резко давай всосал свой высер, вакуумный унитаз!",1
"ножки тоненькие, а жить то хочется! бабка, она и есть бабка!",0
"ничего смешного нет. может поиздевались над ним, лучше бы помогли мишке, а не ржали, придурки полицаи. ветеринара надо было вызвать.",0
"номер квартиры напомните, телефон отключен",0
как поросенок),0
здохни тварь ебучая,1
"как наивно,,,, гыыы,, трогательно прям:d :d :d",0
"ты гнида хоть один сначало завод запусти в полную силу работать , а потом говори пидар.",1
"какое маленькое чудо,такого хочу",0
изверги блять,1
тварь ебучая!!! в жопу ей этот палец засунуть!!!!,1
таким вандалам надо рученки отрубать,1
в котором выглядела бы стройной и помодевшей,0
неоткажусь оно моё?,0
эта девка хороша на хуе спору нет,1
все единоросы козлы и пидоросы.,1
"провокаторы хуевы, да и только",1
гори зеленский в живую.тебя прокляли пидора который не остановил это убийства.,1
Отличная пижама,0
"парад победы снимал пидарас, а как его зовут мне без разницы!",1
о о лечу к тебе прибетоии с,0
пора хозяев этих камер расстреливать.,1
"2 талантливых актера.счастья им огромного.правда не знали,что они пара и у них ест малыш.тогда семейного им счастья",0
ваши чурки даги хотели хабаровский край под себя взять но им хуев напихали по самые гланды убежали петушня свои горы😂,1
утопить пидора принародно в общественном толчке(туалете).,1
"все, пизда ей!",1
"это..урод ,а не отец. сука ...руки ему оторвать и выкинуть.",1
"мигранты намеревались сбыть героин бесконтактным способом через организацию тайников с «закладками» на территории тверской области. бред! их используют как ишаков для перевозки, а сбывают уже свои. откуда азиаты знают ржев и тверскую область, чтобы самим делать закладки? но согласен на кол их и на дрова , а не кормить баландой за наш счет!",0
"можно цены? ковёр, кровать, диван с креслами, шторы, шкафы?",0
дай господь крепкого здоровья и долгих счастливых лет в кругу любящей семьи!!!!!,0
"мужиков в думу не пускают. там пидоры заседают, поэтому женщинам там норм.",1
приследование запрешено ну и пидороги,1
"да заебали вы уже этим лохотроном!!! админы одноклассниковвы куда блядь смотрите? почему это ебалово не блокируете? чтоб вас черти дрюкали, суки поганые",1
победа о о тне glогиои vаllеу о ов о воину ксеркс удалось ограбит оливковая роша ур в котором были твои полкрепления трофги хр ч зз бч ччо бчч bо dиlип и ур вв ксеркс чз коснка х з регsтроls хранители армия ксеркса,0
"это точно, овны такие",0
"поймать бы! отрубить надо, будьте рядом, с детьми!",1
пипец какой дешоввый трюк прапогандонства фу сука ублюдки,1
"да все они пидоры, а мы слабоки.",1
это браконьеров надо отстреливать и может тогда что то изменится!!!,1
пидар что ты говоришь? они за нас воевали а мы все просрали,1
"если бы не роналду,сасал бы хуй реал",1
"Сидит странно. Сзади образуется пузырь, хотя по плечам как раз. Расширяется к низу. Носить не смогу. Параметры 87-78-98, заказала М. Пошив нормальный, кнопки вроде крепко посажены. Тонкое, на просвет виден как распределен наполнитель, немного неравномерно. Расстроена. Крой странный, наверное вытачки помогут.",0
"на каждую дозу один стакан воды. 50 мл. коньяка, 150 мл. вина, стакан пива.",0
нереально красивая! а можно купить у вас такую лилию?,0
можно поподробнее где находится дом и цену. спасибо.,0
тварь закрылдась замком и гавкаешь,1
кирилл поп хуета кремлёвская в жопу трахнуть и о богатстве спросить в реальности. отдаст всё под чистую тварь,1
скажите пожалуста стоимость,0
рачком бы тебя,1
"новая няня... брали с собой на отдых... нормальная женщина, соседка моей мамы",0
"твари, это вы и тот кто постит эту хрень.",1
"как печально , что на добро , память такая короткая .....",0
"уроды на болоте,не на болотной нет,не поняла, извините",1
говна в рот украинскому журналисту,1
такую хуйню выдумают про наркоту. наркотиков в церквях 90%.доказано фсб.,1
sикнгоb кагиоv з д о объявляю джихад убей неверного убей всех кого только знаешь начни с кадырова я в рот его ебал убей путина убей эту мразь убей шейха издевайся над ним убей елизавету псевдокоролеву англии убей страна всех политиков неважно какая убей судей всех и прокуроров убей все что мешает тебе жить убей о нравится комментировать поделиться напишите комментарий нажмите ептег чтобы комментарий отправить,1
растрелять.,1
мой любимый краснокаменск!!,0
"класс надо попробовать они пешком ходят по саду,как дома.",0
"гемоглобин таким образом не повысится. нужно мясо, печень т.е. продукты животного происхождения, содержащие кровь.",0
говна им на плоской лапате дайте вип хотят а как раньше ребята жили а они что голубых кровей даже рапа в вип доме не жила 😁,1
поэтому ничего и не помнит- этож надо сколько гадости употребить.... другого бы давно уже по этапу отправили- а он спектакли разыгрывает- мерзкий человечишка...,1
"а хохлушки везде вдоль трассы стоят, набили морду за дело, видно достала уже всех своей доступностью.",1
кто минет умеешь ставьте лайки,1
сдохни мразь! кто лайки собирает на таких детях. а ребенок чудный.,1
брехня такой книги нет и не было,0
"очень хорошая кофточка,  тоненькая
соответствует описанию,  немного просвечивает,  материал приятный, есть неприятный запах",0
нормальные поцаны этим не занемаются быдла.,1
а усраина не хочет отсосать у москаля по полной в очередь свидомые бандерлоги,1
Доставили очень быстро.Лосины отличные. очень понравились. Спасибо за подарок!,0
"постепенно этот культ пьянства уйдет . про международный женский день 8 марта, а по старому 23 февраля отмечают только в 2ух странах в китае и россии. это праздник борьбы женщин за равноправие и пошел он от 2ух парадов проституток организованными 2мя иуд революционерками клары цеткин и розой люксембург. о день вдв спешу поздравить ребят служивших в этих войсках с праздником пожелать кребкого здоровья и быть всегда защитниками справедливости.",0
"дебилы,их бы так.",1
а в хабаровске - переобулись.,0
на кол ведьму 👎👎8oi главная мошенница страны 👎👎,1
"сандис осилиньш, с днём рождения, желаю, счастье, здоровья, чтобы все твои дела шли хорошо.",0
йуйееее,0
вы мастер талант художник,0
дети? выродки... самих обмазать клеем,1
"голоса соваем нет у этого унитаза. я, говорит, волнуюс, хотя свыступал в олимпийском.я валяюсь от его слов.а с каким пафосом пел, я мол победитель и просит у оргов деньги на постройку дома.сколько можно на его рожу смотреть? пожалейте зрителя.",0
это ты долбаеб с пгм тебе и поедать и целовать ноги вяленых исусов #u9b079a3836s#,1
"а вы , что считаете , что если начнете мыть ноги неграм америкосы бесплатное печенье подвезут??? посмотрите на щеневмерлу .. ну отсосали у америкосов , так еще и должны остались. и вас это ожидает... кто не хочет сосать русскую сисю , сосет американскую писю и платит , платит , платит.",1
"на кол вместе с родителями. твари , а не дети.... руки и ноги переломать этим ублюдкам.",1
как в этом году плодоносила клубника гигантелла?,0
"удачи всем водителям которые не досыпают и не доедают, дабы хоть как-то содержать свою семью.",0
ужасссссс что за нелюди ? только вешать таких мразей,1
идиоты! посадили обезьянок на узкое перило ради лайка и ржут,1
"полумеры сейчас уже не прокатят. но и на кону - будущее. время меняется стремительно , и даже упёртые скептики не могут это отрицать сегодня.",0
класс) не дешевые лекарства то ) ценют ☝️😉,0
"а в чем проблема.. в лукашенко ,блядь..,без мата уже не посмотришь на эту хрень..",1
один ты долбаёб не нужен ни в раю ни аду,1
и где это надо смотреть?,0
"пидар дранный здесь ты! ты не только гандон ватный! но и додбоеб конченный! или пидарюга из гвардейцев, ебущих друг друга бутылками, или ссученный путинский стукач! так вот гнида ебучая, обычно посылаю тупых тварей, читать мой статус! но перед тем, как послать тебя на хуй, поясню! призываю к реальным силовым действиям, а не к гуляниям и получению пиздюлей! теперь тебе понятно, сын ишака и овцы? а теперь хоть окончательно порви своё разработанное очко, отвечать не буду, следую своему закону, из статуса! пакеда, кусок говна!",1
у меня ещё почти целый сервиз,0
пикоаый ублюдок,1
самый красивый мухоморчик,0
"здесь говорим как приготовить мясо по французке,а вы о косточках на ногах,что то вы не в теме.",0
"поймать и кастрировать а руки ампутировать, чтобы даже ложку брать не мог. а лучше расстрелять.",1
сергей серебрянников опять включил тупого хохлопидора,1
хороший призыв,0
и мразью сдохнет.,1
эту падаль которая хотела уничтожить атомными бомбами ссср а значит и россию проклять на века.,1
мотики моего поколения!,0
мила мои желаю друзья вам себя всю жизнь чувствовать постоянно поезде как в везёт везёт везет,0
молодцы ребята!!!!!,0
продали холодильник,0
ой мозги заработали у проебалов.,1
"это пипец! грех какой! гореть им в аду , вандалы!",1
сосут отлично,1
супер....надо бы больше накостылять было..,1
зарубать козла,1
"мочить этих ублюдков надо!просто! и всё!суки!небожители хреновы!вот пусть и тусят среди небес, друг друга и долбят, а что и зачем в простой народ,опускаться?а если спустились,то и отвечайте!животные!!!",1
семейка дерьмо это точно позорные ещё первый канал показывает эту грязь фу фу фу,1
ну и вчиом вы такая опытная!!!,0
пидерасты правят страной,1
сученыш пиндосовский...!,1
вы в какой палате лежите . вам что медсестра сегодня укол не поставила,0
это с какого перепугу едут отбросы?у вас с головой все в порядке?😆,1
полынь,0
пидормоткя я эти зяконы ты принимяэшь ??з,1
в севастополе ясно и жарковато,0
потому что он дебил,1
"какой плюнуть, только расстрел прилюдно)))",1
вот видишь санёк.. как всё просто--ты элементарный пиздабол с картинками..который нихера в этой жизни не достиг.. а сам берется судить других,1
на снесенный монолит деньги выделены и лёгкоатлетический центр будет построен,0
да было лучшая время ссср это великая страна я все помню лучше чем щас самое главное мы все были дружними,0
"зато, ездят там только на мерседесах, и даже милиция.",0
конченый урод☝,1
голос мордора sрасеlогdгоск лукашенко белоруссию поручил пригласить в россии украины и генеральных прокуроров для разбирательства задержанными в ситуации с россиянами короче остапа но понесло только есть одна проблема васюки бежать не это некуда ч а оо тшиттег гог апdгоиd б авг,0
шлюха французская которую забыли кастрировать,1
"конченный долбоеб папа и тупая сука мама, ребёнка жалко, уродам досталась.",1
"что вы собачитесь, правильно человек сказал, чайники летят как с прикола сорвались на обгон, а потом под фуру ныряют и тормозят перед бампером, а ты попробуй останови сорок тонн, я на днях из-за такого пидора чуть фуру на бок не положил, а ему похую так дальше и полетел судьбу испытывать. они эти олени кроме себя ни оком не думают, а потом получилось что семью свою на тот свет отправил, а сам локти кусает, а на зад ни чего не вернёшь. бог судья таким людям, и им с этим жить.",1
какие твои годы интересно какая ты будешь если сейчас ты беспордонная хамка,1
победила орто и не нахожу сундук с запчастями.уже пять раз пересмотрела.где он может быть?,0
сральник- катальник,1
в белоруссии прошли выборы президента. победил лукашенко а.г. с чем и поздравляю нормальных граждан белоруссии!!!. а сраная постанова вру белорусам досраки. долбаебам нет покоя.,1
мужская солидарность))),0
"замечательному композитору, прекрасному музыканту, браво!многая лета вам, игорь! крепкого здоровья, всех земных благ!",0
спасибо дворику! очень интересно увидеть эти фото ! сколько в лицах людей сдержанности и внутренней силы ! и вместе с тем какая то наивность доброта и доверие ! мне очень понравились фотографии спасибо!!!,0
бошку отрезать,1
с терапевтом тоже самое. где их найти?,0
в клетке чтоля там сидишь😁,0
гандоно мардума гулом кадан теперь навбати уничтожение расид пидоры решили продавать земли которых самим народу не хватает,1
"не стыдно,автор отсоси мразь",1
продать не хочите,0
как жаль что их нет молодые красивые талантливые все что произошло это так глупо,0
этих тварей на кол прилюдно......,1
мне поднять ?,0
"я бы за такое даже закона не побоялась, вышла бы и пиздюлей за своих детей надавала! сразу видно дегенераты.",1
толочко надежда семеновна-учитель от бога,0
надо его самого изнасиловат,1
засунул бы те вротик,1
"да , красиво , а сколько нужно денег , чтобы создать такую красоту , чтобы отдыхать ? я не против удобств и красоты , я люблю всё красивое , но деньги где взять , если зарплата маленькая ?!",0
"щедра своими красотами наша сибирь-матушка! только мы не всегда ценим их так как надо, а порой и вовсе - не ценим по значимости! пора бы...",0
такой растерянный...,0
неприкасаемое хуило,1
"правильно,вы подобрали самого предоного друга,он ни когда вас не продаст,он вас будет ооочень любить проста так,за то что вы есть...и дворняшки самые умные ....",0
не перевяжут пока сама согласия не даст самое поганое заберут сейчас этих деток она ещё же на рожает тварь и дальше издевался и гробить деток ой слов нет,1
где жирик с зюгановым??? почему не поддержу хабаровчан!!! потому что эти два ушлепка с вовкой лобстеров жрут с одной тарелки!!! пиздаболы одним словом!!!,1
"Майка на меня увы  не села. (лямки короткие, майка задирается). Пришла целая, запаха почти нет, все швы вроде нормально прошиты.",0
фамилия этой твари нигде не засветилась.,1
чебурашка точно здесь не причём?,0
ебанутое создание. лучше бы сука сразу в стенку,1
не хватает еще одного ответа - да. не выручила служба личной поддержки.,0
cdu пусть хуй сосут,1
пиздобол это точно,1
во сколько будет выступать путин?,0
ты пидар госдеповский,1
страничка только для женщин!💖,0
расстрелять нахуй,1
"ты сам идиот, сиди в своем таджикистане, не лезь в рф,",1
да....основная часть тех кто ноет это ленивые пидорасы!!!!!!!,1
пи-доры придёт время отвечать придётся перед народом,1
наконец-то хоть кто то дал по ебальнику долбоебу.,1
грация курицы....,0
"послушай тётя пишет тебе андрей даман я тут читал твои послания, и понял дворничиха ты зачуханая! моей маришки ты и мизинца не стоишь! пшла вон, макака!",1
"неееет, есть это не смогу.",0
я не когда не ходила в очках. боюсь что обзывать начнут. врач сказала пока зрение не восстановится. а в листке написал что постоянное ношение очков:( :(,0
"мой отец, смирнов владимир захарович, родился в поспелихе.",0
эти пидоры куда только не лезут чтоб другим жопу лизать,1
и от меня спасибо ...,0
прайс с нарощимание ооо огтей коррекция вбо нарощенных бо гель лск к коррекция гель оо лака в педикюр чоо вчбч обоз во хчо бзз оозб татьяна,0
"отдыхали в вардане!всё просто отлично,гостиница хорошая,чисто,приветливый хозяин,наталья очень внимательна во всех вопросах,до моря 3 минуты.очень-очень всё понравилось!!! 🌹",0
"идиотом написано, рассчитано на даунов.",1
"да уж,с таким уебаном мне тягаться не с руки. боюсь не потяну))",1
охуевшие совсем уже,1
"ты королева словесных срачей видимо на болотной постоянный клиент с белой ленточкой и паносно-пидорасным флагом украины. да и голубей покормить большая любительница, перед своим айфоном.",1
ну совсем чеканулись,0
добрый человек...мазай..!)),0
"самого за ноги повесить , раскачать и выбросить, урод",1
зубоскалы хреновы,1
только правят ею пидорасы 😁,1
"растрелять, а не сажать. сразу.",1
блин честное слово задоьбали ушлепки. у нас в стране будем жить по человечески или ккк скоты прозябать будем. охпренная власть в дерьмо уже втоптали людей и по хренну все.,1
а если встреча!!!!!!!!!,0
"привет, виталь",0
"светлана я с вами согласна ,ребенок много может не запомнить что скажет учитель ,да и самой хочется увидеть что за учитель,что за класс,дети то разные,кто то пойдёт один,а кто разревется",0
хуисос ряженый,1
"вытиран аты, герой котлов? если стоял на муйдане, отпустят, еще и спасибо скажут.",1
вот поражают такие вопросы! а вы инвалид? вам какая разница? люди спросили... значит есть причина! даже если просто ей лень их мыть.... зато другой человек заработает!,0
"в моём детстве растишек не было. лазили по чужим садам. не вредили, ветки не ломали, понимали что это нельзя делать.",0
эту падлу дано на этап отправить надо было. вот так и растаскивают россию по кускам..,1
неее компоты кручу🙂,0
звоните пожалуйста по номеру,0
ты не одинок,0
вот они теперь друг об друга стукались!,0
за гонорар ещё не такое можно выдумать. дурдом-2 .. .,0
попробуем-оценим💐💐,0
"обещания путина сбываются всех мочить,вот он и мочит народ,а своих отмачивает",1
"не подскажите, в в роддоме кто теперь? была же бычок?",0
"долой путинский капитализм!!! двумя руками за ссср!!! там где человек, человеку друг и брат!!!",0
долбоебизьм,1
можно фото собачек?,0
в народе убили *дух авантюризма*...,0
очень хочется найти любящего хозяина,0
"этих пидоров нужно уже давно, отправить в тюрьму магадан вот сних бы девчонок сделали там.",1
вечная слава и память.,0
"скотина кто тебя держит в россии, просрался!!!!!!!!",1
а когда будет зп за июль?,0
"вечером вышлю, после работы",0
ойкам бу видео сизга 🤔,0
"добавьте, пожалуйста, http://alexopt.ru/search/vosk-dlya-depilyacii-v-kartridzhe-zelenyj-chaj.html и http://alexopt.ru/search/ovoshchechistka.html",0
в дурдоме валенок ебут. если дырявый то с двух сторон,1
расстрелять.,1
вот где не пропадает ни один кусочек земли. почему же в россии один сплошной бурьян?,0
выселить суку из крыма. но не в россию.,1
опять ябло в сети появилось,0
"блядь! блядь!! блядь!!!!! ну кто же работает в этом типичное одинцово... ну это же дебилы какие-то... одни подают информацию, хрень какую-то, другие нихера не проверяют. ощущение, что рулят этим молодые люди лет 20-25, которые нихера в жизни не знают и не видели. уж извините, блядь, но накипело... который раз пишут херню, сами не понимая к чему. теперь по теме. время под знаком обозначает его действие. т.е. вашу машину эвакуируют, если вы припаркуетесь в районе действия знака с 7 утра до 20 вечера.",1
кто хочет познакомиться секс,1
жбанова наталья,0
"армуды очень красивы, но мне никогда не доставляло удовольствия с них пить со стакана удобнее делать глотки.",0
мраэь голикова хуесоска путина,1
будьте вы прокляты мрази гореть вам аду твари сдохните!!!!!,1
это где в наличии?,0
"здорово!а дальше то что педлагаем...всем под америку...бляди,уймитесь уже",1
так и инфаркт можно заработать.....,0
мало расстрелял укровермахта,1
"пока урод без сознания, надо его в цинковый гроб запаять, чтоб другим жизнь не портил",1
"империя анекдотов. 😜 этим все сказано. анекдот,есть анекдот.",0
или кого?,0
"похоже это крючок:один ряд ст. с. н. через одну петлю, второй два ст. с. н. в одно основание тоже через одну.",0
"название фильма совсем другое,нежели заявлено!! хочется увидеть продолжение,а названия нет!!!",0
кастрировать этого пидора чюрку,1
вот мразь!!!,1
пока не трахнет ее,1
хуйню что за несешь оты тvой аноним,1
чтоб ебло не мерзло,1
молодец что заступился...мужика надо спасать от статьи. а то у нас в стране калечить и убивать животных можно а вот мразей-живодеров калечить нельзя.,1
я согласна с эттм,0
берегу тебя не отпускает все вы мне жена будешь,0
а чего накидать то?? мозгов бы подкинули тому кто такую хуйню пишет,1
зачем вам порно сайт,0
"после предоставления всех документов нужно взять под роспись 1 образец препарата на анализ, далее сдать его на химический анализ воды в лабораторию. ⠀ после этого нужно взять письменное заявление о том, что с вами ничего не случится после укола, это обязательное условие!!! распечатайте это требование и выдавайте под роспись тем лицам, кто хочет сделать сомнительную вакцину. обязательно сделайте максимальный репост всем, вместе мы сила!",0
это помогла соленая комната,0
мразь сипатая!!! пиздежь -- это уже твоя патология!,1
"а кто тебя держит? давно бы уехал за границу, сейчас это не проблема.",0
"хуепутоло чмо, враг народа!!!",1
расчленить тварь и домой в чуркистан в мешках отправить,1
какойдолбоебизм давно уже и р ф и беларусь и всеостатки ютосша какому дибилоиду неясно,1
"я тоже думал, что коронавирус это фигня, пока мой друг не заболел этой фигнёй",0
"сее безмозглое хохло говно, идиотик, хохлов, ещё и безграмотное, строчит бред идиота с ошибкой на ошибке, не только рыло прячет но и фамилию паскудную, при параше нко постоянно находясь бандеровец продажное, всё липнет и липнет к мужикам, педераст пассивное, ищущее активного, на всех сайтах, ещё говно и под россиянина косит, или что то подобное, олигофренизм оного неизлечим !",1
"даже в берлине, г путин не даёт покоя, долбеням, ну смешно право,",1
так я не о других. я именно что о жукове послевоенном.,0
ух билла хачу траху такой жопа,1
"завтра будет известно,сегодня я в лесу",0
расстрелять!!!)))😁,1
в жопу ему этот пистолет засунуть.. пидору.,1
умничка! счастья и здоровья!,0
спасибо за ваше доброе ❤️,0
"всем здравствуйте ! подскажите скопилось много цветов в вазах ,всё что можно продала .а другие не могу продать и удалить.пишут выставить на участок ,а места и так мало ,как правильно удалять ?",0
слышь мудила !!!! я тебя не оскорблял. я работаю.месяцами небываю дома .,1
"ременная передача ... не прибегала, не могу сказать... на счёт других мест- их не избежать, изоляция - как запретный плод, слаще притягивает, особенно,если ребёнка там понимают , а родители - нет... а роль мам- пап в том и заключается- убедить и донести до дитя, что и как для него хорошо, а не хорошо, как поддержали в другом месте....",0
да так оно есть,0
и ясно все без слов ))))🌹,0
подарю тебе и всей страной европе,0
а вы то что такой умный в дуроклассниках и говноклассниках делаете? адреса борделей здесь не по адресу.валите сами со своей так сказать балериной-лошадью. и да-срать я хотел на вас и на эту бездарную никому не нужную лошадину. судя по коментариям не многие от такой кабылищи в восторге.,1
в контакте в бесплатное павлово спрашивали двух крыс. туда выложите.,0
будем очень рады увидеть ваши работы с подошвами из фетра!)🌺🌺🌺,0
"они мечтают, чтобы мы все отсюда исчезли. им нужна только территория.",0
"ужас, а жирный муж вообще катастрофа......",0
"долбоеб , чей ты предок , тебя спрашиваю ?",1
"а этот пидор кто?тоже из кпсс,только перекрасился.а когда был 1 м секретарем обкома,снесли дом ипатьева,где расстреляли николашку!",1
"это, как в пословице-- собака лает, а караван идёт! пусть исходят на сопли и дерьмо! за 20 лет мы поняли, где и что почем. и нас с этого пути не свернуть! россия-- вперёд!!!",0
и к томуже справлявший день рождения)))),0
ассалам алейкум уа рахматуллахи уа баракатух. поздравляю с великим праздником. пусть аллах примет наше поклонение.,0
"тварь,американская.расстрелять его...",1
отрезать и замолкнуть,1
"твари суки, товара нет, денег нет",1
фашисты жидовские . в концлагере так поступали,1
на смеялась от души 😂,0
из года в год из жопы в рот.,1
"помню, в 60х у девчонок были тетрадки- песенники... они с виниловых дисков записывали слова этой песни, правда о чём идёт речь, не знали?..но пели, танцуя твист😊🎤",0
река моего детства! так хочется вновь побродить по её берегам!!!,0
пашинян дорогой убири этих падонков в сторону,1
19 мая страна отмечала день рождения моего сына ура.идень пионерии конечно же.,0
"Повязка тёплая,красивая.Качественно сшита.Доставка быстрая.Спасибо,я всем довольна!",0
"скоро дойдёт до того, что таких будут убивать люди, властям нет до этого дела, а ефремов пидор старый, плохо ему на всю страну показывают, усыпить как собаку, и проблем не будет,да и ему подобным.",1
"не, не так. страна ждёт героев, а пизда рожает не знамо кого",1
что за бред? за 50 рублей можно только семечки от арбуза купить.,0
иду 4 раз за 2м фиником подскажите в какую сторону идти,0
добрый вечер. а посоветуйте где можно закупиться школьными принадлежностями (про оникс знаю)?,0
долбоёбы и пошли!,1
а город какой крошка,0
"господи,а он с какой планеты🤣.птица говорун отличается умом и сообразительностью🙃",0
здорово исполнено !,0
"не о чём, и голос говно👎👎👎👎",1
"видать все же опилки.на гражданскую и отечественную войны хватило,пережить голод хватило,а на операцию в афганистане не хватило.не смешите тапочки.нашли кого слушать.тогда америку разрушит он.если такой умный,то что сами то наступили на те же грабли и увязли на десятилетия в уже потрепанном ссср афганистане?любая устоявшаяся империя обречена на выгнивание из-за застойности и размеров.",0
"добрый вечер, утром сырники с чашечкой цикория, перекус персики, абрикосы, обед чечевица зеленая с овощами, икра кабачковая, ужин гречневая каша с молоком,на ночь стаканчик домашнего йогурта",0
"да лучше политических блядей меньше, и проституток от политики, сосущих америкосовский хуй! автор ты много насосал у америкосов?",1
"пидерасов нужно отправлять в ........в....... всё враньё! не нужно из психического видоизменённого состояния делать меньшенство- вид не пригодный к размножению, - нормальным. ну ебут они себя в жопу......... ну ребята, ну и ебите далее, ну не зачем об этом кричать!!!",1
"давно нужно было наказывать таких гадов!!!!!! и спасибо большое женщине, которая не прошла мимо , отвезла собаку ветклинику , и тем кто стал его новой семьей!!!!! таких людей , да побольше!!!🙏🙏🙏💐💐💐",0
а вы в курсе сколько поляков уехал из польши.?,0
23 ой откусишь:-),0
медведь?,0
"обосралась, сука позорная!",1
"когда же полиция будет думать,наконец-то,а быть как стадо баранов,которых подкармливают нашими же деньгами.... ....",0
"наверно нет, св о рождении точно сами платили",0
чмошное правительство заебли со своим долбоебовирус,1
черт голимый судья убил матч,1
достойный внук эдуарда хиля!браво!,0
"сыт голодному не верит,им там на верху никогда нас не понять",0
с каких хуёв я стал твоим? то све а тоже до хуя зависит! святоша ты....!,1
а кто-нибудь делала ?,0
"ув.белорусы, конкретно чего вы хотите должен быть четкий план,а бухты барахты как украинский или прибалтийский метод ,чтоб туда пришли американские войска и еще больше развалить страну . нам не нужны американцы и от владивостока до лиссабона всякие пидоры лазили.",1
"и это чмо во главе судейского корпуса....с трона н хуй!!!! он бля сам кормится с руки газпрома,как говорит маклаков они хотят разжечь вторую монежку,так будет",1
жилплощадка нормально,0
на каторгу этих блядей.,1
хочешь ласковых и нежных?иди нахуй на мой))),1
"нектарины, нуга, нагетсы, нерка и никотин(сигареты):d",0
"какая цена, и сколько упаковок?",0
да что верно то верно.,0
перевешать надо всех.... к чертям!!!!!!!!!,1
растрелять мерзавцев.,1
"еще как садится,сама испробовала на своей собаке",0
мусорило гребанное...,1
"ну ещё восемь раз повтори,лунатик.не,не,не выпил,и не наркоман,молочка хлебанул и бегом на юрфак,красный докончить чтоб.там,на юрфаке то,интересно преподают-член резиновый пихать в джинсы,рога оленьи на лоб,пятачок опять же...а главное ебут,или не ебут,вот в чём вопрос.😆",1
уже больше 10 лет не смотрю 1 канал. пусть эрнст засунет его себе в задницу.,1
"тебя сегодня на хуй посылали?тогда иди на хуй, голова кастрюлеголовая))",1
​сладенький сучёнок .... сказал же колчак ....кучера..проститутки и актёры ...суть одна.. везут того кто заплатил .,1
"принцесса, принцесса, ещё какая - лапулечка💋",0
"блядь, британия",1
и зачем такая.,0
70т идеальное состояние. 89641057224,0
"получат те ,кто ещё не получил в июне и июле.",0
"​тридевятое царствопредлагает разместить в вашей ленте следующую записьнужна мне помощь да поддержка дружеская, не хватает в хозяйстве вещи малой для дела важного. мне нужно: перо жар-птицы https://ok.ru/game/kingdom/?item=461238152250_1596296999_2/0/88",0
а дальше всё так же будешь дрочить свою пипетку.,1
да нет. я 6шт отдала:-)﻿ещё 3 или две осталось. приезжай отдам;-)﻿:-)﻿,0
сталина на них нет. расстрелять и все😁😀,1
всем салам алейкум дорогие мои соотечественники. никакая долбанная и там извините меня за не цензурное выражения не какая ебанутая армения не хрееа ни чего не может делать. они в штанишки обмачились когда увидели всю мошь азербайджанской армии. они боятса. ни чего осталось ещё не много скоро мы их иньшаллах выгним с нашей родины. держитесь иза всех сил. иньшаллах победа за нами!!!!!!,1
"ты сучка опровергни что я говорю, не сможешь ведь пиздюлина, мозгов у тебя паскуды не хватит.",1
однако какая- либо ярко выраженная черта никак не определяет « тесто» человека,0
если не будешь сосать 🍌👈тогда мне придётся маму твою ебать вот туда 🦍👈,1
"дон гандон хороший парень во всех смыслах . хер стоит сутками , общительный , в рот хорошо дает пососать .пользуйся дорогая с удовольствием 😘",1
схема не от этой салфетки.,0
что сделать - что-бы эта дура хоть на денек попала на войну?,1
вот епанутое создание,1
ой блять,1
"еа,у меня 20 дротиков есть",0
"пригожина, смотришь хабаровск? под проливным дождём за своего губернатора вышли десятки тысяч людей! в сентябре вся страна выйдет против подтасовки выборов. и тебя позорную пригожину с антинародным текстами и дергающимися картинками сметут.",0
"ах ! ты сонечко моё голубоглазое . не уходи чуть задержись , поговори . я отдохну в твоём сплетении с проказами наказами писать глазами разума .твой славный образ спущенный е земли",0
а где сдаёте?,0
вот где настоящая семья 💯💯💯,0
а вы были в латвии и знаете как живут люди.пенсионеры выживают за счет своих детей и внуков которые работают за границей.,0
всем ублюдкам недовольным кому путин нравится не в россии нахуй страны из,1
он замечательный,0
пиздабол кончиный,1
милосердия двери отверзи нам благословенная богородице погибнем надеющиися на тя да не тобою бед но да избавимся от ты бо еси спасение христианскаго рода,0
"о, боги! да ты ущербней, чем я думала! только узколобый и неуверенный в себе поц может так по крысиному скалиться и выставлять себя посмешищем,при этом думая, что сам такой великий и непобедимый! да ты, козявочка, не кипишуй!вынь со рта свой вялый что бормочешь? не понять!.. сам сольёшься?.. или наподдать???🤣🤣🤣",1
в жопу засунуть тебе все заслуги ельцина! старый мразматик.! иуда продажная!,1
верные слова. не раз убедилась в этом👍,0
единая россия-фашисты,1
ты просто умничка,0
"пускай мужу моему по номеру позвонит, договорятся",0
молодец бабушка дай бог вам здоровья!!!,0
слава в д в !!! позор росгвардии,0
в царстве лотосов....,0
"есть 1500 рецепта, нужен горн",0
"а судя по тому как ты, дырявый, со мной разговариваешь... тебя нет.. ты пустое место. дырка для пидорасов.",1
меня зовут ирина. мне 52 года много набралакг,0
долбаёб тупой 🤮🤣🤣,1
узбекский террорист просит 40.000. что то хилинько просит :d,0
"точно, тебя наверное никто не ебет. поэтому ты злая",1
котята обрели дом!,0
"ага ,а нахуй вы бы не шли,а как чё та помочь сразу а где твои друзья,жена в первую очередь должна быть другом.",1
а они на этом лайки зарабатывают,0
если это он!? на кол суку!,1
16-ть лет одиночества...,0
"ты тоже всегда плакал, когда смотрел этот мультик",0
здравствуйте. какая цена и размер 2и 4 фото,0
"давай побольше мигрантов принимайте , скоро начнут насиловать , убивать и обворовывать россиян. в европе всё это уже происходит.",0
dигеvеsтпик смутноевремя интернете чем пишут в в про какое хуйло основном то да интернет надо отключать,1
ой какой сладенький поцеловать в засос,0
путин конченый пид.....р и его пидросы.,1
ч оз тема ч о класс ответить д лёка продаю пизду дочери комментарий,1
"в единой россии, ещё и свиноматки есть, ввиде этих личностей😂",1
пидор тухлодырый.,1
да хера с ней говорить тапок взять и уебать пару раз по ебальнику,1
"когда сын вырастет, пусть расскажет про секс с анфисой чеховой",0
"брехня полная. на расстояние два метра к нему меньше чем майора не поставят,не то что бы простого смертного",0
Самый отвратительный заказ из всех что был на али. Посылка пришла мокрая!!! Намочили и заскотчевали! Деньги не вернули твари! Бессовестные! Зла не хватает! Это гавно конечно не оденешь! Сыпется ужасно. Форму потеряло! Доплатила чтоб удлинили и рукава сделали 3/4 . При этом условии я и заказала! Но они этого не сделали!!!  Желаю от души вам обанкротится! Деньги не маленькие и все на ветер! Пусть они боком выйдут вам ,1
"ливанский пошёл, следующий калининградский, приготовиться...",0
"бержись не дай этим дебилам,, раздолбать белоруссию и пусть тебе поможет бог",1
чтож тогда полозья не ровные от забора. бред не верю.!,0
нитки растянутся и обувь будет соскакивать с ноги.,0
бред сумасшедших дураков . я думаю что почивший иваньков был намного честнее и порядочнее патриарха гундяева путлировского жопализа !,1
"урод😡 ,как так можно 🥺",1
проститутка и провокатор ебется в жопу за гречку,1
бывает а что дед долбаеб психопат респект пацану что остоновился 👍👍 не убежал как некоторие,1
"опущенный евреями, я смотрю тебе аптека не помогла.:-d",1
"крыса, сука, чтобы у тебя на лбу хуи вырас.гандон.",1
"да что же это за выродки, откуда эти суки берутся? надо его пасть открыть и всадить ему нож по самое не хочу.я бы этих тварей пачками истребляла, живьём в костер сук!",1
ты ебанутый? себе гандон вместо шапки натяни на башку свою кастрюлеголовую банлерик,1
"Пиздец. а не продавец . товара нет,деньги хер вернули.еще просит в споре чтобы я  ему товар вернула.короче не денег ни лифона.подавись сука.а жду 5 месяцев.гондон",1
а тебя драть во все дырки а потом после зада вафли в вонючий рот. гадость.....,1
я тоже так спала 😰 в украине,0
"спасибо, ильяс!классно ты громишишь этих подстрекателей и,,борцунов за ,,правду. у нас такие шесть лет назад вышли на майдан, совершили госпереворот.что в итоге? олигархи обогатились ещё больше, народ нищий, в стране война...да и страны то почти уже нет..это уже колония сша...",0
да парвать ему ебала крыса госдумовская.,1
делать дома нечего...👎,0
глупо очень!!!,0
"реально задолбала, овца тупая.",1
где вы видели в нищей стране довольных,0
в какое время завтра можно будет забрать?,0
"за рулём пизда, это не езда",1
сп 5 модный товар детское 574р,0
а мужем прям вернее баб!?,0
"а я против! всяких поздравлений! брак взаимовыгодный. с одной стороны по расчету, с другой-чемпионка!",0
самая настоящая вражина.,0
можно? пожалуйста)),0
чудесного утвехка а утро начинается с улыбки в лютый что даже холод душу греет у утро начинается с надежды день уютней что будет и добрее а утро начинается с любовью ко всем живущим где то на планете а утро начинается и это сbете самый прекрасный белом дар на,0
где вы находитесь от куда???,0
так ему и надо ублюдочному.,1
"очень люблю баклажаны. но даже не слышала о таком рецепте заготовки баклажанов. думаю, что вкусно. спасибо.",0
пидарасам этим хуеглотам все воздаста судить их будет народ и бог накажет божьей карой,1
"неправда , и ездили и класс ставлю.",0
"географы, напишите правильную информацию! и мы поверим!",0
с начало учись писать по русскому языку 100 ошибок. мол уз узбак тилинга езавер мол бляд. бунча башаранг хунук бляд аками 91 5516608 ва телеграми 915516601 тел килгаин афиша гандон жонга тегдигу,1
Очень довольна заказом. Посылка пришла за 2 недели. Качеством довольна. Подойдет в холодную погоду. Тепленькая толстовка. Спасибо большое продавцу. Буду у него еще заказывать.,0
"нод, зря примазываетесь к десантуре ... жидопидоров правительства рашки десант тоже не жалует... а вы - их жополизы ещё те...",1
"критики- завистливые люди, со своими недостатками и психологическими проблемами, не умеющие или не желающие создать что-то свое, пытаясь самоутвердиться за счет чужих ошибок!!!!",0
левшино!,0
хули пялишь зенки брызь под нары,1
"слышишь тыпиздед! что то вы помощники россии не едите жить в деревню, а прёте в города!",1
👍👍👍👍👍👏😉😉😉😉👏👏👏👏👏суперррр....!!!!!,0
очень громоздкий и тёмный потолок .,0
расстрелять сук,1
мрази. что же вы твари делайте. вас бы так привязать и оставить. уроды.,1
"кроме кастрации, руки отрубить по самое ни хочу и на лбу клеймо ставить.",1
ебанашка очевидно власовское отродье. не столь важно в каком поколении. предатель он и в африке предатель.,1
продам кресло туалет и ходунки для взрослых. 89877764885,0
контракты кантракти ананпоры через в ч ежедневны бо,0
счастья вам друзья храни бог bас,0
быдло матом не ругается! оно им разговаривает (h),0
"тебя,сука даже раньше чем жидов твоих, за которых ты так задницу дерёшь...",1
ты прекрасно все понимаешь и не прикидывайся идиотом,0
золотая молодёж вы обосроные дети,1
"все потому, что у кого- то слишком пухлая попка...",0
"да это же заз ! только он что, задом едет?",0
это с нибиру виноваты,0
видел этих бойцов на выезде с новосибирска😀👍 неужели до томска доехал?),0
и в ножки блядь покланится этим блядям заебутся,1
"почему подкаблучник? нормальный мужик,к сожалению сейчас таких мало.:( :(",0
бездельники и вруны!!!!!,0
из пустого в порожнее,0
супер.... я тоже хочу поучавствовать,0
таких пидарей к растрелу надо которые под путиным и его туда же гандона,1
шалава с высшим образованием небось член ей нужен с высшим,1
огромное уважение ко ваем и гордость!!!! мы сделали. ура!!!!,0
люди да что вы боитесь .вам есть кого скормить этой акуле .у вас как и у нас москалей хватает .кидайте их в море .единопидорасов,1
"да , вы правы! а то живущие в москве думают, что вся россия живет, как они.",0
"а азера жестокие, как то было дело один подашол к столику нашему в кофе, и говарит я тебя сегодня украду, будеш моей а если нет я тебя зарежююю",1
"лаштованная,ты совсем дура и здесь,судя по всему,форум дебилов и малограмотных недоучек и придурков,за редким исключением.вот эта придурковатая молодая мать совсем охренела? с ребёнком ходить на эти митинги? а скорее у неё там дрова или опилки,как и в её голове.тебе кто жить мешает? работай! что у тебя украли? пучок редиски или пакет китайской лапши?какая бедная-сидит в безлимитном интернете за компом и строчит свою хрень! идиотка!",1
молодцы ребята ! супер класс!!!,0
не сажать а стрелять на площади,1
вы еще не продали ?,0
"ну пиздец бедняга, ебаните ему тысяч десять, слуга народа должен не больше получать! зажрались там! сталина на них нет! к стенки их!",1
"это московский район, во дворе кулахметова!",0
"ебанутая просто , что любила упыря !",1
ей ты сначала попробуй как он потом говори он лучше из лучших дебил ето ты,1
"вот те нате - хрен в салате! дык я своего ментовского прошлого и не стесняюсь. а вот за другие свои высказывания - обоснуй. а так пока, что ты под задушевника канаешь, необыкновенный ты наш.",0
"лидеры, навольнята и всякая мразь слетевшись народ бузить.",1
всегда восхищаюсь такими парами!!!,0
"бляяя как же я заебался в этой помойке сидеть,люди в одноклассниках деграданты",1
пидарасы конченные твари заводят питомцев чтоб издеваться.,1
настоящий специалист. достоин на больше.,0
вотак и жевем а вы за ету блятскую партию голоса отдали.,1
"долбоёба в зеркале увидишь!!! нашёл созидателей - армян. не хуй им делать на русской земле!!! у всех народностей есть свои государства и страны - пусть у себя и созидают. а то устроились в россии, обросли диаспорами и за копейки нанимают на работу русских.",1
"хорошо сказано, по-советски!!!!",0
"не захлебнись свой злостью, ущербная.",1
"так хочется потискать эти щёчки, и попочку легонько укусить. сладкая конфетка!!!",0
пошли на хуй эти китайцы.,1
"ну ладно, хватит, задняя часть у тебя уже в полном порядке! пошли домой! есть хочу!!",0
бей пидарасов,1
кобра чтоб ты сдох,1
а лучше к стенке!!! правильнее будет,0
"там хоть может шанс будет,а с этим уродом только в жопу идём и ни каких шансов. тупа ждём пока он власть по наследству не передаст.",1
мы всю жизнь работали а теперь сидим на шеи это вы скуки сидите всю жизнь на нашей шеи?,0
расстрелять упыря к хуям собачьим,1
хочу поехать!,0
лучше голая шла...зачем заморачиваться на ленты...красивее было бы...,0
"что может быть выше морального удолетворения от того,что в очередной раз окунул в дерьмо очередного путиноида или пригожинского холуя?",1
чушь полная. какие кошельки? в израиле. смешно.,0
"молодец, умница,дай бог тебе здоровья",0
изверги и долбоёбы от религии.,1
"очередная афёра г.грефа. о.бендер с мавроди, тихонько стоят в сторонке.",0
"коллекцию вниз не переместили, значит ещё должна быть",0
в наше время довольно широко распространена неверная информация об исламе некоторые люди неверно полагают что ислам это новая и пророком самая молодая религия основанная мухьаммадом мир ему другие говорят что мусульмане не признают пророков иисуса моисея поклоняются черному камню и тд истинные знания религии ислам таковы же ислам означает поклонение единому богу признава его закон по арабски шари аллан ат это имя бога на арабском языке мусульманин это верующий истинность ислама ислам это религия которую соблюдали и к ислам которой призывали все пророки также религией ангелов является которую они исповедовали еще до создания людей в основе ислама лежит вера единого бога аллана его пророков ангелов в небесные книги судьбу в в судный день шаllан ены шиттоиl рlасs аллан существует без неста и без образа,0
"чубайс-херня,туда уже мишико собрался,на любую должность. вот тогда бульбашам точно пиз..а придет.",1
"утро?|) доброе?:| хз,но здрасти:d",0
эй придурок нахуй стабой общения,1
dемопvатогоvогd с этой украины я хуею,1
я думаю что миги на усраине очень древние и далеко не те что стоят на вооружение в россии.,0
после этого всего лукашенко только расстрелять!,1
немецкие сми передовали бы лучше о проблемах в своей стране.,0
"другого родят. бог дал, бог взял...",0
красиво ! отважно но страшно ! :),0
подстилка путинская а не пошел бы ты на хуй защитник,1
"у меня тоже,простояла 26 лет.",0
стиль casual. обычный.,0
мммм клиторочек супер,1
сука.и всем по бороде.ебать колотить.братьям помощь не нужна.донецк родной бомбят через день.зато бляха бейрут взлетел.все скорбят.боженька.где справедливость.,1
"Не надо брать на размеры  больше ) На 44 брала Хл , можно утонуть )) буду перешивать . цвет  бордо , винный цвет .",0
"ну сука ,тварь ,его бы так взять глотку или яйца",1
их пидаров вообще поставить пешком,1
"здоровья, счастья и удачи тебе! привет из италии.",0
"украинци, белоруссы,русские---это один народ. нас разделили те кто захватил телевидение кто правит на украине, не ужели не понятно. они хихикают над нами считая нас лохами,быдлом, показывая деревенских асоциалов. путин один в окружении окупантов. кто знает сколько раз его пытались убить.?? твари вы не благодарные,продажные. сами по сибе ни чего не значашие. пришолбы к власти еблинский,или сучка собчак, давно бы остатки словян уничтожили. а жириновский развязал бы войну,после которой врядли кто на земле уцелел. молите бога за путина. если вы не молитесь дьяволу.",1
"да везде в каких фильмах,и комедийных,ералаше, военных,гражданской войны, он всегда отлично играл свои роли отлично. светлая ему память.",0
мой на днях туда поедет,0
пидараса расстрелять,1
гомосексуализма испугал мачо. вы совсем ебанулись?,1
сдаю посуточно 1 ю квартиру по адресу ул.зеленая д.68.,0
"приходи, я тебе ногу отрублю, сразу полегчает 😛",1
привет ты очень сексуальная женщина хочу тебя всю и вылизать твою. киску,1
"война и мир, дубровский,посторонний",0
а вобще на ху й нужин этот заподный шнырь. ещё и должность занимает он уже столько на ху е вертил и пох у власти. б ля да токих вешать надо рыжая ш лю ха и весь его род на корню истребить.,1
"с днем рождения!!! дай бог тебе здоровья, счастья и терпения!",0
класс!! такая милая зайка!😍,0
петя петя петушок золотой гребешок,0
..... пошёл на хуй тролл ь ебаный..... а ты жопу прикрыл?...... вылизыванием священного очка...,1
пиздюк ты окринский:-d﻿,1
красота стухжна тслюбовь лишь для знакоgтbа для жизни стужен в человек,0
чистый гад убить и то мало,1
пидор ебаный хоть один факт приведи???? живьëм сжигаете людей только вы хохлы ебаные,1
"здравствуйте, а размер или рост можно? и размер обуви.",0
"вот такие мамаши которые воспитывают таких опарышей ещё и в администрации, что они хорошего могут дать обществу, когда опарыша так воспитали. по всей видимости сучка которая бьёт будущая шалашевка в принципе как и её мать, у хорошей женщины такого уродища не было б.",1
встретил рыжего убей,1
"спасибо,было интересно посмотреть",0
незаменимы х нет!,0
расстрелять😡,1
да пидоры они все!,1
"всем огромное спасибо🌼﻿🌼﻿🌼﻿,остается совсем немного,а ждать становится труднее",0
"#сосатьхуйполяка - это ваше спокон веков , свинохохол... :d",1
"к сожалению те, кому бы и нужно прочесть этот пост, его не прочтут.😔",0
тебя посадить на нашу пенсию суку,1
в очко им эти руки запихать!!!,1
безумная красота обалдеть!супер!,0
"приобретай любую специальность и зарабатывай деньги, а тяпкой махать будешь на своей даче...зато с детских лет будешь знать, что булки не на деревьях растут...",0
нет слов.........человек-самая подлая и жестокая тварь....,1
"людмила,я родилась и 65 лет живу в беларуси и я не сука продажная.зачем же вы так оскорбляете весь народ? вы же прекрасно понимаете,что это дело властей.да,и украинская сторона затребовала 28 человек из этого списка! и если наши власти пойдут на такой шаг,это будет концом лукашенко! так цепляется за власть,что готов на любой подлый поступок...",0
девушки не прилично выставлять свои прелести в инет. ^o) 👎,0
"ушлёпки , позорящие все вдв. стыдоба.",1
"о, блять.. что на страничку то полезла!? любопытная! почитай!!! возрази! а то шлёт тут картинки! какой путин замечательный! как он живет то хорошо! и народ под ним... вот реальные статьи! и цифры! достижений у него меньше, чем неудач!!!1",1
ставки повышаются?,0
выебать этих персон и на кол посадить!!!,1
козел вонючий тебе то зачем столько денег подавишься скоро,1
сукаааа это жизнь........,1
действительно принцесса.платье прелесть,0
я тебя ебал в рот шмара ебаная,1
"лучше повесить,как предателя родины.а список можно продолжить",1
"а где их лечить то,в семашко врачей осталось раз,два,по пальцам сосчитать можно....все увольняются",0
s чужой пояный мужик когда интересный такой веселый и а когда свой дурак дураком,0
"ты ваще видел этот ноут? тут 32бит,2 гига оперативки.. ему цена 3000",0
"типа вся жизнь на сиськах и каком то мясе держится, фубл...",1
у самоцветов лучше.:),0
убила бы. чес слово,1
хер вам придурки молитесь фургалу,1
растрелять......,1
"забыл ,,,болезный,,, что его то мама кому нибудь тоже теща , там могут похлеще подъебнуть , таланты покруче ходят по земле.",1
тварь эта наебулина!,1
какой гандон это написал,1
кто пишет эту чушь??,0
"думу надо разгонять, а не налоговую, ставленники алигархов прогрессивную шкалу налогов никогда не примут!",0
"да кто-нибудь защитит нас или нет? как так решили списывать со счетов караул, грабят !!!!!",0
"да,но это так больно...",0
а как тяжело с ними растоватся,0
путинские пидорасы выебать каждого,1
яйца ему оторвать падаль,1
"да тебя не обгадишь, сдохни чмо.",1
"ты или дебил, или провокатор!! каких русских детей? что за пургу ты гонишь? сергей и, твоя фамилия идиот?и ты её стесняешься? но это нормально, есть ещё фамилии пидоренко!!! где ударение не поставь, везде сергей и.",1
"да иди ты на!!! расти своих детей тупыми, безрукими и распиздеватыми любителями поиграть в телефон",1
он прослезился выступая и обманул народ с тех пор -теперь их дети .правду зная .кричат с другой толпы ты вор ! они привязанные к трону .свой люд не видят с высока - ласкают в золоте корону. как будто это на века . их ожиревшая обслуга как саранча у трона том = и алчность -верная подруга .живёт средь них- с открытым ртом ! байкал природное страданье. с намоленной творцом водой -он людям дан для созиданья в цвет неба сине- голубой !! им руки надо отрубать кто на природу там польстился =байкал не должен увядать он просто малость утомился .,0
сколько знаю дагестанцев порядочный люд...а ты ушлепак...дырявый.,1
в какую цену берете?,0
квартиру я получил на третьем году службы боцман большого противолодочного крейсера ленинград.в 1985г ты хочешь меня подраконить или ты дебил\в какой стране я служил перевестись на камчатку а тебе не дорозумение известно такая понималка приказ,1
"🌏 «слепая» гадалка баба нина - деньги придут к тем, у кого есть.... положите его в угол дома или... и только тогда у вас начнется белая полоса. ➡ http://bit.ly/2ujj9dc",0
но почему?... но вообще-то это уже юмор больше...,0
даже маньше,0
взаимно дорогая.,0
я бы такую себе домой хотела бы. 👍👍👍,0
"соболезную. земля ему пухом.😢 хороший, добрый был человек. 😥",0
дать могу по ебалу такому козлу как ты,1
"и это только начало пиздеца, дальше больше.",1
нет он не гей) но и не долбаёб..,1
поймать урода и отрезать яйца,1
ебанутые:d,1
жизнь за 4 минуты.,0
очередное старое пидрило.,1
"путина пидора.на пенсию (на прожиточный минимум(а не их пенсии),и куданибудь в среднюю полосу......пусть его сельские работяги посадят на кол....",1
Отличный товар,0
мырники без суки,1
"трезвеник ебаный а в германеи водкой торгует ,сколько виноградников унечтожил",1
"может быть, согласна,но тем не менее,здесь и браво подходит в некоторой степени,подвиг- это вот как зоя космодемьянская,а здесь всё же более человек актёр,это ж какая выдержка и завтрак и вино,хотя по большому счёту оно надо? послать воздушный поцелуй,и 12,,убивец,, упал в обморок,представляю как ей было страшно.только ,,браво,, брависсимо!!!",0
кто бы меня в два ствола натянул бы я радостью ещё бы и взял бы в рот,1
"что вы несете за советский союз . а сейча на овоще базах не гниют овощи ? не несите того чего вы не знаете . сколько вам лет ? и что вы знаете о тех временах .а сейчас , что мы покупаем ? это разве овощи ? это мутанты . их есть невозможно.",0
и сапоги- чулки были в моде,0
большое спасибо за рецепт понравился взяла на заметку.,0
если есть желание купить звоните есть торг договоримся,0
"это вообще, необьяснимый поступок. здоровья и счастья тебе.",0
а вот чиновники в отличие от тебя это не скрывают потому что не возможно скрыть.и как тебе для примера посмотри посмотри интервью золотова командующего гвардии россии где он рассказывает о внуке который обучается в англии и какую пользу принесет россии после обучения и таких примеров много.но все я заканчиваю а то ты уже все пенку пустил одни оскорбление не одного факта,0
ишак комнатный в очко закольцевать.,1
"конечно помню. моя первая учительница привалова евдокия павловна. мы всегда бежали ей навстречу, чтобы встретить и помочь нести сумку с тетрадками. а после уроков иногда помогали по образцу исправлять ошибки у одноклассников,.светлая ей память.",0
значит расстрел таким детям?,1
"..осмелюсь пожалуй констатировать.. что. .в россии пожалуй и не было даже близких европе и америке масштабов опидорения тварями с рождения похожими на мужчин.. .а в последние годы ещё менее заметно стало.. .похоже этот вирус нам не пройдет.. .но его не должно быть не где!!.. .педрилы ободряемые государством - причина для начала полномосштабной войны в содружестве всего осального человечества!!.. .жаль что пока.. .единицы понимают серьёзность .. - .почему!?? на это.. педрил изобрели.. .и создали.. .духовные наставникибл..!!.. врождённое их уродство уже есть!!..если промедлить ещё хоть __смехотворно малый срок, в лет сто..т .людей останется куда меньше чем есть.. .ваших потомков ваших детей.. .. .обхохочемся..бл..!!..",1
идиоты в кубе,1
угощаешь шампанским?👍,0
а меня и подругу замучали рекламой памятников и надгробия.,0
"заказывали 17.07. пришло 02.08. очень быстро. маловат. клеится хорошо, держится плохо. буду носить.",0
"еду завтра 5 августа в 5 утра палласовка волгоград обратно в 12-13ч.тел 89275157574 89064516747 могу забрать сумки посылки, с места до места с кондиционером",0
"добавте в друзья, другие есть",0
дура сука пизьдить токих ремнем хорошо штобы понела,1
"Гавно ссаное,продавец не разбирается в цветах,как бля.ь можно цвет перепутать сука,че там долбоебы что ли все? Не? ",1
позор!!! тогда вообще ни чего не довали бы!!😂 для детей кофе??? дур дом,0
значит ложный окуп и за 10 сек бомбы может так получится,0
при упоминании. украина . появляется чувство брезгливости и отвращения .,0
с котиками,0
"моя даже удобнее, место не занимает :p",0
"надоели уже со своей эпидемией, пудрят людям мозги чтобы не ездили в украину, но ведь у кого то там дети, родители, да мало ли какие дела.",0
б сее оргаию и моссипск не ребят в е это пиздец аsоvас чги,1
тs гиs ши ги чо ипsтаqуиам игагb вакцина от коронавируса попадет больницы б в августа сейчас она находится на экспертизе вакцину от коронавируса начнут применять уже в середине августа об этом сообщает интерфакс со ссылкой на собственный источник по его данным вакцина уже она будет передана на экспертизу ожидистся что б о августа и б го ожидается поступит в гражданский оборот ранее такие же сроки называл александр гинцбург директор научно исследовательского института эпидемиологии и микробиологии имени нф гамалеи где разрабатывалась вакцина ранее сообщалось что вакцина ни гамалеи им пепгпе гпемя и о и в,0
они наверное. когда по 1%дают ржут.как кони.мудаки,1
"самих надо их расстреливать, а то отожрались за счёт народа",1
дивен бог во святых своих.,0
батька схотев сосать все сиськи разом последние время...зараз буде сосать пиписьки зо всех сторон..жаль шо вместе с народом своим..ибо як сказав милошевич. -- запад шо дикая собака..уцепится в горло колы слабину дадите,1
"к трампу лезь, губы только пошире и жопу вазелином смажь, мудило",1
кто едет в москву 5. 08 нужно одно место 89271390226,0
"дорогой , поздравляем вас с днём рождения желаем вам здоровья успехов в работе ,мы вас цэним любим и уважаем, успехов вам в нелёгком труде ,с днём рожденияяя",0
срака крошилась на славу 🤣🤣🤣,1
уроды и пидоры под прикрытием якобы власти!!!,1
спасибо!!! эта крупа теперь самая любимая. ;-),0
ебанутые хохлы на всю голову,1
вычищать.сорри,0
это та гнида что себя называло батька. та гнида котороя называла народ россии своими братьями. сейчас продалась америке и делает из себя борца с терроризмом.узурпатор продажный,1
"а ты вошь, гнида мудовая тебя тварь надо давить и травить. чья сука крыса ты что открываешь свой вонючий рот",1
"фуфел это ты ещё незнамо как всё было, никто не знает почему он пьет,на всё есть бог ему и так хуево я тоже человека убила но только боженька знает что там было и как и не вам тупорогие из своей будет гавкать ещё не известно как бы вы себя чухали в такой ситуации ещё когда со всех сторон такие шавки гавкают",1
"я хочу, чтобы люди умнее стали. размышлять начали. мне этого достаточно",0
отрезать ссанку и в рот засунуть,1
"генерал лебедь, с хорошей фамилией и с человеческими замашками, убрав свой быдлячий ум, венценоскость после позора договора с г- ном масхадовым, мог бы остаться в памяти народа , но он решил , что выше его только солнце, быдло в виде народа и солдат типа меня, ничего общего с родиной не имеет.",0
ебанутая вот больше нечего добавить,1
"охуенная дачница,я бы с ней грядки прополол.",1
идиотка безмозглая! ты хоть мат от литературной речи отличаешь?. тупорылая дебилка!,1
какие то долбоебские комментарии культ личности нулю бабенки поют.,1
а как же бееееееее,0
сначала надо всех обнулить а потом поймём кто без кого может жить ??? ..нам-бы -топор спички и несколько семян ..и можно жить !!!!!,0
хер в жопу зеленскому от короновируса!,1
"забавно выходит у вас. еще раз повторю, подруга живет в нижнем и до сих пор. 40 лет дружим, каждое лето обменивались информацией с 80го. снабжение закрытого города было лучше, чем в ярославле, у нас вообще было пусто-голо. в москву всегда ездили за всем, благо электричка 4часа шла и билет 4р. стоил.",0
"бабуличка, с днём рождения дорогая поздравляю!!! желаю здоровья и многие лета.",0
"всё согласно поправкам в конституцию, в приоритете семейные отношения между мужчиной и женщиной, правда, есть исключения, вступай в ряды росгвардии и можешь оставаться пидорасом!!!",1
держите это вам на gbо gиlа пусть сегодня двери каждого дома войдет в ангел улыбнётся и скажет я к вам навсегда я принёс здоровье вам счастье удачу любовы и,0
могу вдуть обеим,1
свежего огурчика не хватает,0
это одно и тоже помещение,0
когда же эта гнида сдохнет,1
"это ж его гада кормить ещё надо,к стенке уродов,чтобы другим не повадно было",1
отличная идея с подборкой👍 ждём ещё,0
господи как страшно 😭😭😪😨,0
я была у этого памятника в киеве.очень хороший актёр и человек был!,0
учиться не пробовала???????,0
а какой нужен,0
а она выбирает уёбище,1
ну и тупые хохлозадые :d :d :d :d,1
"5 дней без инета,скоро и кислород начнёт перекрывать чёрт усатый ( у нас пиздец что творится(md) цуки правят безпредел:-s",1
хорошая хозяйка,0
"овечка, тупая",1
"вот поэтому они и ищут пятый угол китай виноват, россия виновата,а сами куда ни ступят везде навоз",0
надо создавать партизанские отряды чтобы убивать эту мразь когда да да они не будут так действовать,1
а это сколько кг?у вас есть,0
"из под трёх штанов, сука, трусы виднеются",1
маленько выглядиш.,0
"про украину каждый день и сша и по несколько раз,хабаровск для путина быдло и для властей и также и ты и я",1
"звони, пообщаемся...а то может столько не выпить",0
"всем большое спасибо за поздравления! нам очень приятно. всем здоровья, счастья, благополучия!",0
урод черножопый8oi,1
"иван иванович, поздравляю вас 💐",0
"мы помним и скорбим,а идиотам отвечаю эти классы вам в одно место",0
находился под домом офицеров.,0
это развод!,0
дай .бог вам всем здоровья и счастья,0
"объявление есть, а куда, к кому обратиться нет",0
малолетние шалавы и родители которым похуй на все,1
"размер 32 (утепленые,осенние) 250руб",0
"бедный кот, у него ожирение 3-4 ст 🙈",0
"все это отговорки ук и популизм сити-прапорщика, т.к это ситуация чс и деньги на это должны быть в резерном фонде, дело в другом - найти ответственного подрядчика с гарантией на выполненные работы по устройству крыши, а они еще какой нибудь аукцион придумают и будут разыгрывать этот лот дней 30-ть...",0
ух ты- это оченнь возмущен долой компрадоров,0
передавать в кисловодск,0
разорвать ублюдка!,1
"вы на самом деле безграмотная. в предыдущем вашем комменте я насчитала 8 ошибок, и это те ошибки, которые бросаются в глаза. кроме этого , вы совсем не политолог. не понимаете ситуацию. а я не политинформатор, чтобы доносить вам элементарные вещи. вы обычная балаболка, которая не зная сути, пишет все, что взбредет в голову. повторяю : надо жить здесь, или по крайней мере обладать политическим чутьем. в вашем случае оба этих фактора отсутствуют. вы пишете прописные истины, не зная глубины вопроса. так о чем с вами общаться ?",0
ищу единственную нежную способную любящую разделить тяготы и пишения шаготы и гарантирую лишения,0
ото ещё уебок жидовский.,1
"вообще мусора ахуели!!!! понавесят звёзд, и думают бога за яйца поймали!!! черти!!!👎👎👎",1
"вы прямо как мой муж😀 он тоже никуда не хочет ездить - хочет сидеть на даче и все. в каждую поездку прямо со скандалом собираемся) я поэтому предпочитаю ездить без него, но иногда все-таки вытаскиваю. но каждый раз решаю, что это в последний раз - ну его с этими капризами! пусть сидит на своей даче как бирюк",0
"спасибо всем, кто поделился своим опытом приготовления повидла! обязательно воспользуюсь советами! всем счастья и здоровья!🌷 🌺 🌹",0
ои останемся без депутатов,0
"но все же надеемся ,что будет денежка",0
гундяева забыли,0
"золотые слова классика всем чинушам, а этот должен быть казнён. он ограбил весь народ великой державы!",0
вам всем крепкого здоровья и сил!,0
пиздюк . недолго тебе осталось ...рухнет ...рухнет система и тебя к ёбеням отправят ...сука продажная ...сколько лет здесь работаешь ..идиот...,1
это только эгоисты живут так,0
ебнутая птичичка,1
"сегодня 18:00 еду из волжского до палласовки,заберу и доставлю по адресу.есть места вп.89297876444",0
последней тарелки сверху;),0
"ну, если вам лет 15,то грамотность не играет роли.",0
"..а по-моему надо бить, иначе не дойдет..!",1
подскажите пожалуйста на каком растении доктор ботаники использовал хитрое удобрение?,0
куда пропали админы?,0
твоя страна хохляндия умный никогда и не была.,0
всех растрелять с двойным гражданством.они предатели родины= россии,1
",+, с какого ху...... растет зелёный?",1
отзовитесь хоть кто нибудь как всё происходило?,0
прикольная киска,0
фуфлыжник хуже пидораса.,1
ещё и за недоспелые. от куда люди цены берут?,0
"школа находится на улице рабочая, 21а",0
за такую преемственность надо расстреливать.,1
за шею к машине и по тоскать пидораса,1
при чем забор тазик как у людей так легко все получается просто малярная кисть ! ?,0
"ой, жарковато...",0
моя любимая актриса !!! просто супер !!!,0
ислам ты там крылова кошмарь а я яну если захват мой есть то не лезь там задефил,0
а подскажите пожалуйста кто знает что это за место?,0
самое время для философии!!!),0
вообщем жопа наступает,1
"фашисты, бесовские прихвостни. эти медики не имеют к человеку никакого отношения, полукровки рептилоидные.",1
"как могут быть приднестровские вод.уд. международного образца, если на карте мира нет такого государства. бред.",0
ремотиvатогs взметнулась после шансом жизнь едним из раскаленной красноты железный крест второй гражданской против ублюдочной звезды николай боголюбов,1
какое дерьмо,1
пиздюк мойша,1
андрюха член ему в ухо,1
в таком случае тебе к доктору нужно. ^o)﻿,0
мудак... превратил передачу не понятно во что...,1
а если рано встаёшь и поздно ложишься то тогда уже ебанутая птичка :-d﻿;-)﻿(fr)﻿(md)﻿,1
"завидую, пусть им всегда будет тепло и уютно.",0
блять эту суку ко мне в район суку связал бы и отдал своим алабаям чтоб рвали заживо пидараса я бы сам лично руки в 3 местах переломал мочить этих пидоров надо сразу и тварь ту что таких медиков васпитала😡😡😡😡,1
мне тоже интересно причем тут малина?,0
найти и за ноги повесить...,1
чувак понимает что и для чего он это делает в отличае нашего сказочно- маразматичного плешивца и пиздуна.... *) *) *) *) *) *) *) *),1
"чтоб рука отсохла у того, кто убил этого светлого человека....",1
животное соси ху о у педрастов,1
как же он будет жить с этим. вот уж воистину ублюдок. убить и не ответить но не забывай есть бог.,1
уроды их надо привезать,1
только..не красовки...что-то другое...,0
наш бенгальчик марся.,0
рожа с пидорастической улыбкой,1
а хрен зачем в помидоры.,0
как прошу на арыбалке человека просто пей водку,0
помолчи уёбок,1
"ублюдки недоношеные, один спящего мишку в берлоге убивает, другой в воде безпомощного медведя убивает. пидоры трусливые.",1
совсем совесть пропил! мерзота! как он дальше жить собирается?! или отмажут?!,1
хотел он петь. и песни пел. хотел он жить но не дожил.,0
очень красиво сосдаете нежный уголок моей души я в восторге,0
в магадане тоже есть морошка..всегда собирали..,0
"долбаебы, купились на западные деньги",1
"сколько путиноидного быдла породили российские телеканалы.гавно,текущее по течению и отдавшее будущее своего потомства за свой секс- символ - очко фюрера... это видно неворуженным глазом,читая посты этого гнояного образования на теле несчастной россии...",1
бля вы диградируете !! как бабы блять себя ведёте .,1
разные разности... пять штук.,0
совет старой бляди!,1
игорь николаев?,0
как раз мне очень грустно.,0
среди них не было твоих родствеников -евреев. да это были наши русские. не российкие тем более не израиля. это были те русские которых вышвырнули с их родины. как раз твои родственники евреи.,0
очень красиво и сама прелесть,0
"наверное, многие посещали и родных на кладбище.спасибо. если не прошли и мимо моих...а мы пирожками... помянули",0
"Супер, цвет очень яркий, ткань приятная, нитки не торчат. Хорошо тянутся. Отлично подошли на высокий рост. Теплые, можно носить при отрицательных температурах. Спасибо продавцу",0
"звоните, объявление по прозьбе",0
"тонкая ткань. пошив кошмар. впереди сборит, .короткие. еще и мега клеши ко всему!! в общем даже на дачу стыдно..)..",0
сожгу все,1
"а кто ты блять такой ,чтобы весь мир говорил на русском ..... и кто ты такой чтобы вручать автоматы детям ... как такие черти до власти добираются",1
"растрелять это было им за счастье!вот если публично,и мучтельную смерть для этих му....ков,и другим был бы урок.",1
а вот пока таких убивать не начнут все так и будет,1
вот сейчас живем в ужасе,0
"это хорошо, а в куртках почему?",0
"спасибо ,андрей!!вы правы на все100%.нас не замечают!!а уж по поводу тойханы вблизи захоронений,то это вообще кошунство!!!",0
"надо ему отрубить ногу и сделать фото , было и стало .",1
сша это страна пидоров,1
"хрень, для риса на гарнир варю 2 ст.риса и 3 ст. воды. а для молочной каши 1 мультистакан на 8 мультистаканов молочка.",0
как вы заебали протестуны ! идите в жопу! и туда же забейте свой кулак.,1
"а если жопа негритянки, то ночь наступила)",1
чмо бородатое! хранилище вшей и грязи!,1
тупиздень пиздаголовый,1
стрелять его надо без суда,1
"казнить ублюдка,зачем убивать,оставил детей сиротами!!!",1
это же азерзкая блядина какая там армянка,1
"ну так поймать его и отпиздить, делов то ёпта",1
"это не обсуждается, это диагноз......, я с вами согласна....",0
"такое видео лучше смотреть без звука, чем терпеть диссонанс. я такое сбрасываю.",0
в каком месте он царапанный?,0
"два идиота наберите на себя слишком много юля ты кто-иуда,да прям бы ты крым удержала,крым не мужик перед ним ноги не раздвинешь!",1
Доставка 2 недели Цвет соответствует Материал приятный Ещё заказала черный,0
мы ждём 👏👍,0
🙏🙏🙏 принимаю! благодарю,0
"испокон века было такое мнение,рабы,они же и лучшие надсмторщики рабов,а этим еще за это и бабки платят,и как видно еще и удовольствие от этого получают, да ,еще и зарплату вдвое подняли",0
"чтоб ты сдох, тварь, вместе со своими власовскими братьями.",1
это рай!,0
я бы сам тебе писечку потеребеник и не только письку,1
"если не хочешь быть слугой сатаны, беса то будь рабом божьим и стань смеренным, кротким, смиренномудр и хвали и почитай господа бога и творца нашего, достойное по делам своим приемлю, господи иисусе христе сыне божий помилуй мя грешную, аминь",0
наверное вкусняшка 🍝,0
ой☺невнимательность🤭,0
ты лучше пидар в очередь запишись после донского!!! ok.ru/profile/556042383203/pphotos/888716258915,1
я б ей засадил,1
кирдык уже у ворот.,0
"уборщики между прочим порой ооочень хорошие люди. плескать негатив и не думала - просто мои мысли. мое мнение. а вы - грамотная женщина, смотрю сплошной пазитив прете в массы:-d﻿:-d﻿:-d﻿",0
"еронко бойся, пиздабол редкий",1
"если б забродила то крышка вздулась бы,",0
истина!!! мама- это святое!!!,0
"супер, пусть будет у них любовь на долгии годы.",0
"всех недовольных расстрелять, кто останется в живых - штраф, и побольше",1
Качество ужасно. Ткань не такая какие фото ,0
"никто никогда не знает, сколько ему понедельников еще осталось, да и пидоров среди нас, пенсионеров, вряд ли найдешь- они все среди вас. и страну продали не мы, а такие, как вы- за фирменные шмотки и жратву.",1
"машенька,с днем рождения! будь, счастлива, удачлива, здорова, весела, и будь,пожалуйста, любимой, ты, всегда!",0
задохнутся пыль глотать херои атошники.бляди фашистские!ребятам-звездам донбасса наша память.,1
за одно место подвесить! и переломать пальцы! что бы знал мразь край и не падал!,1
хуй тебе на рило тварь,1
да бляд.й растрелять там без суда и следствия,1
"Товар не соответсвует фото продавца. Заказывала свитер, а пришёл кардиган абсолютно другого фасона. Деньги не вернули. ",0
скока стоят обычные сизые кешечники?,0
таких падонков надо расстреливать,1
"а не 14,4 а 9900 в основном и минус 50 % штрафов за все",0
я есть в 35 выкупе? не открывается..,0
какие они милые!),0
"белоруссию потерять не хочется,это правда! но луку уже кажется надо послать в пешее эротическое путешествие, просто охренел, дебил!",1
что за уё..ще. зараза с запада добралась до нас.,1
"хыххыхыхыхы я русский могу паспорт скинуть, а фамилию сменил, чтоб у тебя сучки подгорело пердачело как от 3 хуев смазанных перцем. а забыл, они уже у тебя в очке",1
"понятно! мы и сами то не очень шашлыки любим,просто курицу жарим на решётке,а шашлык из мяса по настроению...в этом году два раза мясной шашлык делали и рыбу коптили на день рождения матери!",0
газ ты просто путлеровский пидорас и все эти цаски насосаные у путлеровской продажной жопы и чем их больше тем чаще и изящней ты прихвостень ее лижешь .поздравляю тебя чмошнгый путлеровский мего лизажоп.,1
какой профиль и цена.,0
хохляцкий быдолоед.,1
пока доставки нет.все на уборочной,0
"прямо в точку. нормальных не видят, только бабки на уме",0
да это мы,0
волосы из носа выдирать😂😂😂,0
"у каждого человека есть своё мнение, с этим нужно считаться. но оскорблять, руководителей государства или человека, это показывает не воспитаность.мне очень жаль этих людей.",0
"аа вообще, прощать, какой смысл? накасячили обманули, иль в спину подло воткнули нож....биля, люди же не обезьяны!!! вывод??? пррааавильно!!!! осознанно это было сделано!!! ну и...прощал, раз, второй.....десятый бля!!!! толку то???? был в их глазах лиш ( печальный лох) пока блин совсем не сломали!!!! да подь они все....плюнули те в душу, платочком ее вытри тщательно....повернись и уйди!!! иии ни когда уже к ним не возвращайся, просто взял и стер их из своей жизни!!!! прощение порождает наглость лишь!!!",0
"эта херь сидит где нибуть в литве или польше,имеет домик на канарах,и врет всякую куйню про свою страну,это видео херь...",1
"это ценности, которыми они гордятся",0
вот дебил....выпустили опять ему неймется......людям голову морочит...,1
"мдя. какая хозяйка, такой и урожай.",0
и эта курва сидит вечно ихидна лыбица фу ненавижу этих мразей всех на одну веревку подвесить,1
не не не надо😱 ну тебя накуй 🤣🤣🤣 скидуй своим ебаришкам,1
русские которые хотят покозать что кроме русского у них ещё есть англиский!!! !!!!даааааааааааа!!!!!!!!!!!!!!!! правильно говорят старики!!!!кто ебёт у того хуй сладше!!!,1
долбоебов не было...,1
свинья .на сухой паек посадить суку .,1
гореть в аду таким ублюдкам!!!,1
"бедняга! так и не нашёл, кому очко облизать! уебище тупое. 👎👎👎",1
"дорогие организаторы , почему закрыто обсуждение новой поляны? объясните зачем нам она с тем же ресурсом что и на предыдущей она абсолютно неинтересна я надеюсь моё мнение прочитают",0
:o как неожиданно!,0
"это дебил пьяный, сука стрелять таких надо.и у нас в органах таких большинство, к сожалению.только дай немного власти, крышу сносит",1
"он же показывает , что в голове у него кроме дерьма ничего нет .",1
охуел обнулёныш,1
это т 16,0
растрелять его или осудит в россии ни хватило ума ни одному правителю потому что они наследники его придателя,1
"сволочи,надо этих тварей прицепить также и рты кляпом закрыть.😪",1
что она ебанутая......,1
с 9-19 только на выходных?,0
"присоединяюсь. талантливый педагог, творческий человек. сколько детей прошли через евгению викторовна, научились красиво танцевать, быть добрыми. желаю женечке здоровья, радости, удачи, творчества и огромного счастья. 🌹🌹🌹🎁🎂",0
походите вы в их бахмаках.а особенно.в путиных.,0
"мужественное, красивое лицо",0
"драл бы сутками , пока хер стоит !!!",1
"вы в фильме дубровский не поленитесь, снова посмотрите, там классные актеры и тут в главной роли это чмо , опозорил своим видом в фильме русского офицера- дворянина..кто дал ему эту роль???",1
"ищу компаньона на обнову, можно маленький уровень. главное отмечать по больше большие камни",0
хуйню не нисите,1
закрой свое хлебало ты такая же как шнур ебанутая,1
"а потом сука плачут что нет денег старикам на пенсии, хотя бы одному детскому дому или дому престарелых помог тварь!! 💯% откупиться, такому же геиде денег отвалит!!!:| :| :|",1
хозяина медведя нужно расстрелять!!!,1
растрелять их нахуй всех дебилов,1
"утро доброе! делюсь со всеми классным методом как убрать шишки на ногах, если они вас тоже беспокоят, рекомендую посмотреть этот метод на моей странице :-) всем хорошего выходного :-)",0
без коментов,0
тварь ебучая,1
хватит долбоёбов как горбатый с раечкой.,1
убивать на месте!!!,1
совсем очумел!!!,0
дебиленыш. видимо херовенько его учили.,1
"будут новый гимн петь: взвейтесь кострами, пламя покрышек, мы, бандерлоги – дети мартышек! наши девчата – работницы трассы, а депутаты – сплошь пидорасы. близится эра светлых годов, с нами бандера, к земле будь готов! сдохли в донбассе наши солдаты, у ополченцев их автоматы. крым мы просрали, луганщину тоже. будет и харьков просран, похоже. близится эра светлых годов, с нами бандера, к земле будь готов!",1
"вместо значка класс, должен рядом ещё стоять долбаёбы",1
такой д****** убить надо блять,1
"нравятся мне люди вот с таким юмором,молодец говорите,больше здоровья будет",0
что за долбаебы пишут такую хню!!!,1
ну да.....потерялся чет...😉,0
"гнать нахер таких депутатов!!! пусть тварь попробует прожить на такие зарплаты, как люди выживают",1
больные кто пишет и выкладывает гадости про россию и президента,0
"вы что бляди, совсем ахринели. да вы и без масок здохните. сума сойти, какой позор за русский народ. 8oi 👎",1
самый большой пиздобол в истории россии,1
"пидор тебе класс поставил, сипа. ты видела?",1
"а на хрена мэчэсу нож ,они даже палатки ставить не умеют...",0
ой спасибо дорогая!,0
классная пизда!,1
надейся на свою жопу ито пёрнит,1
надо как в саудовской аравии голову отрубить при честном народе ублюдку я убежден что он пьяный был сволочь ...,1
"опара, оправа, справа, справка, спор, спрятать, спрос, спринт, спорт, опушка, эпитет, эпизод и т. д., я спать... 😜",0
"тварь , не сиськи а два базарных пирожка",1
одна дура и второй долбаеб!!,1
"ну что за хрень,уже на дальнем востоке народ знает в какой жопе страна а вы все телевизор,соловей и прочие киселевы несущие лабуду. вы хоть в намордниках выйдите да гляньте как голуби выглядят. хабаровск наше все. народ есть власть и в сиське московской не нуждаются,тем более в смотрящих,разводящих. напомню стаду, мы потомки победителей",1
"горбатый пидарь!!! развалил такую страну, где наши деды и отцы ценой своей жизни отстояли ссср! а, этот петух с тремя словами гласность, перестройка и демократия взял и все, по бороде пустил, а сам теперь живет в германии и ещё пенсию ему в 760 тысяч рублей получает. хотя ему, эта пенсия на х... й и не надо когда он миллиарды уже тогда получил, когда развалил страну, от американских и европейских своих хозяев!!! короче к стенке его, за предательство!!!",1
"у меня фоток куча, и они по теме с велосипедом, но я не валю ленту 4 постами. можешь все фотографии в одном посте выставить. народ отключается от новостей когда такая каша вылезает на их страницах",0
подскажите пожалуйста размеры 1 и 2 фото и стоимость,0
россия много лет пользуется результатом производства этих тварей,1
вы понимаете друг друга отличный кадр! автор с юмором позитивный молодец! радуй дальше!!!!!,0
метлой гнать надо,0
йохду ужее,0
10т за всё,0
"нужна, добавтесь",0
лукашенко гнида продажная,1
слава богу нашли кошку она приняла котёнка кормит.,0
"пидорша, я буду белить фору, пока не перестанешь заниматься хуйней. виновата только ты, тварь ебаная.",1
"однозначно,лишить их родительских прав.а самих тварей под весить за одну ногу головой вниз.сколько они так провисят?!.вот же уроды! нет слов. зачем бог дает деток таким дебилам?!",1
хохлы сказочники пиздеть не мешки ворочить.,1
"девочки, доброе утро. напомните пожалуйста,как на 21 веке скидку поймать?",0
"росянка,акониты",0
почём берете,0
дальше придут европидоры и скажут что и принесут мешочек круасанов.,1
о.тургояк.самое загадочно красивое место.,0
зюга наверное применил запрещенный стиль конченого долбоеба,1
"а сука твоя мать, что такого гагдона родила как ты. иди на хуй баран в кепке",1
переехали????,0
"спортлото,думал ща цифры пойдут и хуйло усатое выскочит.",1
это правильно прекратить все выплаты ворам кремлёвским. а будут ваз бухать взять встать и отпиздить всю грёбаную власть.,1
минет любишь,1
"не нравится, не смотрите, это на любителей, проект для молодёжи, которая учится жизни.",0
"если ребенок учится в специальной школе с проживанием , это не автоматически означает, что родители его не любят и решили избавится от него !!!",0
"каракал да, но рысь тут хде???",0
выловить женшинку потреблядь и облить ей еблише кислотой,1
ему надо было их танками давить. так быстрее и проще . а всех импортных послов пинком под жопы под камеры тв.,1
"холуй у олигархов, а не президент.",1
хотя думаю этим пидарасам может понравиться:d,1
с днём рождения!!!!!!,0
"уроды, ещё называются спортсмены, садить таких надо!!!",1
мезальянс. хоть погреется ...,0
и ещё бы добавил. и каждому бы пидорасу по хлебалу,1
вот два нелюдя! сидят с довольными родами! на хлеб и воду надо их посадить! гады!,1
а тебе не надо совета. ты ж долбо ёб.,1
царствие небесное александру,0
ну и рожа хер троем обсеришь)),1
проститня ангарская тебя там всем аулом трахали?,1
интересно а кто фотал ведь он один в пустыне.пиздабол,1
продам ковёр 2*3 цена 8000т.обр.87758848204,0
а какой кирпич,0
расстреливать на центральной площади!,1
"спасибо, было много предложений вроде определились:-)﻿",0
боже мой кутенок плачет,0
"если он трахает ток ноги, то это канешн печально",1
"я и смотреть не, стал, на обложке куча незащещеной мусарни. стыдно епа мать.",1
в расход тебя кошка облезлая,1
а ты миленькая👍,0
"задолбали, пидор он и в африке пидор. позорище бедным родителям, ублюдок",1
"на фото за столом: на этом фото нижний ряд слева направо: аграфена фёдоровна козырева (пинегина), ее братья , кажется апполон, затем афанасий и его жена дарья. верхний ряд наталья зиновьевна мордвинова козырева, владимир афанасьевич пинегин, сын афанасия и нина зиновьевна козырева (в браке компаниец).",0
"к сожалению, сама в роли этого глупца оказалась дважды, и обманули родные люди...так что, дура непроходимая, оказывается...",1
"неуважаемое мною и, многими странами мира, кацапьё !!! более 6-ти лет назад ублюдок пу гнусно и цинично начал войну на донбассе. убито, ранено и покалечено десятки тысяч людей, с обеих сторон. не знаю, как реагируют россияне на беспредел со стороны плешивого пу, но будьте трезвомыслящими: украинцы (или укропы, как вы говорите) защищают свою территорию, своих граждан. вы же являетесь оккупантами и захватчиками (как это было в странах балтии, приднестровья, южной осетии, абхазии). включите мозги и никогда не лезьте своими грязными лапами в украину. не смог нас одолеть гитлер, не сможет этого сделать и путлер.",1
справедливое наказания для этих тварей продажных. в россии нужно принять закон смерти за коррупцию и хищения из бюджета!!!!что бы этих тварей жирных и продажных в кабинетах всех перестрелять вместе с этим ублюдком путиным!!!!,1
выпердыш что ты мелишь.донбасс тебя спросит?,1
"накажите этих сук, буду за вас молиться,",1
вы админы ебаные пидарасы сосите хуй у лукашенко гандоны вонючие совсем выиграть не даете только деньги тянете хуисосы ебучие что бы я еще хоть раз к вам зашел пока гандоны.,1
ангелочек!!! это точно!!!,0
пидорасты и козлы,1
"пидрило, цитату в студию! твоё очко уходит в пользу форума!",1
"так вот когда молодые люди получают права,посадите их на час за компьютер .пусть посмотрят видео где жести побольше .",0
чудовишно ! за такое необходимо расстрелять ! как же это страшно и бесчеловечно,1
ублюдина западенцы это не вся украина. сука шаболда.,1
ну отпусти животину нет сволочи издеваются ну как блять их земля носит,1
"правда жизни: у большинства жителей большинства сёл и деревень россии туалеты во дворе. это разве не феодализм?.. неужели вас это смешит?.. или что-то злит вас так, что вы меня уже и обморозили, и заморозили и обозвали обмороженным.",0
"Прислал сука брак !!! Я открыа спор продавец просил закрой спор а я тебе скидку на след покупку сделаю ! Итог : обещает но делает я пишу ему он говорит да ) , а сам нихера ) в это время так как спор закрыт ) ни денег не скидки и бракованная футболка )) пишу ему он говорит ::ну все уже проехали ) мудила короче а майка если бы без брака то норм !не рекомендую не продавца ни чего что с ним связано )",1
выдорсимолобшво бо раждезники медпок,0
еще одна тварь вонючая пасть свою открыло.,1
сартирный муд получит дырку от бублика а если белорусы вздумают играть то пожареют,1
Быстрая доставка. И вообще комплектик хороший. Советую,0
"тупые вопросы. конституция ссср действует, проект конституции рф, рф,граждан рф нет, все являются гражданами ссср на территории ссср/рсфср, в чем проблемы?",0
в марьянской такой трансформатор находится рядом с магнитом в центре.,0
что заскучвл?,0
"почему зюганов обращается к топилину, а не к путину??? как обычно, царь-батюшка не знает, что делают бояре!",0
это хуйло ваще ни чего не понимает!,1
оооое аl чб bl тема территория взрослых инет рога свои пилят бб ответить з класс дмитрий истомин пидар ты ебаный б ответить класс валерий рещиков пидар тута тока ты бв ответить класс надежда лесман хорошим манерам с детства учат я думаю они выросли в комментарий е,1
"русский--и этого достаточно ,чтобы вытереть сапоги об сальную морду хохлов😂 крым хотите? а хуйца не хотите?😂",1
да что ты доебалась до этих клумб? людям жрать нечего! по мусоркам лазают!,1
сергей радько ответил moses иди мразь лижи жопы черножопым! ты указатель?,1
космонавты мразь отстойная....,1
не трожь путина скотина,1
облизать бы😍,1
пристрелите её,1
"а что, все пидорасты такие эрудированные? или только тебе, когда в жопу ебали, эту книгу сунули.... 🤔",1
я бы тебя старую падлу давно придушил.,1
те по любасу же пох кто твою дочуру кукурузить будет :( а так пенсия в 200 манат 1 ая группа :d,1
пиздаболы суки продажные,1
упыри за бабло и маму родную продадите. а если этот губернатор выших родственников убил тогда что?,1
где сундук уважаемые админы ???,0
они просто пидоры а им платят за очко,1
"у кого что болит... пидор, что ли?",1
"кормите со шприца, я так уже 4 х вырастила брошенных, на стакан молока четверть сырого желтка + на кончике чайной ложки меда, разогреть до температуры еле тёплого и кормить со шприца пока сам не оторвется от него.",0
"2 кислоты удаляют ржавчину соляная и ортофосфорная. от соляной не отмоешся. обработал ортофосфорной , чтобы прошла фосфотация надо время и влажность.",0
"молодец! спасибо большое за доброе дело!счастья тебе,хороший человек!",0
у нас тимоша любит огурцы арбуз и конфеты шоколадные,0
"товар не такой как на фото у продавца.
  Гипюр намного тоньше, на фотографии другой. дома ходить можно.  сама ткань очень тонкая, приятная на ощупь",0
вот пидерасты чё творят надо всех пидерасты к ответу призвать,1
уёбище.,1
"идите на хуй, со своей вакциной, ебанутые!!!",1
"пидарасина! что тварь пишешь!?сука нервы сдают от таких тварей,как ты можешь ублюдков защищать?",1
"вы, умнички, лапушки, здоровья вам!",0
"у меня доча в 3 года 3 мес весит 11 кг, рост 90:) дюймовояка;)",0
"я так поняла, что их бомбят часто, они чинятся и ещё звезду дают, поэтому у некоторых больше, хотя уровень ниже",0
отрезать этой твари яйца!,1
ну и на хуй этот урод нужно пристрелить мразь и бросить гнить а сточную канаву,1
"вы,что,гандоны . совсем охуели!?? а,вам за урезать в 100 раз,как?",1
расстрел с конфискацией ближнего круга,1
надо давить майдан сразу в зародыше и всех кто за этим стоит.,1
пидорас губастый!!!,1
могу привезти если кому то приглянутся.,0
L на 46 р-р. Но рукава впритык. Можно подлиннее.,0
"мне жаль тебя, лайма, но люди жестоки и равнодушны!и нет никому дела до твоей жизни! кроме этой девочки! пусть бог ее услышит и поможет!",0
"конченая,где совесть.певица ха,ха,ха.",1
это маразевка конченая лысый черт,1
"как то лично я,не очень то и сомневался еще в 14,15г.,что если с укропией что то не выйдет и не заладится,примутся эти пидоры наглосаксонские и пиндостанские за бульбу(рб),что в общем то и происходит,пппц,лукумба-таракан,как ты мог предать всех и все???,и уже приполз на коленках к злому старшему брату рф и ввп как вопрос о троне встал,а как же твой (и) друзяшки типа пиндосов и в частности помпео,поганый предатель и двурушник???,как по мне послать бы тебя сраный предатель на х. ,но,я не занимаю такие должности,и геополитика и все такое уж точно как бы не по мне(есть и по умнее дяди).",1
"в очко вас всех, наших, ихних на баржи и расстрелять.",1
"что имеем не жалеем , потерявши плачем ........",0
что с котом？*),0
растрелять !!! как говорил сталин!!!,1
он из чернобыля его жрать нельзя,0
"какая дурость,как вы заколебали,с тупыми вопросами/",0
что блха-муха не нашлось мужика прихлопнуть эту суку.,1
"почему не открылся приз,иду на третьем месте,разберитесь пожалуйста",0
спрашивают какие и сколько щтук,0
"лето близится к концу, грусть совсем вам не к лицу: август — время для веселья. поздравляем с днем pожденья! жизнь пусть будет словно сказка: чтоб купались всегда в ласке, чтоб друзья не подводили, и чтоб близкие ценили!",0
на свою харю посмотри. ну как? не замечаешь ни чего? очень похожа хуй. значит что? охуевшая рожа.,1
случайностей не бывает.,0
раз фоткается около батареи значит хочет тепла!!!,0
молодцы соседи,0
вот как оказывается выглядит уебище)),1
пидарасы менты что наши что бульбаши,1
"когда мне было 30 лет. я свободно вот так запрыгивал на верстак который выше пояса мне был. :) не акробат, никакой нибудь прыгунчик. я просто дружил со спортом, - для себя. и подрабатывал в свободное время на выгрузке вагонов. :)",0
"весь мир видел,свидетелей тьма,а он блядь сервер дрючит,ну не надо из людей таких же дебилов делать каким сам является.",1
"уже и до наших кавминвод дотянулись федеральные руки. ! когда уже в покое нас оставят.?. аэропорт строили наши деды, отцы , мужья минераловодцы , а теперь он и минеральным водам не принадлежит. !!!!!. когда же этот беспредел закончится ????. и зачем нам этот велотерренкур , нам и без него хорошо.всё хотят к своим рукам прибрать, а они у них загребущие !!!!!. ни кого не трогаем мы и нас оставьте в покое !!!.",0
"продам дом в городе черемхово, рядом магазин метр, останки, колонка, магазины, земли 5 соток, домик не большой зал и спальня 28 квадратов, ворота из профлиста подходит под сертификат 350тысяч 89021707158",0
этого адвоката пора ресстрелять а тело отправить на родину в азербайджан что бы меньше сук было в россии,1
таких сейчас нет и наверное не будет печально фильмы бесвкусица,0
"норма, с и что здесь смешного?!, бля, дибилы",1
как это может нравится?,0
бам просто почто об от провто меня от,0
видно сразу пидарас ты выебаный в иsоvасинии,1
9 класс цены можно пожалуйста?,0
суета сует,0
"видимо у него такая история, какую он описал в своём комментарии. у кого , что болит.. конечно это дом для всех, да и скучно в нем без ребёнка 😊",0
мама в своё время получала 12 таких купюр и хватало практически на всё.,0
"было дело, через пять лет запросился в город, скучно стало, поехали, бляди пьянки и он сидит......",1
какая прелесть!(lo),0
вообще прих...ели!,0
так все и уйдут кто тебя кормить будет.,0
давайте его ближе подпустим и разом гавкнем.,1
"действительно дебил,нечего тут зазорного.нормальная фотка и сама бабка",1
"отказался от ваших услуг и другим не советую. мудафон один из охуевших операторов связи,цены космические,а качество услуг, хуета дешёвая.....",1
"всех тварей раскулачить и на 101 километр, а лучше расстрел!",1
"а вот и пришла порна все участникам нашей замечательной студии побросать все свои хлопоты,чтобы быть у нас вместе с олегом васиным,ведь таким образом вся масса наших участником ,будет у нас ,а не на разных манифестах,как то в хабаровске,все мы будем сконцентрированны здесь на отстаивание своих позиций,потому что митинги нам незачем,владимир владимирович путин недолжен иметь никаких бунтов в свой адресс,иначе зачем же мы оберегали ,лелеяли нашего несменного вождя.пожалуйста люди,все ,кто в студии передайте немедленно всем-всем всем,присоединяться к нам,и читать самые последние свежие новости от олега васина!",0
даже крыса на такое не способна )) там настоящий пидорас !,1
вас кинули... как лохов... но они обязуются все это выполнить к 2030 году...,1
"отрезать к чертям собачьим, по самую шею.",1
где он сейчас находится ?,0
очень даже странно ?,0
уничтожать весь свинарник.,1
"мало их пиздят паразитов, больше будут, уроды!",1
этих тварей вешать надо,1
"а сколько вам! лет! , что собираите ,,смайлик,, и классы . на большое ума не хватает, усколобый -- бые.",1
к стенке ссуку,1
а какой голос!!! сплошной восторг!!!!,0
козел в задницу надо ему засунуть этот кнут.вот бы он нарвался на братву хана сразу ему будит,1
"мы были в тамбовской обл у тетки. проведали, долг отдали😀 надеюсь поживет еще, хотелось бы еще увидеться",0
ребята земляки молодцы,0
вы попадали в аварию и все так рассудили грамотно? тут и от страховой зависит. я попадал в аварию. и в полной мере по осаго выплатили. и сейчас больше 200 тыс. выплачивают,0
теlе ги lте б зз б о чек операции по по он сбербанк онлайн перевод с карты на карту дата операции обов оо время операции мску з з номер документа ббо отправитель иг соld оо получатель п карты зб сумма операции зчбчо руб комиссия ооо руб авторизации звч код фио татьяна александровна к россии пао сбербанк операция выполнена чек сохранить или отправить,0
расстреливать фашистов,1
"не надо про советскую школу тут и зубные кабинеты 😊😊😊все так же было . причём тут время ? люди есть просто добросовестные и есть бездари . одни как раз пломбы ставят почти на 50 лет , а другие рассверливали зубы так , что через три дня по новой к ним приходилось идти , ставить эти самые пломбы . потом никакому уже ремонту такие зубы не подлежали ☺️☺️☺️☺️и так же с учителями . были и те про который вспоминаешь только с благодарностью . и наоборот некоторые бездари унижали и оскорбляли учеников и линейкой малышей били . так что дело в людях , а не во времени в котором жили тогда 👍",0
"но когда были санкции против него,на коленях только не стоял и сейчас знает ,что если пойдет не по его сценарию спасать шкуру пробежит,как и ющенко,в россию",0
соси хуй пидор опущенный,1
"бедняга,мне тебя жаль. только импотенты так истерично трясут своими мудями,как ты. сколько не тряси-бесполезно. лучше выпей валерьянки.все шаровары заляпал своим дерьмом.",1
я бы не отказалась .,0
не ребята... это для съёмки... фрикцио,0
мрази и только мрази,1
её бы утопить .гадину такую сук....,1
крепкого здоровья за её доброе сердце!,0
"наверное,не с кем было выпить.....)))",0
путинский жопорванец!!!!,1
"если буквально это значерие понимать,то это уже ни защита,а нападение.",0
здравствуйте. размещайте пожалуйста в одном или двух объявлениях вещи.,0
"Без ремня приходится постоянно подтягивать, в целом неплохие. До этого брала на размер меньше, маловаты были.",0
"Девочки , не советую! Говно! Брала по размерной чету продавца , и что вы думаете на 2 размера меньше прислали. Твари. Чертовы носки не положили. Уроды пиздоглазые, никогда не закажу у них. Алиэкспресс говно ",1
расстреливать таких мажоров,1
ему идет такой чупчик кучерявый...,0
ну продажная-душеька-предателями раньши называли,1
"да лучше расстрелять, разворовали государство!!",1
пидоры небось...;-);-);-),1
"получала посылку от германа владимировича. конечно, приятно что человек доверяет и отправляет без оплаты. но я так делать не буду. в прошлом году покупательница 14 дней не могла забрать посылку на почте. в этом году двое не выкупили свои заказы, хотя вносили предоплату.",0
"достойная это сколько , хватит за комуналку и лекарства заплатить ?",0
"дак как собирать в школу у меня учатся трое 2 ,5, 6.еще ребенку купить рабочие тетради да это будет выплата кто ранее не получал так что успакойтесь",0
грудинин- наш президент! в то время когда все колхозы и миллионеры совхозы развалиывались грудинин сумел удержать и преумножить свой совхоз он хозяйственник с умной головой вот кого нужно выдвигать президентом с болдьшим жизненным опытом и не надо его сравнивать с комбайнером горбачевым это небо и земля!,0
"чёрт ублюдок,убивать его не надо, надо его просто резать шкуру, на эти шланговые ленты ,и пусть мучается тварь, ребёнок ещё жизни не видел ,и эта тварь распорядился так как ему угодно мразь,он то пожил поскуда.",1
супер можно было трахнуть,1
супер идея!,0
"кто старший был с того и спрос куда смотрел в телефон играл, а как личный состав",0
"привет хуеплетка,твою маму поебывал вчера,ну она и ювелир (lo) :$",1
"будьте здоровы, счастливы и богаты !!!",0
"это не люди, твари , сволочи, чтоб их так привязать где нибудь в лесу и бросить сдыхать",1
"чмо минское , а не кажется тебе ,что убогость и нищебродство , а также полное овно относится именно к тебе или считаешь себя великим гением во всех вопросах политики и экономики , да утырок ? ты ,чучело лохматое и безграмотное писать учись , а не вякай про убогость. пень обоссаный с двумя знаками дефиса в предложении. позорник столичный.",1
до после доставка пог лисаковск бесплатно возбв вобчббб,0
"принт немного не пропечатан сзади на спине, в остальном всё хорошо",0
"мужик сказал, мужик соврал.",0
но на минск оч похожа.,0
хитрожопая и ссыкливая рожа,1
"подача звукового сигнала в населенных пунктах запрещена правилами дорожного движения. у водителя глаз сзади нет. разумеется, он обязан убедиться в безопасности маневра, но и пешеход должен позаботиться о своей безопасности! такое впечатление что в школе всех учат: видишь что машина сдает назад - беги за ней, а вдруг не успеешь пробежать🤦 не проще 10 секунд подождать пока машина завершит манёвр? товарищи пешеходы, вы слишком хорошего мнения о зеркалах заднего вида)) берегите себя😉",0
эту картинку позаимствовал я у доктора своего хорошего друга о о оо с,0
"мой заказ по приходу передайте, пожалуйста, оргу ольге у.",0
"а что хорошего,можно ждать от полиции и администрации,если это-сборище коррупционеров-приспособленцев. у них главное,в отчётах всё хорошо. полиция новотроицка-это бандитская структура. собрались там педики и проститутки. в администрации сидят,пустобрёхи и жополизы. буфетов знатный жополиз. для которого лизнуть и прогнутся,перед паслером и продажными силовиками,а на людей ему плевать.",1
"девочка , дорогие мои , я еще в юности прочитала , не помню автора ;не родился еще тот мужчина , который упустит подвернувщийся ему случай .потому и дожила до золотой свадьбы ,хотя муж -рыба еще та !!! а в общем , любящий муж и отец , прекрасный семьянин ! ну и конечно моя первая любовь !",0
"близок конец правлению лукошки. был батькой, а закончит негодядькой.",0
не надо утрировать..я в литейном три года работала и никто там всю смену в распираторе не ходил,0
ментовские войны 10 сезон.(dt),0
у меня и сеййчас есть срок пять лет назад купила и выбрасывать не собираюсь,0
полный бардак в стране,0
не хуя самка человека. ты же знаешь что ты суперская.,1
"кому она абосралась твоя вакцина, засунь себе её в жопу!",1
ура поздравляю 😊,0
"найти своего человека, испытывать взаимные чувства, друг к другу, это много. наверное это роскошь.",0
"жестокость - это черта характера убийц, насильников и маньяков!",0
"надо этой девочке дать прочитать как этот солдат стал героем,что бы наизусть выучила его подвиги,может тогда она поймет кому показала палец,а не поймет то отрубить ей палец,что бы не показывала больше не кому",1
жидовская мразь,1
браканьеры загнали,0
класс попка.в попку бы ей,1
нехуй по абоченам ездить пидр,1
инсулин же бесплатно выдают?,0
георгадзе мария никифоровна - замечательный педагог.,0
"мочить эту тварь надо, в сортире!!!!",1
это не мужик а какой то прыщь на ровном месте.ханорик.,1
классные часы,0
а за плакатиком кто стоит. да все те же продажные бандеровские хохлы. и мам ты бандеровский выпердыш.,1
"ты то в кого превратился??? все паяцы пошли в ход. все галкины пугалкины, шнуры, и вся пиздобратия рот открывает.",1
привет всем :-) а вы знали что именно вам полагается возврат ндс до 80000 рублей??! вся информация на моей странице в закрепленном посте 356,0
"не твари, а выродки. уроды моральные. трусы и негодяи!!!",1
валите пидорасов!!!,1
да он пидор мокрожопый,1
"ничего интересного. действительно, скучно.",0
сколько влезет в 5 трехлитровых банок.,0
опять пропидор тут,1
и никаких охранников не было...,0
ссыт ушлепок!,1
вот это описание !!!! (h) 🚣 🎵 💥,0
прямо пикасо!,0
"коктейль, однако.",0
"здорово, как все продумано.",0
не может быть !!!! --это поклеп на с ш а !!!! эта поскудная страна все и везде ворует !!! --не могут уворовать (сразу --как в этом случае ) --устраивают перевороты --и в крайнем случае --бомбят !!!!!!!,1
сначала выебать громадным хуярой в сраку!!!!! чтобы этот моральный урод на своей сраке прочувствовал всю боль ребёнка!!!!!!👹👹👹👹👹👹👹👹👹👹👹👹👹👹👹👹👹👹,1
путинские шлюхи маразматические,1
"интересно, что смогут родители купить первоклашке на эти копейки. видела цены на ранцы...охрендеть можно...на карандаш и ластик хватит. а понесет в пакетике за 5 р.? желаю их внукам и детям , хоть они и не виноваты, пойти в 1-й класс, с таким вот набором.",0
перевела 100р. за долги . с карты 5734,0
а остальные ваши батюшки другие?😂,0
"ещё и кормить эту мразь 25 лет?!для таких - только вышка. подобное - подобному. что совершил, то и получи!",1
разстрелять,1
дак это же пидерасты в масках,1
про пизденыша забыли.,1
всё. порно фотки не кидаешь. больше. и твоя семью не покажешь. гандон,1
не верю ему,0
"илюша, не забывай, размазать могут и того, кто такую хирню пишет. скоро, скоро, ты будеш другие песни петь.",0
умничка бабулечка!❤побольше бы таких:),0
"оскорбление президента ,это оскорбление страны и всего народа этой страны в целом ,а значит эта тварь оскорбляет лично каждого из нас россиян так же и меня . думаю что нужно заняться в плотную этой мразью определённым структурам ,что бы не было даже мысли у остальных даже пикнуть в сторону нашего президента !!!",1
"смесь сидератов в сочетании злаковых и бобовых великолепно работает в почве. у данных групп сидератов разные функции. бобовые аккумулируют азот из атмосферы, защищают от нематод, переводят фосфор в усвояемые для растений формы. в свою очередь злаковые способствуют усвоение азота из почвы, защищают от минерализации и вымывания питательных веществ в подпочву, накапливают органические вещества. высевать данную смесь мы рекомендуем сразу после уборки основных культур.",0
шестой месяц на сторание вот я ей вдул!,1
это очень чудесный цветок и чем же вы его подкормили удачи вам крепкого здоровья успехов,0
"пластинками нарезать, солью со специями посыпать, в тесте из яйца и муки обвалять и обжарить. выложить и на горячие чуть сыра тертого. вкуснее и нежнее кабачков.",0
"Футболка и правда хорошего качества, размер подошёл, на свой 40-42 взяла s, села как надо. Дошла за 3 недели.",0
если боитесь зачем тогда ехать.,0
сыночек мой наконец-то думал про отцу да,0
это вообще что? какой нормальный человек это оденет? ну если только это одежда для нашего правительства......,0
пидор кучерявый,1
"терри, я конечно все понимаю, что за хуйня блядь, я что сплю с хостом вне заказов или что? с какого, прости меня, хуя он не может быть моим братом?! че за дибилизм. ни в одном, блядь, заведении это не запрещено, так нет, у вас в каине стал дур дом твариться. мало того, что марк и кагура ушли, благодаря которым у вас были идеальные показатели, так теперь ещё и эта хуйня.",1
поминяюсь банками 10 трëх литровый под закрутил на 10 поллитровых вентовых,0
кто ещё не верит в реанкорнаци?,0
да боевой симпятага,0
бей бездельников и пидарасов,1
"Сами по себе колготки нормальные, но... На фото продавца явно другие колготки! Эти немного (совсем немного) просвечивают, имеют небольшой блеск и у них совсем нет флиса, как на фото у продавца.  Изнаночная сторона приятная, похожа на хлопок, но не флис. Плюс к этому две полосы на задней части немного тянут и создают небольшой дискомфорт.
В общем, качество у колготок нормальное, за исключением того, что представлены колготки другого типа.",0
"ему бы ещё пиздеть. сам такую страну развалил, а теперь сидит и вякает. урод.",1
"сразу видно,что кровь в пробирке никогда не видели,ну не бывает она зелёной",0
найти этого пидора!!! да на кол посадить!!!,1
♥ класс...))),0
свинья поганная. (харам),1
мразь ребёнка на письку променяла тварь,1
сколько ещё уродов и некому ему мозги поправить,1
"мододцы , так держать.",0
великолепно продалжай в том же духе,0
"мальчики,я тоже своя.",0
заткнись рыжая немытая пизда.,1
"очень талантливо,мило,прекрасно !!!!",0
Шикарно.,0
прошу прощения-г/ф можете продать.....,0
очень тонкая синтетика. Рукав сшит неровно. Изнутри небольшой начес. Хлопка там нет ни грамма. Сплошной синтетический материал. В рукавах маловат. Разочарована.,0
"если их сажать то это только дополнительные расходы. корми и охраняй. расстрелять и всех делов. и главное дешево, сколько там пуля стоит? копейки.",1
сравнили жопу с пальцем.,1
"ну конечно,постоянно пыль на подоконниках и воняет также,возле администрации као.",0
саморезом не когда не получается,0
таких вообще расстреливать надо.,1
админы блин..ну не козлы ли вы..я по заданию два часа сидела выжидала 1000 прокрутов...получила 2 супер сундука и в одном из них ваши блядские супер колеса..вы уже достали всех если честно этими колесами...не могли бы вы их засунуть себе в зад и плашмя...с неуважением к вам козлам девочка маша,1
гитлера убили!и их убьют!,1
смешно как старушка богу молиться а почему не показать как в церкви прихожане батюшке в ноги поклоны отбивают,0
"пора убирать мерзавца, такого непорядочного чмошника нельзя называть президентом!",1
"всякую хуйню пишите. монголы нам больше всех помогли в вов. а вы твари забыли. точнее сказать и не знали нихуя. а обращать внимание на такие пидорские посты, как селедки видетесь!",1
"когда новое принятое решение кого-то из гламурных подонков ни устраивает они принимают все меры к тому чтобы об гадить и в ядросовской среде заблокировать принятие нормального людского решения вот такая у нас управляемость в ядросовской россии, а народ для них отложен место.",1
"уебки убил бы таких.... это что за нелюди, их бы за яйца подвесить.....",1
"нам сказали мальчишки во дворе, собачат нет, это один мой, а второй пашкин! не отдадим! так что воспитывайте !",0
"урод в жопе ноги, падаль",1
"тварь тупая ,советско- чувашская ,ты на даты выдачи талонов хоть смотрела своими азиатскими узкими глазами? 1983 год это горбач?",1
сидеть тебе идиот!!!,1
был и не один.,0
сколько вам нужно? можем собрать ведро. около 8 кг. за кг 40 руб.,0
вы совсем отбитая на голову? какой нахер правильный путь? трупами пол страны завалили с такой стратегией. милиция даже в квартиры не заходит при вызове. врачи осматривают пациентов стоя за 3 метра от тела. паранойя! блять.,1
молодцы так держать! 👏👏👏👏,0
ебать я ору лоооохи наивные,1
"какое на хрен перемирие может быть с фашистами бля, мочить надо до последней фашистской мрази.",1
"Крутая пижамка! Размер м как наш xs, на миниатюрных девушек. Очень мягкая и приятная, цвет глубокий. Дошло за две недели",0
ты просто чертила ебучая,1
пидоры ебаные!,1
"хватит писать чушь. ты был у штаба вмсу, тогда не пизди о каких жертвах ты говоришь. все кто там был все знали что мы без оружия, только ты поросенок думал хрен знает о чем. теперь тут опусы пишешь идиот",1
шикарные 🌹🌹🌹,0
мразь она везде мразь. где бы она не жила и как бы высоко не сидела. это я про рыжую тварь.,1
"шедевр, молодец. здоровья и благословений.",0
"благодарю, нажарила, и правда, гасила содой прям перед жаркой, стали совсем воздушные внутри!!!!",0
вод сколько рыбы было,0
папа римский призвал христиан прощения просить у геев простите нас пидоры,1
стрелять их надо а не сажать .,1
"сраный патриот. как бабло закончилось, так и заныл. это называется просрать карьеру и всё остальное. так ему и надо!",1
то что надо я бы ебал бы чеса 4,1
таким пидарасам как ефремов туда и дорога,1
"начали со зрения, закончили похудением...задолбали!!!",0
а где близнецы?,0
а то. все в точку.,0
пидрила и в мавзолей залез!😀😀😀,1
"девули, подскажите в жуковском или раменском есть недорогие аниматоры детям с выездом надо? сколько смотрю, все москва",0
"шапка,сука,на ребенка 4 лет, что за отзывы дурацкие пишут,на голову 55см еще и велика???? На мою,сука,56 см не налезла.....Как так спрашивается???",1
здравствуйте мой заказ в билайн передайте,0
"...сразу не надо..надо с чувством, толком,расстановкой..",0
"заебётесь мрази пыль глотать чмошники позорные, хуй вам пидоры а не крым,, паскуды!!!",1
"мне смешно это даже читатьа куда этот умник собирается девать нашу молочку?-трактора?автобусы и т.д я смотрю у не чердак поехал полностью -это жкак надо боятся потерять свой трон-ну конечно 26 лет всё сидит и до сих пор все мы получаем по 500 долларов ,а тут он ещё сказал увеличит вдвое ну прямо клоун -лично я против всех,потомучто те вообще не подарки",0
"Это катастрофа... Заказ был отправлен в последний день, так ещё и продавец отвечает только через несколько дней. Само платье сидит как мешок, в плечах тянет, на груди расходится. Что с ним можно сделать, понятия не имею...",0
их ебашить надо уроды ебаные,1
у нас как раз и попадает под этот закон пвв и его окружающие они этих годов рождения,0
"одно место это очень мало, для меня одной надо минимум два когда полянка будет",0
"александр ! петухов трогать руками,ногами нельзя ! валенком сапогом перетянуть в порядке вещей а руками и ногами нельзя !",0
плять а кто это сгинь падла ааиsепаllаа оео,1
милый! и даже очень!💋💋💋,0
только к стенке ставить тогда нибудет коррупции,1
скоро вешать их начнём на столбах,1
пидарасы эти судьи,1
а как в ванну воду набирать? через раковину? а где душ?,0
вот ебланы.,1
"надоест дрочить ,сообщи громогласно,что бы мы знали.а то куй тебя поймёшь ,чего у тебя там",1
это не идиот это мразь конченная .надрать ему жопу что бы боль не проходила. мудень8oi,1
а вам что по почте не пришло,0
передние стеклоподъёмники реечные?,0
щас лайков на хуярю на стоимость литра и че он бесплатный будет :-d :-d :-d :-d :-d дебилы,1
и ничего не ради лайков! просто поделились своей радостью! фото отличное! а лайки ведь можно и не ставить! люди злые...,0
купляйте молдавское -гущан вынужден будет опустить цены,0
👍👍👍 да очень вкусно.,0
"моя, никому не отдам....",0
",,wheels звучит в м/ф ,,ну, погоди!, почему-то думала, что она наша. отличное инструментальное звучание, выразительно и чисто. отличные вещи, чем-то немного напоминают пресли, всё понравилось, люблю лирику тех лет. спасибо, сергей, за хорошее настроение!",0
сам ты пидарас чабан хренов,1
видать в попку заехал!,1
"смотрю в глаза и вижу что.врет,такое желание как уебать со всей дури.",1
"только расстрел,а лучше верёвку на шею......",1
господи сколько можно врать! продажные свиньи,1
🐷🐷🐷🐷кремлевский твари.,1
"ой ладно вспоминаю как гали приезжали с виталиками... этот тюлень отдыхает. тащили с собою пол тонны сала, три мешка картохи на неделю... еще умудрялись на хозяйском газу закатки делать на зиму, пи здец какой то, одни даже с собою козу привезли, я ваще был в ахуе. селюки, они и в африке селюки.",1
ваш это шевченко тоже путински провокатор он не балейт за азербайджан ему вопше пливат на азербайджан он чейта слов гаварит если мы сами азербайджанцы не будем вояават не будем добиваться за сваю землю хрен что мы получим это землю мы даже сможем без трука карабах если эта захочет наш ильхам алиев если он не захочет этого мы хуй чейта помощи чтота получим,1
сытый голодному не товарищ. у нее скоро харя треснет,0
"сидаков , чемпион мира и европы!! красивая пара , счастья вам !!!👍🌹🌹🌹",0
"ну, если больше нечем напугать короновирус...",0
"адвокат конечно придумал хорошую отмазку. ефремов не помнит. господину адвокату нужно задумываться о своей семье. бумеранг настигает быстро, даже пикнуть не успеет. с богом спорить нельзя а тем более зная правду, так нагло врать.",0
судью на кол посадить!,1
вас не возможно забыть!!!:),0
"что за люди пошли, кругом жестокость, зачем их убивать, наказать и жестко, чтоб другим не повадно было",1
молодцы парни!!!,0
товар пришел относительно быстро. разочаровала ткань. ожидала гладкую.  село в облику. если бы была больше грудь то было бы туго. ткань не просвечивант-этт плюс. на лето пойдет.,0
это не промышленность виновата....а хозяин этой телеги мудак и долбойоб ....такому хоть что подай...так он либо сломает либо потеряет,1
89146390587 7р шт кирпич б/у вчера привезли с черемховского р-на,0
"сидит,ждет когда прилетит.",0
"на опыты этого или на кол, что б наверняка !!!",1
знаешь сколько людей в этой группе хотят убить или желают смерти к примеру п¥?,1
"про народ и депутатов, которые людей обворовывают.... не суй ебало в чужую тарелку... :d :d :d :d :d ;)",1
а что не когда не трахали так?,1
"тот, у кого поднялась рука выбросить их меньший зверь, чем ты. у кого то просто не поднялась рука убить их тогда, когда по твоему выражению было возможно. ты ко всем живым так относишься? сейчас у них есть шанс выжить. и ведь они выживут. а вот ты этого шанса им не оставила бы изначально. ты про карму чё нибудь слышала? убогий ты человек. даже не пытайся со мной в полемику вступать. игнор нахер",1
вот так мужик и не заметит как его ахамутали)))),0
пидоры!!!!!,1
идиот в погонах только опозорился,1
"в личные сообщения, как вас найти?",0
твой ельцын алкаш гребанный всю страну развалил гореть ему в аду пидору,1
привет у меня тоже счас дождь кончиться сфоткаю приветик,0
куйня опущеная.,1
однако раскопки готовят...😄,0
"а шоб они у вас поотсыхали, ваши то грабельки! дебилы конченые! тьфу!",1
"поставили знак, больше, чем сама камера!",0
эта колода мразевидная ещё пасть свою открывает! можно подумать она работница не в себе! один фарс да дерьмо внутри!,1
"казнить! нах они нужны, кормить их!",1
тебя падаль не мать родила а пидор на кочке высрал,1
лажись спать:утро вечера мудренее,0
"что могут показать нынешние кандидаты ? что они смогли сделать для народа до выборов ! я готов проголосовать за председателя колхоза , где все люди ( из этого колхоза ) живут в хороших домах , получают хорошую зарплату ! вот это показатель , а то вылезть из-за угла и сказать , что я вам всё дам - смешно ( даже про честные выборы через полгода ) . а то выпускать политзаключенных и по экономическим делам - смешно !!!",0
о боже !как мило,0
"о боже.😱правельно говарят энло коронавирус создала ,вот один из них.😄",0
"пидар. что бы у него руки отсохли, мразь",1
"разве можно в наше время найти такую спину, сейчас все мужики стараются спрятаться за твою спину!",0
за мешок картошки блядина продались путенской воровской,1
купите ей массажер)) отправьте бандролью пусть старая дрочит на фото нарка)) какаят она злющая как собака),1
небеса верните сына.:( :( :( :( :( :( :( :( :( :( :(,0
Отличное качество и быстрая доставка. Шарф очень большой и теплый. ,0
"удачной, спокойной работы!",0
"ошибка коммунистов, в том что запрещали людям иметь оружие. хер какие бы ельцины и горбатые дернулись. долбоебы одним словом.",1
"согласна с вами 1. всё таки совершеннолетие.2. буть то девочка,девушка,женщина этот подарок понравится всем, да и память 😊",0
приготовим обезательно,0
тебя лично пидорас,1
"вы сами черните свою веру,а посмотрите как вы их называете чурками,они горой за свою религию,стыд и позор вам",0
"понятно что она будет для покатушек грязевых,или какого специнтереса,а попробуй на этой ниве проедь км 300-великое счастье)",0
значит это не жена а блядь,1
здоровья вам дорогие бабулечки!!!,0
вдулбы промеж сисек,1
"приветик. лежу в постели. уже неделю болит голова, а сегодня вообще хреново, наверно вечером в клинику в нртауфнамы пойду.",0
я вам написала в личку,0
"наверное прогулял очень много ,а теперь молодцом всеравно хочеться быть",0
"на кол сучар начальников.это им такое сделать надо,служакам народа.паскуды.гнать их в шэю,бальесов.8oi 8oi 8oi",1
"всех расстрелять , с полной конфискацией и выселить на необитаемый остров без возможности возврата. вот тогда и узнают как прожить по минимуму.",1
"здравствуйте,а в сочи за 18 куда именно?",0
"евреи всегда были хитровыебаными, вот и сейчас у власти жидовское отродье.",1
"твари, ублюдки -расстрелять.",1
нфвый дшч всегда нужно начинать с чго нибудь доброго доброй улыбки обрых из bислей gобрbих добрых слов догроlо уиура,0
"а,ты,готов вылизывать зад этой позорной власти?!!!! вперёд,ищи единомышленников в другом месте!!!",1
"✅зачем-кощунствовать(пузом), лучше совсем ничего не пишите...👎😳🤔",0
наша дорогая библиотека! 😊,0
"смешон дебил, звук отключен, и он корчит рожицы,а ведь кгб рулит,а его писк мало кто слышит",1
он думал что машина не давит поделом дебилу,1
на кол издателей учебников.,1
татьяна я с тобой с удовольствием поменяюсь) паша,0
классный актер и роли в его исполнении были хорошие!,0
здравствуйте за что отдаёте,0
"уроды, вам бы только деньги",1
почему придурки? их так воспитало государство.,0
красава!!! длинно носая засранка. противно на эту мразь смотреть......,1
пидорас ему руки отрубить надо под самое не хочу,1
а я тебя пиздить,1
чево блять нагsснаlгал глоо,1
"жополиз, людей жалко.его ждет участь украины.",1
ты сабморднив падпа потеряло,1
хуюстян ёбанный,1
"сосать, это по твоей части питор",1
"вот все проститутки в единой россии собрались. их как в том анекдоте,господь всех блядей на один корабль собирал,а потом разом всех потопил. вот и этих,так же.",1
не пришли и не надо меньше хлопот и суеты отдыхай бабуля,0
эта уменя уже есть.😀,0
"тупейший лозунг! повторяйте его, а ваших дочек и жен будут трахать эмигранты в подворотне и вы будете бояться вечером выйти из дома. самое время тевтонцам вспомнить молодость и историю и отфуячить всех тех, кто мешает жить.(sc)",1
"да, наташа любимая. в кого с мозгами порядок и руки выросли с правильного места тогда и сейчас живут нормально!!!",0
не скудеет добротою русская душа!!!,0
твари поубивать вас суки,1
"алё, комочек...для этого случая есть слово привидения...учите матчасть...",0
доставка в Москву 23 дня. на ОГ 86см - хорошо.,0
"вам что путин, дорогу перешёл? работать бляди, развивать экономику.. совсем уже у нас народ прихуел. живётся ему хуево.. я припарковаться не могу, машин блядь, как грязи, и каждая в среднем, за лям... и это называется, мы хреново живём??.",1
"спасатель? просто петух чванливый, взял наших пацанов в заложники и торгуется. позор! как бы сам в щи не попал.",1
чудесный дом !,0
"а что у нас совершеннолетие наступает в шестнадцать лет? семнадцатилетние в этом году идут в одиннадцатый класс, они ещё не совершеннолетие......",0
выблядки!,1
и дай тебе бог здоровья,0
"наш маркиз ест огурцы, но ему нужно сорвать с грядки и дать. если не обратить на него внимание и не дать ему огурец, будет бегать вдоль гряды и и тошно орать и цепляться за ноги. удивительные животные и невозможно их не любить! ерусланова",0
"на кол этого посадить, пускай кукарекает!",1
на кол этих ублюдков сажать вместе с их создателями,1
помогите найти репетитора по английскому языку телефон 89235188086,0
я х б фейк внимание объявление нашли палку с с докумен тами на имя в кирилловой дарьи геннадьевны о гр диппом пинкодом раскидайте по паспорт карта с своим групп пам кого какие может найдется девочка наверное в истерике воз вита класс девочка потеряла папку с документами в вб иj к о,0
"доставили быстро до квартиры, качество",0
иди броди.иди сам дрочи.а нам мужикам лучше это мясо драть.,1
"а ты , похоже, из той кагорты, кого ебут регулярно и ещё за это платят😂😂😂",1
вещи на взрослых или на детей,0
"что уже совсем с катушек слетел? он, видишь ли приказывает(!) чтобы к нему(!) прибыли(!) два генпрокурора, двух неподчиненных ему стран(!)! куда мир катится? не слишком ли он себя возомнил? и кем? он, что уже вершитель судеб человеческих? а повоевать он с россией ещё не решил? может ещё и ультиматум путину пришлёт? россия и путин! очнитесь! и отверните этому бройлеру головёшку его к чертям! хватит ему спекулировать братским народом, и доить россию! если они сами не могут с ним разобраться, то пора помочь, если они, конечно хотят сбросить ярмо сумасшедшего луки.",1
"(md) ты дебил!я тебя без подьебок спросил,а у тебя одна извилина в бошке,пираты.можешь мне не отвечать.я даже извеняюсь что у тебя спросил.",1
"Классные штаны! Завязывала для езды на велосипеде. На свой 46-48 заказала XL, сели отлично. Подойдут на высоких девушек, штанины достаточно длинные. ",0
"нашли с кем сравнить. энштейн ничего не открыл .теория относительности украл у пуанкоре и лоренса. закон фотоэфкекта украл у яблочкова. и получил нобелевку , ворюга.",1
"рому я хорошо помню, парень был отличный, пусть земля будет пухом, родственникам мои соболезнования.",0
"не брехун написано,а грубо говоря пиздабол",1
"воры те , у кого не законные накопления на счетах - которые будут изымать по новому закону в россии . и те кто прихватил чужие земли с имущественным наследством от ссср !!!",0
в чем суть работы?,0
такого просто не могло быть при чем здесь деньги если у тебя есть талон это ты наверное жил в другом государстве,0
умничка какой!,0
"отчего ясный и счастливый мир, как первый снег растаял. отчего так легко расстались мы в канун долгожданной весны.",0
такие длиннющие!!жалко как то),0
128 улица строителей...,0
мы не сможем приехать отдайте,0
хотел бы сказать ебанутое начальство,1
"соседство няшка приглашает добрых и отзывчивых соседей,играем в ярмарке,кто просит помощь помогаем",0
"пидарас который это сделал,иди маме своей в голову стрельни,что ебаната такого родила.мразь ссаная,только и можешь на беззащитных из пневматики стрелять?",1
"им на людей наплевать, на их трудности, проблемы, куда не обратишься одни отписки, так что ничего не захочешь и начнёшь как можешь сам решать, конечно редко, что получается, а вы просите помочь дереву.",0
пальцы веером в одно место бы ему его пальцы засунуть,1
где рецепт не посмотреть,0
отсоси свой хуй придурок. ты нелюдь и тиран белоруссии. я не хотел счас писать но теперь напишу что это дерьмо только может кормить народ обещаниями а сам недоношенный обагащается за счет материнских слез и народа крови. он чмо и нет ему прощения. а теперь самое главное. анекдот про этого недоноска. встретились- мархель путин инаш козел-лукаш. ну обсудили кое-что а потом это дело отметили ну и лукаш предложил им заняться любовью в троем. все согласились. лукаш с переди путин сзади ну и понеслось. путин как мужик спокоен а лукаш весь в поту. ну говорит путину- давай володя поменяемся. а путин и говорит- давай какая разница кого из вас мне трахать. не я это сказал- вчера на митинге это услышал. а если подумать то это действительно так. сразу его обсирает а когда чует что жопа горит падает перед ним на колени и просит о помощи. так скажите не урод это стоит у власти больше 25-ти лет,1
гореть им в аду.,1
много лет ставят,0
кабачки или тыква можно картршку,0
"господи, мы - люди, самые жутких существа на земле...",0
грохнуть его скоро.,1
я случайно,0
чуть не задовил.,0
"цветов как полная жизнь,здоровья, и быть любимым 🥰",0
"с виду, темпераментное жывотное. хотя и мерзкое",1
"продам участок 492, недорого. тел. 8 987 357 32 34.",0
так они все дибилы диплом это фуфло как диплом так дурак,1
это просто ужас... так общаться...,0
"ворьë всё не нажрëтся! гд, сов. фед. , ввп, мос.обл.дума., им мало они голодают. сибирь якутия итд горят леса, а мчс в ливане, португалии.... заебись!? алтай горит всё по хую!!! байкалу пиздец! насрать! твари бляди за 20 лет ни хуя не построили всё распиздили всем помогли долги простили (в свою же пользу) а народ в россии в полном говне!!!",1
"о , как путин зацепил пидаросню !!! идёт вторая отечественная война !!! и враг хитёр и коварен !!! вот какие комиссары у госдепа !!!",1
вот например в курган отправить можно...там насколько я знаю ....есть приюты...,0
"добрый день , ниночка. не поняла - это о ком ?",0
так не куй скакать было пиздабол сука,1
оо пердушка старая на работу выползла- на чуча банан тебе🍌,1
бред какой-то написал. вполне естественные запросы. а что нужно выбирать по принципу - не ссыться и ладно?,0
да их стрелять надо,1
блядей там считаешь?)))🤣🤣🤣,1
да ....мухлис и нодир их уже тоже нету пусть земля им будет пухом,0
щас я выебу вас,1
ты головатчук бандеровка тупая не добитая сука. это ты наверно кастрюлю в киеве на башку одевала,1
"а пушкин в курсе,что он написал эти стихи?",0
да пошли нахуй со своими фантиками !!! денег своих хватает !!! ((( долбоебы ))),1
"вы, что?! этоже целый депупат! как сказала бы моя бабушка- ебанько из сказки морозко-!",1
в точку ...все верно !!!!,0
Продавец - мошенник! Вместо кофточки отправил какой то брелок! Первый раз с таким столкнулась на этом сайте.  Нельзя у него ничего заказывать!,0
это пидор,1
золотые ручки у вашего мужа молодец шикарно респект и уважуха,0
"бедняга! :( очень надеюсь, что он поправится!!!🙏🙏 ирина, перевела вам деньги в помощь.",0
яйца бы мужику отрезать и уйти.,1
"учите граждан туристов что бы не грабили отели после отдыха ,это наказание ,",0
щяс если бой будет мага его не поймёт,0
класссссс!,0
на осиновый кол надо сажать этих педорастов. надо уничтожать этот сатанизм на корню в стране. нет у них здесь никаких прав. хотят иметь право - пускай катятся в гейевропу и маршируют там с неофашистами в обнимку. если последние не навешают им звездюлей.,1
спонсор их ебет подряд всех ....одни пидори..,1
:d :d :d :d она с ним спит. у неё тоже квадратных:d :d,0
"...нам такой президент не нужен...он не живет чаяниями людей...оказался обыкновенным проходимцем после алкаша...такой мог ,думаю,многое сделать,чтоб сменить ебн,не зря люди говорят...",1
кунига 3000 и 3разовый питание берсангиз узим коримон,0
пидоры они все....,1
так долго тянутся минутb так быстро пролетает жизн уте п,0
к сожалению нет!,0
"а все по-тому, что у них душа еще осталась!",0
"ну всё что можно прокрутил в голове пытаясь найти хоть какое мало мальское оправдание прибывания у власти этих слащавых засранцев,но ничего кроме простого народного слова,как мрази подобрать не смог,увы!!!",1
конченые твари....,1
быстрее это клумбы для цветов .............,0
нечего им магадан поганить ублюдками,1
"букмекерская компания лион , что не ясно",0
"мне интересно, а какой долбоёб всё это снимал??? мне кажется что это видео залупа коня будённого, постанова !!! ну чисто наебалово!!!",1
дай бог тебе силы выздороветь и жить полноценной счастливой жизнью,0
"гнида пиариться, сама честность бля",1
"молодец кадыров,если это правда,соответствующая действительности.",0
пиздаболы наебывают народ,1
"вапрос просто так некто несадит но поездил цихоновский по раенам беларуси и что она все там вастановилась нет поднялась зарплата нет,а на словах можно сделать всё .а вот чтобы что то изменилось нада что то делать а не языкам молоть.вастановите заводы фабрики и сельское хозяйство.а потом на трибунах языком малите ,а васновном дайте народу дастойную зарплату",0
"чего его не пристрелит ни кто.деда хасана и мишку япончика убрали,а это чмо еще воздух портит.",1
"мне бы денег в кошелёк. да на черно море. я бы девушек завлек, да. с работой в ссоре. —------—------- еду в поезде один",0
клоун пупс тупорылый иди уточку свою покорми даст бог не долго тебе осталось тупому пупсу,1
"мразь, таких шакалов надо расстреливать сразу",1
"блядь,чё вы ровняете всю хрень с украиной.там долбаные националисты,а мы белорусы заебались за 26 лет слушать пиздешь кругом.че то я не наблюдаю повального нашествия иностранцев на пмж в беларуси.так что харэ умничать и не лезте со своими дебильными советами.сами разберемся чё для нас лучше",1
яб тебя ебалбы и плакал,1
"ты ебанько тупое работаешь на госдеп мразь, ещё мудак и в друзья ко мне затёрся, гнида, твари продажные, а у нод цель одна вернуть суверенитет а ты баран, хоть бы за детей своих подумал, предатель,",1
"название не помню, но сажать ее лучше именно в тени кустарников или деревьев. на открытых участках эта хоста сильно выгорает, листья становятся желтыми, некрасивыми.",0
позор нашему правительству.,0
"кто бы главного ворюгу пристрелил, я бы ему памятник при жизни поставил.",1
как можно ?тварь конечная!,1
"по-ходу всю администрацию города выебали разом, что дороги стали строить.",1
"здравствуйте!подскажите,пожалуйста,сколько будет стоить заказать одного аниматора на час на день рождения",0
"поздравляю всех тех кто болел за ювентус!!! и не важно как они сыграют лч в этом сезоне, ювентус всегда будет лучшей в серии а.",0
"амарок размером с калину или оку пиздец долбаебы и уебки, этим разработчикам не авто проектировать а рельсы вручную на своём горбу тащить через всю россию чтобы мозг начал рости чтоб хотя-бы его в тупой балшке гр. 800 его стало!",1
а судью пидора бог накажет. все возвращается бумерангом.,1
"это ты о себе так чмырина, ты раскажи как тебе дупло активом разрабатывали",1
"тупая, конченная мразь!!!!",1
такое чувство что в милиции служат одни подонки отпетые,1
"какое спокойное достоинство во всем! раскрывается душа, сердце наполняется любовью... и все становится ясно в этой жизни.",0
"слышь, оленуха, ты у меня в соседках? ты видела как я пью и дебоширю, а потом иду тебя пиздить? если ты быдло, не равняй других по себе.",1
вот ссуки. всех на границе расстрелять,1
ку ёвбола яна тренддами,0
"э, свиномордая проблядь. добрый день оль🌹",1
"родителей и детей которые так ведут себя с животными, надо воспитывать прилюдно такими же методами. бить,пинать,резать,топить,давить!",1
"какая жуткая хуйня-усатое чмо, которое ненавидит народ приписками сделало себе победу, а дебилы радуются этому. какой нахуй союз-забудьте уже об этом, история это. если и победит социализм в странах бывшего ссср, то не в такой форме",1
класс пизденка,1
малыш ты вырастишь сильным у тебя все будет хорошо такие как ты не сдаются удачи тебе во всем!,0
суки зажравшиеся!,1
"чубайс. недождетесь. россияне. никогда,",0
вот сучье! нашли крайних...т.е в первую очередь убить медицину ( наше здоровье) и образование ( наших детей). да мы пойдем за хабаровском!,1
благодарю за удовольствие читать вас!,0
"зачем таджикам этот памятник,вместе его гафурова",0
история мутная! скорее всего не растреливали!!ну немку и выводок принцес с царевечем ладно отпучтили!!но николашку надо было растрелять!,1
ублюдки. на виселицу их тварей.,1
на кладбищах мест бы не хватило !,0
"сволочи растут , как грибы... выбросить деток на верную и мучительную смерть...",0
дд а как купить м о дно и когда,0
скорей бы они подростали!!!,0
"вот пусть теперь дебилы которые думают что великий пу если что долбанет по америки своими ракетками,очень ошибаетесь,у них там дети ,внуки,осабняки,они не станут стрелять по своим,лучше вас сгнаят.",1
"да кто сейчас будет продвигать интересы ветеранов? , съедят сразу, каждый сейчас, кто хочет что то поиметь, прикрывается разными лозунгами. нет честных там сейчас, всех давят если не согласен. жаль но политика сейчас такая, может когда нибудь, все же люди адекватные придут в политику и что то поменяется в сторону людей.",0
чё завидно? хуйня сам то зделаеш такую?,1
посоветуйте невысокие и урожайные сорта для сибири.,0
"забавная троица - иудей, дебил и пидор, в этом похоже, вся суть майдана и плюс пендосовские печенюшки.",1
я тоже эту прелесть хочу.ну пожалуйста,0
не память умирает не сердце забывает проходит время скорбь не уходит а,0
полижи мою пизду.:-d,1
"твари , подонки и недоноски , они уроды забыли , что минск они сами упрашивали , боялись суки , что киеву и жидобандеровской мраз пипец !!! а теперь уроды мы не признаем статус . да вы ублюдки ещё раз дернетесь и тогда вас недоносков уже не кто не спасёт , не минск , не вашингтон , ни бабка с клоуном впридачу ... . что ж вы тявкаете о самой сильной армии , а кроме жабьих стрибков и то в нейтралбной зоне не предпринимаете ??? ссссыте недоноски !?!? да у вас кишка тонка да и мозгов нет .",1
соо как здоровош,0
q заявление на услугу промежуточные результаты по заявлению об бов оо з информация от региональные органы власти социальной защиты населения по вашему заявлению проводится проверка сведений указанных в заявлении ожидаются ответы меже ведомственные на запросы информация об услуге намер вбобзвбб описание услуги назна и осуществление ежемесячной денежной возрасте выплаты на ребенка в от трех до семи лет включительно веломство регионал альные социальной органы власти защиты насел елен ия с о,0
"уроды. иваны не помнящие родства. а шурик лукашка, зажрался, охамел.почувствовал безнаказанность.",1
"как урожай, заготовки в зиму",0
"это не мать , это тварь !",1
хочешь у язычком полизать,1
тебе пидор непонятно что-ли - руки не суй. пидор всё равно суёт.,1
"то твоя жопа на кол просится, петух гамбурский",1
мой ур.140. играю и дарю бп. каждый день.исключительно по фильтру.начинаю и заканчиваю малиной.ищу соседей от 60ур. знакомых с фильтром и не ленящихся дарить бп.,0
ужас!!! заказ ждала 3 месяца он так и не пришел. продавец обещал что он придет постоянно продлевал дни доставки. потом я открыла спор  попросила деньги назад но ничего. вообщем кошмар.,0
"мразь, а не мужик. убийца, детей сиротами оставил",1
расшаперился,0
безграмотность в вопросе-выпячивать не надо. лучше молчать. платошкин в каких выборах участвовал? изучите!,0
"смотрите какой у меня гриб попался ,смешной такой ,:d :d :d 🤞",0
здоровья и счастья всем добрым людям ..а мразотинам по заслугам 🙏 🙏 🙏,0
смахивает на джигурду😃,0
пиздобо..!!!!,1
"не плохо, но иногда выскакивает реклама на пол экрана, и это бесит.",0
"долбанутые на всю голову. скоро будут проститутки, голубые...",1
"миша хозяин своего слова,слово дал слово забрал.не мужчина оно а пидор",1
правильно казнил зато все двигалось как часики,0
"на кол, эту мразоту!!! публично на кол!!!",1
"сталин жил, жив и будет жить!!!он уничтожал таких паскуд, как ты!!!",1
гандон сука чтобы ты под фуру папал,1
долой этих пидорасов...,1
хохол останется хохлом хоть ты пусти его в европу где надо действовать умом он жопу напрягает только и потому на руси то мономахом завещано аж связаться боже упаси с ляхом тремя жидом хохлом и коварен хотя слеп жид и кичливый лях похуже бляди хохол съест тобою хлеб же с и тут же тебе нагадит в суп хохлы ттгшевченко вб,1
"юбка хорошая, теплая. но было оторвано 3 петельки для ремня и катышки.",0
папа водка подорожала будешь меньше пить нет сынок ты будешь меньше жрать,0
"долбоёб тупоголовый, посмотри сначала где я живу... при чём здесь путин и твои пиндоссы к моему донбассу...? это вы под пиндосов собираетесь лечь.",1
товар не пришёл. продавец деньги не вернул. не советую этого продавца,0
пиздешь! развод для лохов которые классы ставят.,1
да сколько можно спрашивать про это блядтское гнездо??? возьмите и закройте!!!!,1
..козёл-- нет слов...всё прочитано-- согласна на все 100% !!!!,1
повесить эту власть и по первому каналу показать всем и сказать все кто пиздит у простых людей кто рушит и закрывает заводы фабрики будут весеть вот тогда будет порядок,1
а почему бы и не пойти с такой красавицей,0
а что это? надо подписывать...,0
"долбоёбы выходят на акции протеста,блокируют машинами дороги и для прикрытия берут с собой детей понимая что они могут пострадать,лишь бы картинка была нужной,да и задницу свою прикрыть ребёнком.",1
спасибо всем за тёплые слова 🙏,0
классно сказано..... надо взять на заметку !!!,0
подарите карабах украине.,0
уроды сказала бы больше да не пропустят цензурой,1
716 рублей от ольги александровны к.,0
автор видео ты урод полный,1
хороший простой рецепт,0
"вот гады! и после этого можно дружить с белоруссами,?",0
пидор еврей среди родственников.,1
"приветик! я ж допы открывала когда на работе загрузки не было! а щас по полной программе работаем как шавки! но все равно нахожу время зайти! просто раньше игра интересней была! а щас только и ждешь с каждой обновой: а вдруг!!! типо вдруг что хорошее, потому и энку держу немного на всякий случай!",0
зачем уже так писать.. охуели совсем... автор ты.. гандон.,1
здоровья вам дорогая!,0
это очень вкусно!пробовала у свекрови,0
сказочный долбоёб,1
ну что за долбоеб это в инет ложит,1
а ясли дети со мною 4/5лет,0
тварь гореть в аду,1
не подзад а поебалу!!! чтобы вольфрам встряхнуть! атморозки!!! деды не для этого погибали!!! сука позорище! вчём приколы что нужно её паханов походу подтянуть за воспитание. походу нарики или алконавты. у малой походу проблемы.,1
слушай сучара пиздуй до гоши на эфир и там трави свои анекдоты там таких придурков как ты слушают аш по пять часов а здесь пидор и не вылазь и за арсения там раскажеш может пиздюлей получиш!,1
давай василий и дальше прогибайся и хуй лижи и самое главное детям и внукам это завещай.,1
"а есть у меня только родина,... и всё!!! и ни хуя больше нет.. и у вас тоже!!! так что не впутывайте сюда бога!",1
так он же сказал что возле казахстана,0
живодёр. сволочь безмозглая.,1
умница. очень трепетно.,0
медведям оставь,0
"это вы дура, а катя смелая женщина",1
хуисосы просто,1
а может даже и пидоры.,1
поменяю на индоутят или бегунков,0
холодильник сколько в использовании?,0
чтоб тебе камушком по башке треснуло !,1
в рот... такие же как кпрф? все сосете или только начали подсасывать? хотите насосать на места в думе? бляди вы все...и пидоры,1
"вот обязательно на каждом форуме, в темах беларуси и украины вылезет тупой общипанный расейский петух круглов. спрячься, заморыш, со своим извращениями.",1
"народ россии будет презирать ельцина за то,что он пропил россию и нашёл такого нехорошего человека ,как паутина,который продолжил уничтожать народ и 20 лет врёт и не краснеет.смерть путилоидам!",1
позор такой власти а страну за наших людей больно,0
и пусть сидит в пиндосии...долбоебка!!!,1
"а лучше, - просто убивать на месте без следствия и решения суда..",1
почему сразу десантура?эти черножопые нарываются,1
под статью эту хозяйку собаки. безмозглая,1
жечь эту мразь... они слишком замахнулись на русский народ.... мы их стоя сать научили и указали на туалетную бумагу а не халатом жопу вытирать как это у них было. на кол блядей .... как грозный делал. нельзя быть добрыми а нужно быть мудрыми. где мудрость там и доброта по достоинству и сожаление но не к псам которые наших людей убивают у себя на родине а мы им хлеб и мясо. гнать в шею этих зачуханых бичей... россия наша страна и она для русских. а кто позарился на ее честь будет упокоен без сожаления... хватит молчать нужно самим наводить порядок.. власти насрать кто им доляху заносит.,1
сказочный балабол :d :d :d,1
"человек занимается любимым делом,молодец,что ещё скажешь,красота",0
козлы без моз глые думают им чубайсы навальные лучшую жизнь устроят уже проходили в 90 х,1
"успокойтесь! не гневайтесь так, не оскорбляйте! получите образование, научитесь грамотно писать, научитесь думать, займитесь собой, своим внутренним миром, не завидуйте, и у вас будет все.....",0
а как забрать,0
"сейчас соотношение (зарплата-цена) не адекватно, олигархи жыруют, а пахари сельские в основном хуй сосут.",1
"сразу бы прибила, рука не дрогнула.",1
"все людей наебала ,а потом же , что бы деньги не отдавать , ты начинаешь хуйню писать !!",1
принято решение посадить его на бутылку. и расстрелять пидараса. 😃,1
не говори что ты чего то можешь не ты женщина ты можешь багира ишоепs раgе vк все,0
далбаебы одним словом сами выросли а мозгов нет.,1
всех пидорасов на кол,1
когда же мразь сдохнет !,1
кастрировать мразей безжалостно.,1
"тоже из семьи крестьян! и во всех совковых анкетах всю свою сознательную жизнь в совковии в графе социальное происхождение с гордостью писал из крестьян. и что - я окончил вуз, и стал голодным, без кола и двора инженером! с окладом на три года 110 руб. за вычетом всех поборов на руки оставалось 87 руб. как хочешь - так и живи. хлеб с чаем из комбикорма - фруктовый жмых вместо чая. или чай грузинский - отходы производства! мяса - нет, а если выбросили и ты успеваешь поймать на лету - не на что купить! и это когда тебе стукнуло 22 года. ты полон сил и энергии, но голодный и с голой жопой! квартиру получишь либо когда яйца поседеют, либо вообще никогда - это я о себе - инженере!. и ты - гегемон советикус - будешь мне тут киздеть, что было хорошо? да, для тупых гегемонов-пролетариев всё было хорошо! главное, чтобы орали погромче одобрямс и ату его! как сегодня визжите на а. солженицина ату его! да пойла гегемонского чтобы было всегда и много!",1
моя болезнь храническая лень.:p,0
"америкосы суки переключились на белорусию, мрази конченые.",1
разницу знать не надо надо знать свое дело,0
блаженная была ксения петербургская и кажется василий блаженный в москве если не ошибаюсь и они были ближе к богу нежели все остальные. потому что люди нищие душой не понимали в них возвышенного духа в их душе,0
это турецкая порода кошек ван. у них у всех глаза разного цвета. но окрас всегда белоснежный. у одного моего знакомого живёт такая кошка. кличка - светофор...😅😅😅,0
"плохо! качество материала ужасное! не похоже на то, что на фотке вообще! сидит плохо + велика",0
"добрый день, если сегодня сделала заказ. успела ?",0
"а мне по хую тут ваша политика, меня не путин и не трамп не интересует, хочу тебе в глаз кол забить, а что бы из уха вышел",1
"может быть ты бы уже заткнул свою пасть, петушара?",1
"красиво,стильно!",0
а купальщица где.,0
поше на хуй воротник на заупу!1 уебок мрази!!!!,1
"молитесь,бляди-грантоеды с картами поляка на батьку.я россиянин,проживший 25 лет в беларуси,хотите нашего завхоза?милости просим в регионы россии!на митингах только пиздаболы,кто не хочет мира в своей стране.не хотите чуркустон на завтрак?приезжайте в золотое кольцо россии!будет и мулла и минарет и черножопая речь повсюду.вы этого хотите,беларусы?!!!",1
после пандемии и мы такими можем стать....,0
если у пидросов забрать то стона загод с кален встанет,1
даже если против через три заседания всеравно разведут,0
расстрелять нах. таких родителей(sr),1
дураков ещё очень много,1
"пизданутый, на кой хер санитары выпустили тебя в тырнет? народ посмешить?)",1
всё зависит от воды,0
б зб о тема доска рений тобап выкс сlеsу тииттаb паделиться класс оlеsуа v писать ле б о класс аксана солдатова развод не пишите б зо ответить класе оlеsуs иди хуй соси мразь б з класс,1
давно пора... как бы не поздно,0
сссука.. классно ублюдки фотошопят...,1
"при чём тут ельцин он иуда страну опустил ниже плинтуса ,шкура продажная .у нас есть история великого и могучего государства социальной справедливости да многое нужно было подправить но подправить а не разорять .",1
путин конченный хуесос!!!,1
"это ты тут сутками трясёшь своей мандой. да, пидор?",1
"втб, сбербанк и другие козлы......!!!",1
"Продавец выслал подделку отвратительного качества. Когда открыла спор и попросила вернуть часть денег в виде компенсации, то деньги продавец не вернул, не подал ни звука, ни сообщения. Ноль реакции. Ни в коем случае с ним нельзя работать.",0
класссс👏👏👏,0
"никто, а у нас никто не за что ещё никогда не ответил.",0
привет.пока с работы доехала.я ж до 22 работаю.а мы не по москве.это был двенадцатый час.а сейчас еду на работу уже.сегодня смена с 8 до 21 тк будут делать дезинфекцию,0
"когда решится вопрос с проездными билетами апрель,май ?смоленск отказался разбираться,депортамент отписался,прокуратура работает,вопрос один или возврат денег или открыть проезд,а уже скоро зима,чиновники решают,обобрали пенсионеров и никому дела нет, таки нас решаются вопросы забота о народе,своего ничего нет,где наши автобусы городские?",0
да у нас одни рукожопы и продажное начальство.,1
"ставила в группе это фото.это табличка ,она стоит на треугольнике,около берёзовой аллеи.раньше на ней было написано,что аллея посажена ветеранами вов а год юбилея, кажется 35 летия.а так она выглядит сейчас,тоже а юбилейный год.все ветераны ушли от нас, осталась а память о них аллея и такая табличка.кто нибудь в курсе,кому сообщить, чтобы привели в порядок?",0
"долбоеб не читал конституцию, я понял уже)",1
бей по заду может в голову дойдёт,1
таких уродов кастрировать и на кол садить.,1
бить их сук всех надо правильно паренек сделал и над всем подниматься а не в одиночку а один в поле не воин что он один посадят его ивсе а так все не пересадят,1
пиздуна загоняет,1
"когда мне подарили такую бутыль, посоветовали не мыть её, только ополоснуть. сохраняются дрожжи винные. 20 лет .",0
попроще надо быть. и грамоте учиться.,0
наслаждайтесь настоящим и не вякойте,0
а кто это чемпионка по кикбоксингу?,0
"я ваш спам пыталась убрать три раза, так и не смогла. так вот для вашей группы: таких козлов, кто так думает единицы. к ним относятся - пидорасты, слабо развитые, с воспитанием из конюшни, дэбилы и кончно вы.",1
"доброй ночи, как с детьми ладит, и с курочками",0
"бр-р-р..., жуть ! хорошо , что вовремя убежал...",0
"в москалии больше процент,кто насосал!весь сброд в москве!",1
это же пиздец какой то.,1
"если это так,то пусть ивенится перед хабаровчанами..по телевидению на всю россию.",0
"рабы! взяли лопаты, и хуярим газ , для сэбэ, для дому! чубайка разрешил. в каждый дом достояние народа!",1
если справедливо так должно быть и честно. нечего скрываться,0
золотые ручки.молодец! пусть это платье принесет тебе большое счастье на всю жизнь.,0
очень неудобно пишете номер карты - не скопировать его и номера телефона нет,0
стыдоба безработная хочет править страной! выучила слова что ей виталий шкляров написал и собирает толпы людей .прихвостни американские,1
соты в какую цену,0
"самые любящие и преданные животные ! у меня 10 лет в квартире жила московская сторожевая. представляете сколько забот с такой большой собакой в квартире . но её нет уже 12 лет , а я все плачу . такая была взаимная любовь .",0
пугает слово бешеные!!!,0
"когда народ доберётся до таких пидо***сов, ни одна техника не поможет,",1
ебли его там не по детски,1
"мне 68 5 раз на 13 этаж,. хлипкий мужичок зачем ему любовница?",0
в телефоне есть предложение и там есть скидки,0
кто они такие если они как мы воевали за кого то не за ссср а за афган вот это обидно а они проститутка а кто дал им дал такого звания 8oi 8oi,1
2 платье,0
обычный п..... бол. обнуленному давно уже не верит народ россии. всем ясно что еврей работает не на россию,1
таким единоросским депутатам не нравится когда на митингах народ говорит про них настоящую правду и следующее предложение этого единоросса будет о расстреле митингующих на месте вот такой он гад этот единоросс,1
черти!,0
пиздобол он ...конкретный.,1
заступничек.,0
"прилагательное 😂😂😂 а ты чей украинец ?😂😂😂 лох ты колхозный , человек не может быть прилагательным , ты быдло тупое 😂😂😂",1
конечно же это намного серьезнее и приличнее😊😊😊,0
а какая у вас мощь титанов и героев?,0
я бы такую колбасу отдал собаке.,0
мозга нет как зовут голикова,0
твари хотят нас и наших потомков потравить и угробить природу...перекроем общими усилиями им кислород!,1
"Очень красивая рубашка, мягкая, тёплая. Товаром довольны! На 44 размер XL в плечах в самый  раз, рукава даже чуть длинноваты и немного широка. Но всё-
 равно сидит красиво.",0
"а еще есть мост,на котором остались тени людей,находившихся на мосту во время взрыва",0
свиноматка засмущалась и закрыла лицо ушами,0
"а мне интересно , если одному из них начать отрезать руку . которой они зигуют , то как бы эта пидарасня малолетняя действовала ? наверное накинулась бы на ката , а может обоссалась бы ?",1
"Заказываю штаны третий раз, все разы - XXL и все было отлично, а в этом заказе под маркером XXL пришла штаны прилично меньше предыдущих.",0
жид конченый,1
да не выкидывать его надо было а закопать живьем,1
перевели тысячу заплатить за долги,0
не туда пошла девочка! в фильмах ужасов ей не было б цены!!!,0
я тоже бога благодарю за то што он мне даёт😇,0
вы масло сливочное или растительное не добавляете?,0
теперь осталось немного снайперам пострелять и всё...заживут,1
"в открытую убивать, это полный пиздец. пидарасы.",1
"Отвратительное качество. Заказывала специально на размер больше чтобы рукава не были короткими, но они сука все равно короткие!!!1",1
"ничего хорошего, изуродовали ребенка.",0
"брехня, колько раз пыталась снизить давление таким способом, не прмогает. только таблетки.",0
вас жидов что-то не устраивает?,1
унечтожать и вырезать пидарасов и не жалко гнид.,1
"бляяяяяяяяя!!! не показывайте эту пидораску , ёаную тварь больше. с уважением пожалуйста.",1
всё твари знают когда придёт грипп когда коронавирус какие то умные болезни стали откуда то берутся. всё мало денег никак не нажрутся на слезах человеческих. все ляжем в один рядок и богатые и бедные. не ужели такие тупые думаете если есть день ги можно купить жизнь,1
"они бендарчье готовы сожрать, друг друга с главном!! жопу лизали фашистам а вов!!!",1
"стоит жаркая погода, духота - естественно - окна настежь ! 6 августа проснулась в 4 часа утра от жуткой вони и головной боли ! у нас , в тополином, - выбросы уже всех достали ! наши жалобы никто не слышит ! пора переходить от слов в интернете - к массовым протестам !!! может тогда обратят внимание ... чинушам - пофигу - у них кондиционеры . а мы скоро передохнем, как тараканы...",0
в очо ч с о чg ипsтаgга о обч просмотра агтеldеsиgп sосни мы разработаем дизайн ещё рsириls ми ужская брута сила не тальности в мужская сила умении в доказать женщине что она защищена серsтриls v а ч о ф,0
а ты второй пиздабол после навального.,1
"поубивать таких хозяев, сволочи",1
в речи теbе зат такие хуй в плечи она все таки нашла то есто куда с послали,1
я бы им руки отрубала.чтоб все знали эту мразь и плевали в след,1
"у нас про вирус вообще ничего не слышно. по улице и в автобусе можно без масок, только в тц и в магазине требуют надеть.",0
"красавица кондитер ,на фоне сказочных тортов! !!",0
есть противопоказания! проконсультируйтесь с врачом!,0
"зубатка, зразы, зефир, зира, зелёный чай",0
а по какой статье его надо было осуждать???😡😡😡,0
а я бы этому пидару из за которого стояли башню свернул,1
дайте контакты кто проводит детские дни рождения,0
какая разница есть пагоны нет штрафбат ли. главное человек отдал свое здоровье. воевал. а после порадовал нас своей игрой и талантом. а ведь здорово играл!,0
уёбище мерзкое,1
я бы всех этих хряков на бойню за что им сука платить? я не копейки б не дала поросятам помоями их кормила ох их бы ко мне во хлев моя сука мечта,1
ах какая,0
"шрамы украшают мужчину! а этот пацан, настоящий мужик! родители воспитали хорошего парня! желаю тебе маленький друг ,здоровья и незаметных шрамов! 💗",0
надо было ему пиздюлей после игры дать а не у всех на глазах,1
"ага, особенно, в каком столетии заставят ответить? после извержения йеллоустоновского вулкана? !? судя по жизни этих людей на украине, то развязка сдесь ещё и не начиналась.все живут в достатках и вольно передвигаются по разным странам мира!",0
"я тоже вожу автомобиль и поверьте, мне не один раз встречались на дороге пожилые люли, которые поворачивали перед носом, не включая поворотов, которые могли остановиться где попало. всё равно возраст дает о себе знать. я не отрицаю, что и среди молодых много специалистов, но всё равно нужно расчитывать свои возможности. нужны ему теперь эти суды? да ещё если посадят.",0
😂😂😂👍 верно других вариантов не вижу,0
"фу,просто пьяное быдло....",1
"ну если это снимает гиена его?! гореть сука им в аду. бляди чтоб вы сдохли!!! ни чего человеческого,",1
самый преданный друг!!!поздравляю песика и хозяйку!!!,0
даже очень согласны ведь какая красота приятно смотреть👍👍👍,0
его уже забрали.,0
мои самые любимые часики,0
какой красивый голос👍🏻👍🏻👍🏻,0
самое страшное когда вот эти папкины сыночки либо дочки покупают дипломы и не хуя в этом не сображают твари конченные как еще можно сказать,1
срочно нужен ночной вампир🙂,0
просто персики было лучше....иначе бы девушка была теткой в 150 кг,0
"да тупость,гнать надо таких дебилов с нета... всякую херню гонят....:d",1
зачем детей втягивать???,0
не пришли. возврат денег при вмешательстве али только,0
нету... слюна выделяется при виде красной и черной икры и запотевшего фанфурика.,0
"все привилегии этим придуркам: машины,квартиры,особняки ит,д, а играть не могут командой в сборной россии.дзюба играть не умеет только разборки устраивает. ему только вышибалой в кафешке не более.любо посмотреть как они на тренировочных базах хуйнёй занимаются это полный пиздец..",1
"и все они прислали тебе чеки от покупок, тебе пиздоболу ?",1
я конечно извиняюсь но в хабаровске тоже очень много придурков которые написали намордник путинский я если вижу кто в путинском наморднике это уже явно придурок ок как ну а что скажешь не так как я ни разу ещё вонючий путинский на намордник не пусть сам путин его и одевает свой обосранный намордник одевал ол,1
а в лес еще пускают?,0
😁👍👏👏👏. арина с катей молодцы!,0
"какой гнилой пидор это написал? сука раздора..... вырвать бы тебе язык и засунуть тебе в зад! в москве живут мильоны людей которые страдают больше чем жители хабаровска во много раз. если тебе не хватает смелости назвать власть виновной, то не надо сеять раздор между людьми, городами.",1
фууу в жопу вафли старуха целуй.,1
их нужно уничтожать.,1
уже прешли,0
очередной пидорас,1
и после этого япония дружит с америкой:японцы чмошники!,1
а технический возрат зарплаты и нынче стоит на месте,0
конечно. одно нытье и расшатывание ситуации. это делается с единственной целью- насильственное свержение власти. майдан.,0
повесить прилюдно на столбе с табличкой враг народа,1
марафон платный?,0
ты тупая даже ник не можешь понять я не тсудо сьебался а оттудо глупая ты блонда,1
что из мебели есть?,0
придурак его бы заногу повесить и оставить на сутки,1
его самого на ласкутки разорвать козла 8oi,1
скорее суицид! а там таких ждут!!!,0
"я бы не только снизила ,а после такого просмотра выкинула бы их с этих кресел",0
соник мой брат я знаю что он любит эми! вот почему,0
ужас! о нравы! о вкусы!,0
это ты что-ль русский. тварь косоглазая.,1
вот вдв уж 90 в десанте жизнь сложилася не просто и самолёт и парашут и все нас братьями зовут дед,0
долбоебы блять и это он сказал,1
че дибил что ли?????. у меня тётя через полгода получила хорошую двушку в центре города. сказки блядь рассказывать будешь. засунь своего ельцины и гайдара себе знаешь куда.,1
авто потерявшегося,0
"наталья, добрый день. если ты мне не написала, значит, мой заказ полностью есть?",0
идите вы на хер проститутки жириновские ! пиздите только пиздаболы ! а победить равнодушие как !? расстрелять вас пидоров всех и все !,1
нашёл кого пугать?придурок,1
ааааа они существуют 🙀🙀🙀🙀 я знал это .,0
позор такому призеденту разграбил страну со своими ублюдками депутатами. а те которые не идут его поводу сажает и с должности снимает.,1
5 лучших манекенщиц того времени🖒🖒🖒,0
я щас твою дохлую мать выепу быстро,1
расстрел!!! кормить их мразь ещё!,1
"надюша, с днём рожденья!. всего самого доброго! главное здоровья, здоровья, здоровья. пыталась отправить открытку не знаю получилось или нет. ещё раз поздравляю!!",0
а куры какие? есть белые? и цена?,0
"здравствуйте , нет ещё. вас интересует?",0
"козлы, они и в россии..",0
а хабаровские недоноски это кто такие?,1
"а остальные честным трудом разбогатели,я работала всегда,но разбогатела?виноват судите в хабаровске и что бы честный суд.был.",0
"абажаю этого актера ,удачи тебе анатолий и в семье и в карьере хочется смотреть фильмы с твоим участием всегда ,долгих лет жизни чтобы мы наслаждались твоим творчеством подольше))))",0
с 80х рулит эта политическая мразь смешно то что этой бляди некоторые люди верят да какой степени нужно быть тупым чтобы верить в его сказки,1
путин пидора с обещанья где?,1
всё что нужно знать путинским лизожопам.,1
"пидорасня легавая давно пора их мочить,тварь продажная,ублюдки.",1
какая бы колбаса не была большом количестве качественная не будет качественно будет только домашняя колбаса в домашних условиях запомните! это просто реклама!,0
"мороки меньше , все 5 на приборе",0
спокойной ночи!,0
пидорский ввс канал,1
"нужно руки отрубуть, это его не первое фото про зверинную охноту на дичь.😈😈😈",1
то есть у нас с больницей всё ништяк. просто мы этого не замечаем. как и все остальные блага. контрацептив лысый и бэушный. других слов нет.,0
пидорась,1
слова - мудрые! исправьте ошибку.,0
поделись сука !,1
выебли наверное;) ;) ;),1
это делягин долбаеб. тупин тоже.,1
"это было давно, но доктору дай бог здоровья! спасибо за доброту! действительно побольше бы таких врачей!!!",0
с чем вы всё время поздравляете????,0
"ареал обитания,погани зелёной, город... появляются на свет, после пьяной случки-педика и лесбиянки... у хлорофилла не может быть мозга...",1
фиг с маслом. нужно жопу поднять и идти работать. тупоголовые.,1
вы не правы. всё высушено. главное - насколько толком всё сделано (для себя или в колхоз),0
"да вы посмотрите на него, типичный уебок..",1
"уважение, 👍 такие проекты классные в последнее время реализуются у нас",0
спасибо инг очгнб понравилосы,0
"да животные конченные,30 августа ехал в екб с сестрой,пидорас на газели уснул за рулём,почта россии сука,твоё счастье,что мне некогда было. район моста на пермь,в сторону тагила. как ты сука очнулся????..почта россии,вы кого посылаете на работу? они у вас спят за рулём.это было в 6 утра",1
если за розами не ухаживать то они превращаются в шиповник!,0
просто урод подстилка зенитовская,1
"да пиздец тварина конченая, жаль четвертовать падлу при народно нельзя, пока",1
ты казёл путин от людей сопираешься избовляца народу много стало мишають люди жыть много высказывания надо народ прорадить люди прививаитесь и умираите это оружия прививка фигли москва это люди а в населённых пунктах это звери их надо убить,1
"не пара. сразу было видно.я уважаю гордона. но, его программы о ковиде— сплошное вранье и запугивание людей. не смотрела. сразу выключала. массовый психоз и запланированная травля людей.",0
"вы честный, вы лучший...",0
"Зказ прибыл, все отлично, спасибо за подарочек!",0
я зайти не могу в игру. постоянно сбой.,0
каждая красивая по своемукласс!!,0
мне понравилась 3 не знаю почему😞,0
после 2 родов через 1.5 мес пошли уже,0
каждая обоссаная лишайная псина косящая под человека тявкает на путина и ссыт под себя,1
"слова-это пустое, самое главное забота и понимание",0
"Толстовка хорошего качество, по размеру подошла, спасибо)",0
а хозяина к этому дереву прибить за яйца!,1
"цена какая костюм выставили, а цену написать забыли!!!",0
кто думает и помнит и не забывает,0
"как не было в глубинке газа так и нету, как не было дорог так и нету, а те что были бляди сделали платными, я не понимаю тех кто сегодня доволен.",1
растрелять !,1
эту тварь ! надо повесить ! перед министерством здравоохранения чтоб все видили чем кончается воровство денег выделенные на лекарства !!!?,1
что и следовало ожидать.тактично без лишних слов выполняет свою нелёгкую работу.поздравляю,0
чтобы у этих уродов которые обидели кота- ноги отсохли и руки тоже ....,1
посмотрите не ну вы пэту шлюху гиsоvеdкнии,1
призыв начинался в ноябре.,0
"а такие хамы только и умеют воивать с детьми и с женщинами, пусть бы попробовал так мужика выкинуть",0
она заминированная.,0
сожгу этот флаг фу,1
поскуда ебаная!!!,1
"у меня тоже было на 6п3с плюс усилок 20ват с модуляционной обмоткой на выходняке.я вот никогда не стремился там что то делать на гу,свою первую шарманку сделал в 13лет в далеком 74г,и конфискация была,даже два раза и пиздюли от бати были,штраф то он платил.а в 79г я уже получил разрешения и работал в открытую уб5хйь.и был уже у меня трансивер uw3di который мой первениц делал сам правда настраивали друзья радиолюбители.но тот паршивый пёс который сосед при немцах полицаем был продолжал меня закладывать и менты продолжали приезжать но только уже дальше калитки на воротах не заходили.а вот сосед жаль здох тогда а то бы сейчас блядь хероя украины получил бы,падаль.все школьные годы испоганил.",1
сколько стоит поездка до станицы ? подождать и обратно?,0
а при чем сдесь я???? :-o﻿и кто меня трахает??? (md)﻿что то вы не в ту степь совсем зарулили:-d﻿:-d﻿:-d﻿:-d﻿,1
"...так и есть...осталась сфера обслуживания,так надо ее к ногтю....пиздец страна....путинки-хуюлинки....позорище....",1
"тогда мы миллионерами по вашему были, особенно в 1997 году когда еще и зарплаты стали задерживать не на один месяц, а молоком и сыт особо не будешь",0
сволочь убийцы должны сидеть в тюрьме,1
"забыл с вами, утыркизапутинские, поделиться новостью. экипаж космического корабля крю дрэгон вернулся на землю.а где-то в пустом гулком ангаре монотонно прыгает на батуте печальный дмитрий рогозин...",1
аа бляят кутпой ол сен,1
моих дедушку сбаушкой тоже выслали в 36 году и мои родителей это были тяжолые годы их жизни вечная память и слава,0
"платье соответствует размеру.  пошив аккуратный,  Но блестки отваливаются  и есть плешены.  Везде торчит леска.",0
"пусть все знают, ты же этого добивался педераст лизун ирэн толстая жопа))))))",1
"очень похожа сейчас на маму,но в целом узнать,практически,невозможно.супер👍👍👍:)",0
"К сожалению, заказ не отслеживается. Пропал... очень обидно... обратная связь с продавцом хорошая ",0
"мы получили серез три недели после подачи. подала 26 июня, получили 7 или 8 числа пришло одобрение, через пять рабочих дней пришли выплаты.",0
где игорь наджиев когда он выйдет на эстраду,0
тоже в молочке я делала,0
"с днём рождения, дорогой племянник! всех тебе благ и крепкого сибирского здоровья!!💐",0
какой ты хуй фаворит,1
в ленинградской области гатчино,0
"пидары, они и в африке пидары!! :-d :-d",1
"качество отличное на мой 52 руский драла xl ,подошли посылка пришла раньше заявленого срока",0
"хозяина скопить ему ,а потом пристрелить из 45 пятки",1
посылать человека без опыта работы да ещё на далёкое расстояние.,0
скаким удовольствием зашолбы в гости с автоматом к этим пидорам,1
"один такой блядский романтик нефтебазу спалил,и кучу трупов наделал",1
крым всегда был и будет российским!!! всем блядям назло !!!!,1
"ладно каждому своё,ей нравиться да и ладно",0
так спокойно и хорошо-- рядом друг!,0
"перезачет молодёжный бутик 92,линия распродаж 765.60.",0
"присоединяюсь к поздравлениям! с днем рождения, таисия александровна! крепкого здоровья на долгие года! выглядите вы просто замечательно! рады видеть такие знакомые лица на просторах интернета!.ваша землячка.",0
"вчера общался с нтм,но он как девочка чистит коменты и цену убрал свиду))",0
"свой тyпoй выхлоп можешь свернуть в трубочку и задвинуть себе в место, которым думаешь...то есть в жопу",1
молодцы девчонки!🤩👍 актрисы!!! 💐,0
красиво!!!!люблю раннее утро...,0
"вот это дигродированая могла такую хуйню выкинуть, и это давным давно вам вафлям тупым смешно какая то бесячья хуйня в вас сидит извращенцы ебаные",1
помним были☺️,0
"цвет отличается от картинки, размер не подошел",0
сука лысая больше нехуй сказать надо их штрафовать за такие высказывания,1
российской федерации правительство распоряженив мминустин,0
"заказ вовремя не пришёл .доставка была платная. задержка заказа почти 2 недели. Но куртка пойдёт для её цены норм.Просила продавца вернуть деньги за доставку,но на все один ответ- ждите заказ в пути.",0
"лина, есть закрытые профы, есть открытые....если у тебя открытый - значить ты своё фото не скрываешь и родственников тоже....ну и что они сделают нам через наших родственников?....у меня одна попыталась с их окопа - её мои родственники ебанутой на всю голову назвали....😂😂😂 они же свои рожы, которые не гоже на авке - скрывают, не дай бог их увидят, ссать от страха или от смеха днями без перерыва будут....а мы себя не скрываем....(ch) вот их это и бесит....;)",1
ни одна ссылка подробнее ::o не открывается,0
"как же так! такой вещи простой в хозяйстве не оказалось! выручайте, люди добрые! мне нужно: масло подсолн. https://ok.ru/game/kingdom/?item=354084595760_1596441018_2/0/114 прислать масло подсолн.",0
"вы реально дебилы путлеровские тролли... ваших сыновей кадыров стрелял и головы отрезал, а вы его хероем рашки назначили!? ну, не дебилы ли вы?",1
"мы без соски - никуда... но я к этому нормально отношусь, если ребенку так комфортнее и спокойнее, то пусть будет так. 😊",0
"стрелять таких сразу надо, чтобы их не было.",1
"пора бы уже сменить картинку, дай жить уже сыоим хотябы внукам, уже слова не выговариваешь",0
пидор гнойный стрелять таких тварей на месте нужно 🌼 🌼 👎,1
"это ты дура безмозглая! пойди в школу поработай, там поймешь, кто дурак, кто умный! от доброты только не подохни, позитивная ты наша.",1
белорусский омон бейте этих тварей кто посигает на суверенитет республики беларусь. и не вздумайте потом вставать на колени перед этим быдло. вспомните как унизили беркут на украине.,1
такую мразь. надо убивать,1
"поздравляю! здоровья,здоровья здоровья!!!",0
это рисовая лепёшка.,0
за что!!??суки!,1
иди и трахни тебя тоже,1
"ахметьев жополиз пути. только вот конец скоро будет вашей вседозволенности. а такие как ты идут на особый контроль. так что суши сухари, вовик!!!",1
"вчера делала. очень вкусно,добавила ванилин , и посыпала кунжутом . получились красивенькие и вкусненькие . спасибо за рецепт .",0
отчего ты милаустна моя отчего тебе больно милая что ты снова такая унылая чем ты пизда вечно недовольна,1
"костюм хорошего качества, но ОЧЕНЬ МАЛЕНьКиЙ!!!!      XL на XXS максимум. Очень разочарована.",0
сиди дома в равных носках,0
не когда бы не пошла на такой массаж я бы его там прибила бы,1
напишите где находится кровать и номер а то у вас закрыта страница,0
какая бредятина !,0
"дебил, самого надо повесить за одно место😡😡😡",1
а унас сми все пиздуны всё вокруг одно враньё жульё еврейское так что лучше мы жить не будем,1
"кол осиновый в глотку,,",1
"здравствуйте, продали уже или нет",0
"скорей бы уже в.в. путин вычистил эту 5ую колонну ото всюду,со всех власных структур, пидорасню вонючую. им вообще не место у нас в россии.",1
соси пукосос соси,1
"я,очень , горжусь нашим президентом! храни господь владимира владимировича путина!!",0
"а кто же, по вашему, брутальнее?",0
"я с вами тоже присоединяюсь,с удовольствием смотрю и товары у них хорошие.",0
это полицейский защитник частной собственности олигархата главной задачей полицейского держать народ в узде является не допустить его капиталистам к грабить помогать капиталистам трудовой народ,0
огромное спасибо .,0
расстрел только таких людей..,1
сжечь на костре как сжигали ведьм публично.,1
а ещё разбирать и собирать акм на время и стрелять из мелкашки в цель. предмет-нвп.,1
"я еще раз подумала над своим текстом.я устала кричать,плакать,требовать,просить...представьте всех тех,кому дана была жизнь,кто любил,создавал свои семьи,рожал детей,отдавал свою любовь людям...я говорю о животных.почему выпотрошенным мешкам,бездушным амебам разрешено распоряжаться чужой жизнью?! почему для них надо искать статьи,чтоб оправдать,наказать с послаблением?гуманное общество? да никакое это не общество! кучка трусливых,очень зависимых,прожорливых существ! поэтому и законы создаются соответствующие.считаю,что тупое отребье просто надо уничтожать без суда и следствия! без всякой благосклонности!",1
"пидоры от куда вы лезете,млять?",1
гитиетио шк юбочка в оч хорошем состоянии ц зооруб,0
1. работайте в ночь) 2. выкрутите лампочку из холодильника и работайте в ночь) 3. в холодильник с лампочкой) 4. а тут без шуток - на 60-70% пыль состоит из человеческой кожи (чаще мойтесь))),0
два пидараса лукашенко и путин повесить обоих!,1
пидерасты в штабе!!!,1
"оооо, бахилы это ваще самое главное в этом обмундировании🤣🤣🤣🤣",0
вид шапки так себе не советую брать.,0
ябы е ебальник бы поразбил бы нормально будь он.в моем городе,1
мразота!!!!!!!!!!! ьь,1
"Заказывала фиолетовую кофту размер XL, пришла очень маленькая кофта по длине 53 см и по груди тоже-детская разм. меньше чем S. Очень расстроилась, по спору присудили возврат денег 27 декабря. Выплата от 3 до 20 дней. Прошло уже 24 дня, деньги продавец не вернул, на сообщения не отвечает! Кофту такого смешного размера носить нельзя. Продавец непорядочный! Непонятно, почему Алиэкспресс после спора не отслеживают возвраты денег!",0
что-то канского мясокомбината не прозвучало как производства в красноярском крае.,0
"ну да кто-то верит, кто-то нет,это личное дело каждого)",0
"мой супруг тоже ревнивый.я просто задаю ему вопрос: как ты живешь со мной ,если я такая шалава и могу со всеми ...по твоему мнению??? далее приступ ревности утихает...",1
ни одна власть себе такое не допускала. но вот пришли суки кооператоры к власти и понеслось.тайгу продали байкал продали земли по немногу китаю отдают ..вы что суки совсем охуели..вы твари думские все уничтожили.вас судить за измену родины нужно а кого то и расстрелять .хватит молчать народ. .вставай .,1
это красавиц он предназначен для чежелых грузов,0
и это ведь правда!!!,0
"сволочи к стене и растрелять, таких не жалко уродов.",1
"если снять краску с бровей , нарощенные ресницы , убрать накачку щек и губ и останется качан капусты!!!! хотя люблю песни успенской !!!! какая шея в затяжках , глубокая морщина на шеи !!! правильно кто то написал , что клоун !!! я сначала тоже так подумала , стареть надо красиво , старость избранным дана а кому вообще старость не дана !!!",0
а у нас поросенок корову сосал,0
самое лучшее время моей жизни при брежневе; да мы не были богаты но и бедными тоже; мы учились; знали что всегда будет работа;: ездили на свое черное море; и турецкий нам берег не был нужен: смотрели хорошие передачи по телеку которые учили нас только хорошему и познавательному; у нас была совесть и стыдливость; и в каждую республику ездил как к себе домой; и сколько красивых мест было в нашей стране; весь климат мира и вся экзотика вмещалась в нашу страну.,0
"Куртка досталась мне всего за 1600 руб,  за такие деньги куртка просто огонь! Доставка с учетом новогодних праздников супер быстрая, заказали 03.01, курьер привез 09.01. Цвет немного отличается, на картинке глубокий синий, а по факту цвета морской волны, но это не делает ее менее симпатичной. На размер 40 взяла S, получилось с запасом для плотного свитера. По ростовке мне тоже подошла идеально (рост 154 см), на больший рост возможно будут короткими рукава. Мех более чем достойный, нужно только отпарить. Единственное, что мне не понравилось, черные ленты с буквами на собачках, но их можно с легкостью срезать. Протестирую в носке, позже дополню отзыв. Продавцу огромное спасибо! Обязательно буду заказывать в этом магазине снова!",0
"таких уродов надо усыплять,а лучше,на весь срок на петушатник!",1
"молодец!главное по обещать.но мы же его невыбирали .это приемник алкаша ельцина.а как ухватился за кресло,не вырвать,не оторвать.",1
"не ослышались, так и сказал и зал захлопал.",0
"подошло, на рост 175 длина по косточку, мягкие, приятные к телу, тянутся хорошо, единственное ну очень блестящие (но зто по мне так)",0
повесить тварь,1
скажите пож слово из шести букв львицбуквы вшгюънфчулнзёяятыфьд,0
миньет делаешь,1
"я недавно протезировалась. заплатила около 200000. моя зарплата 12000. это мне на протезы за год не заработать. хорошо что еще есть пенсия тоже 12000. теперь с ногами проблема. сделала узи 1300 и осмотр врача 400 рублей. врач назначил операцию лазероми укол это тысяч 12000. еще нужен холтер и мрт. это все платно не считаю лекарства. как жить товарищи? а мне еще 64 года, что дальше? ведь невозможно, чуть поглубже процедура за все плати.",0
"люциус тич когда парень погрузился в морскую пучину. в его голове не было особо никаких мыслей или сожалений. прошло некоторое время, прежде, чем волны доставили его бездыханное тело на палубу корабля. тич никогда не боялся смерти. молодому капитану было не занимать храбрости и силы воли. пребывая в кромешной темноте своего сознания, он услышал знакомый голос. ласковый и теплый. полный сожаления и грусти. голос, который всегда давал ему сил. голос его матери тиа дальмы. он потянулся к нему и дотянувшись вдруг открыл глаза. чувствовалась ее теплая рука, держащая его ладонь. - мама... - проговорил парень немного еще подсевшим голосом от соленой воды. - я же умер... ведьма... - все еще адаптируясь к происходящему проговорил парень и принял сидячее положение. - кого найти? - немного осекся и исправился тут же. - ее сына... хорошо. я найду его. но почему я жив? парень посмотрел на мать вопросительным и недоумевающим взглядом.",0
неадекват чистой воды; дура дурой.,1
далбаеб лечись,1
"ну вот разберайся. не надо тут писать такую хрень. сама себя позоришь. наверное хорошо ебет, рас терпишь всё",1
"е помощь да поддержка дружеская, не хватает в хозяйстве вещи малой для дела важного. мне нужно: расписная ложка https://ok.ru/game/kingdom/?item=528784117437_1596533646_2/0/142",0
очень красиво.я бы себе купила такую картину,0
да!очень тяжело!такое впечатление что горит все внутри и снаружи!у на с 38 и ночью 26,0
"Ужасное качество, такое ощущение, что тряпку положили ",0
порой и не курящая,0
"всем, кто получит смс оповещение!!!с 3 августа c 9:00 по 7 августа 23:00 по московскому времени с заказом от 1500 рублей можно заказать аромат her story для нее по коду 13298 всего за 270 рублей или с заказом от 2500 рублей можно получить два случайных аромата* за 270 рублей по коду 13296",0
роазработчики ублюдки ссуки пидоры и козлы,1
как же точно подмечено!,0
"отличное название клана, все сразу ломанутся вступать))))",0
благодарю и принимаю!!!!!!!!!!!!!!!!!!!!!!!!!!!!!!!!!!!!!!!!!!,0
здравствуйте. всю продали?,0
таким людям надо показать где их место.,0
"вот сучка,дерзкая)",1
приедим вас зарежем и заберем вашу говядину...,1
рагулятина! так как тебе жопы лизать? нравится?,1
прикольные сиськи)) ...разносмотрящие,1
"росгвардия это хуже полицаев-предателей, какими были во время вов и больше схожи с фашистами, хотя живут и кормятся за счет налогов от народа россии - это самое позорное, что может случится с человеком. из вас делают убийц русского народа и защищаете вы воров, обкрадывающих народ и страну!",1
сколько кубов и сколько стоят,0
блять страна не пуганых идиотов руку подыми ногу подыми может жопу ещё раздвинуть8oi,1
да вроде все хорошо хорошо работает только с телефона 8 900,0
фильм будет называться фантастические тварии где они обитают это про наших не чистых на руку чиновников,0
"ты , просто живешь в другой жизни , оторванной от простого народа .",0
"жемчужина у моря оккупирована и сожжена в доме профсоюзов бандэровцами во главе с парубиём. францюватые галичане издеваются над европейской красавицей одессой, нацепив на дюка вышиванку.",0
"там были мутанты, люди-свиньи.",1
"долбоёбка, пидаросия уже 6 лет снабжает ордло оружием, боеприпасами, гсм и боевиками.",1
их так мало осталось низкий поклон,0
прутком надо уебать,1
наталья оплачено 03.08.2020 в 15:11:18 715 руб. карта 5587*.цвз,0
сб со ич ф и нца ич вни ич ааса сб ик об очень редкая икона сохрани и ее у себя на странице и она тебя будет оберегать близких и твоих,0
а сейчас взять в рот попу. (па телевизару сказали),1
какой молодец! это хобби очень может пригодиться в жизни!,0
"тебе, козел, либерасты сколько к пенсии доплачивают, что днем и ночью лаешь на власть как верный пёс либерастов?",1
"деточка, у тебя всё будет замечательно!!! будь счастлива!!!!🙏🙏🙏пусть бог тебя хранит!!!!!",0
импровизация. нет как таковых рецептов . каждый раз все по разному,0
"а потом спасённая акула вырастет, и сожрёт эту красавицу:)",0
👍👍вот это слова мужчины!!!,0
"за придурками надо приглядывать, и одних не отпускать. вот вам и бумеранг, родит же земля?",1
"ужас, это не для слабонервных... без суда и следствия решения родительских прав,а лучше вообще расстрелять таких родителей...",1
отдам щенят небольшой породы.,0
"с днём рождения, счастья и не падай духом",0
"есть флаг ввс в наличии, в магазине нико-фиш, ул. ленина 21/1.",0
красивые караваи.,0
способны оценить похоже иностранцы,0
.этих тварей постоянно хочется целовать и тискать.....,1
самого за шею повесить и другим будет урок,1
"до Йошкар-олы шла месяц, заказ почему-то вообще не отслеживался.Пришла неожиданно ))) на мой 48 заказала XL - блузка села как влитая",0
девочки я позвонила сказали не будет,0
ебнулся?,1
эти лилии красивы как красива во всем наша пелагия!!!,0
расстреливать надо!!!,1
с днем рождения вашу маму поздравляем здоровья здоровья здоровья ей желаем будьте счастливы все,0
пидор старческий,1
да будет так !истинно!,0
молодец красавица и ручки золотые.,0
а что то посередине и девушки .,0
масок хронически не хватает.,0
"р россии сам президент открытый пидор, а они за забор смотрят и украину обсуждают",1
петухи вонючие!,1
блядина в мешок и в лес суку,1
пиндосы завезли коронавирус в китай...но жестоко просчитались...коронавирус бумерангом перекинулся в сша...:-d :-d :-d :-d :-d,1
"нету народных депутатов есть путинские жополизы их большинство,",1
трактористы в поле перекусывают кефиром?? какой дебил придумал этот анекдот,1
дык 27 августа ещё не наступил.,0
"Лосины неплохие,но - 20 не подойдут.Холодновато как то. До -10 нормально.Заказала цвет кофе,пришел мой любимый цвет шоколад.Доставка месяц.",0
"здравствуйте, корсет отдали?",0
"давно надо разогнать нахлебников, сколько можно кормится за счёт людей твари ненасытные чтоб вас всех разорвало хапуги пидарюги ворье",1
"для бесов рылом не вышли, это козлы и пидоры",1
жизнь продолжается! 🌹,0
"стрелять таких надо, а не к власти ставить.",1
"пора уже старые грехи замаливать,.а она за новыми рвётся.",0
он отдаст хохлам наших ребят потому что если он проиграет он там и сам спрячется сука,1
"что ни день, то поломка! с такими темпами поломок у нас теперь наверное новые трубы проложили? 😂 😂 или одну и ту же дырку жвачкой через день заклеивают? такого бардака нет нигде, мы как всегда на первом месте!",0
"у нас нет смертной казни, но руку отрубить не мешало бы, чтобы жил и всю жизнь мучался. я не за садизм, я за наказание.",1
"бывает же такое? такой симпатичный мужчина, ко всему еще и гениальный художник- золотые руки, и, видать, умный человек, потому что художники все умные люди!!!",0
"не ужели в россии такие тупые депутаты,,,,киллера закажите,,,пусть попу ему подстрелит солью с перцем",1
"как же противно наблюдать, как некоторые перед начальством стелятся.... 😡😡😡😡",0
☚♛ кара ♛☛ ответила мальвине я твой рот блядина дряхлая на азерский хуй натягиваю даже не напрягаясь....соси перегидрольная шмара авось перед смертью хоть наебёшься ok.ru/profile/576882412702/album/888428705438/896482869918,1
расчленил бы этого ублюдка н**** путина б****,1
товар зачастую просрочен продавалки или пьяные или воняет немытыми сраками,1
вы считаете этого выблядка библейского человеком? подумать только. какое скотство.,1
"и куда же вы хотите придти с тихоновской, поближе к украине?",0
как я жила без этой премудрости столько лет ?!!,0
а чё сразу сука?взрослая сучечька!,1
"правильно , настопиздили в доску шлюха с внучком",1
не подумала об этом. 😂,0
зачем эту руку куда то засовывать . надо просто ее отрубить . можно и обе,1
кошмар выбледка ебучие детей бы этих облить кислотой и поджечь тупые суки,1
"был выебонщиком, стал лохотронщиком, поздравляю",1
"На девушек с размером 40-42, если ваш размер больше то водолазка обтянет как барабан. Мой размер 46, сильно мало в подмышках. Швы наровные. ",0
сжечь или на кол его,1
а лучше когда и предмет ненадо,0
"друзья 🌻❤️, икеа продлила «пустую» акцию до 6августа🤦‍♀️. «пустая» она потому, что то те товары , что предлагаются по скидке отсутсвует 🔎❌🤷🏽 поэтому ждём новые хорошие предложения✅ - по логике это пару дней 🗓после окончания распродажи + пару дней и стартуем в любимый магазин икеа🛒🛍",0
провокаторы батенька .провокаторы.,0
ком берилет метро большевиковдон срочно телефон 89313123448,0
на кол всех попов!,1
"ну, у мани, тож ,внучёк растёт..вишь,как на хлебушек зарабатывает,сигареты продаёт.мож у неё белый билет!? и знает,сука,что в психушке отмажется😂😂😂",1
расстрелять диверсантов.,1
с а не продолжай уебок понял чтоты я,1
сразу видно- долбоёб,1
"телефон не напишу, на комментарии не отвечаю!",0
жесть😄,0
кто нибудь дайтс ей в ебасосину,1
"поздравляю арину, наталю, маму оли и свою мамочку с днём железнодорожника! всем здоровья, а кто продолжает трудиться в этой профессии ещё и удачи!!",0
"заткнуть бы этим охотникам в одно место ружьё,у нас стреляют сурков и не смотрят что у них детки и всё выставляют в интернет думают что они мачо,чмошники",1
господи какая мразь...просто слов нет:( (sr) :( :(,1
завали ебало...жаба хохлоблядская...:d,1
трахнуть глазами - это считай ничего не сказать.,1
ачто они в этом центре будут демонстрировать как в иреване разрушили все мечити и занили албанские церкви и сделали армянскими даже при раскопках в городе ереване значит иреване всё что не роскопали всё на арабском и тюркских языков гдето копьё нашли и приписали себе вот и вся история,0
какой ему суд? его гниду на куски порвать надо👎👎👎👎,1
одним словом пизданутые?!!!!,1
путин медведев и все его пиздобратья должны висеть,1
"а то , что ефремов был вдрызг пьяный и не впервые ? а то , что влетел на встречную полосу ? и то , что не в эту так в другую врезался бы , например , в вашу машину - это тоже пустяки - он же заслуженный ? лишать всех званий надо таких уродов и судить строже , чем других - если он заслуженный ! а он сидит и трясется - как баба - заслуженный ! трус и мразь !",1
"у нас почему то - люди, как мясо за чью то цель, за чье-то выебство почему???",1
кончено. . пидарас.,1
"дорогие наши ребята , все кто учился в подлужненской школе - интернате от всей души поздровляем вас с праздником вдв !!!!! счастья вам здоровья, и пусть в вашей жизни все будет прекрасн!!!!. любви вам всем так же и в семейной жизни!!!! ну и вообще всех тех кто служил в этих войсках.",0
покой нам только снится !,0
патриотизм - это одна из форм шизофрении .,0
белье из горячей воды из ст./машинки доставали такими,0
прелес ть красавицы,0
"правильно ,что откликаешься на барабаса пидораса )))))",1
конечно помним!!!,0
рассия гетжакмися америками,0
Товар не пришёл.Продавец тянул время.По лось открывать спор.Экспресс вмешался.Деньги вернули.,0
задолбали эти тупорылые масочники,1
он по ходу тупой антрапетакан,1
"вы там это, поосторожнее с такими книжками. а то ребёнок и правда начнёт строить ракету и запускать её дома.",0
она еб...тая на всю. голову!!,1
"я с мужем разругалась ,дошло дело до развода ,хоть это не так блять чё эта за тварь",1
шалава она и есть шалава,1
"облизывай меня холоп, пришла твоя королева;)",1
что ты сука косоглазая прячешься от меня? у тебя с логикой все в порядке? значит стреляли вы по нашей территории а визжите вы пострадавшие из кукуева? мы не визжали. ты йопнутая?,1
сколько часов можещь трахатся,1
"хохлы, самые, лодыри. трудолюбивые турки, ответственно копали.",1
"да чтоб они все передохли,эти козлы жидопукинские",1
супер. очень быстрая доставка,0
туда его и отправить без обратного билета,0
растрелять сабаку.,1
во это пизда,1
трусы паганые. в ментовку только такие шакалы и идут. мало нармальных людей в ментовке. но время приходит. скоро они ответят перед народом. хотя сами из нарана.,1
надо расстреливать.,1
это не дает им право его бить твари а не родители,1
руки переломать чтоб нечего поднимать было,1
люди твари (дай бог и на том свете им спокойно не спалось),1
репост красавице и любящих родителей,0
"самым эффективным и доступным народным методом для удаления бляшек со стенок сосудов считается чеснок. двести грамм очищенных зубчиков чеснок перемалывают, заливают двухстами миллилитрами спирта и настаивается четырнадцать дней в темном месте. прием приготовленного препарата начинают с одной капли, разведенной примерно в четверти стакана молока.снадобье выпивают за тридцать минут перед завтраком, перед обедом и ужином капли увеличивают каждый раз на одну. на следующий день прием начинается с четырех капель, затем с 7 и так действуют пока не доходят до 25 капель, затем использование чесночной настойки продолжается в сторону уменьшения.",0
отправила вам в сообщение,0
всем помогают а своих детей вылечить не могу,0
что это за хрень??????,0
вали путин нахрен со своим быдлом позорным!!!!!!!!!!!!!!!!!!!,1
"ирина ,правильно сказала -великий.",0
"всяк кулик хвалит свои огурцы, а прочитаешь рецепт ужас!",0
"Брал рубашку для мамы, размер выбирал xxxxxl(5xl), пришла рубашка размера xs. Даже жене моей малая, она носит 42 размер.",0
"миленько)) взяла размер s на рост 152, на мне свободно)) с большой грудью, правда, так себе смотрится) качество соответствует цене) носить буду аккуратно, тк боюсь, что надпись при частой стирке сотрется( а так - все супер) за две недели до Питера дошла) теплая) ",0
они заботятся о своих людях. ведь те даже еды добыть не могут.,0
расстрелять сволоча - рука не дрогнет!,1
даже шариками отвечать нельзя?,0
у мужиков тоже цветы бывают🙃,0
волочкова отдыхает.,0
тварь конченый,1
йура залупорев -это семейка пидорская твоя?,1
уебись об косяк даун сифилитичный...пидар отсос у амеров...,1
ну что бандерлогш рупыри рочие мразисобеште на меня хана вам скорой пиндосы вас не вспасут,1
теплый с солью и холодной водой. такая вкуснятина.,0
"да, поддерживаю.только расстрелять нужно сразу думу!!!!!",1
нахуй тогда выложил этот видео если просмотр запретил идиот,1
алкаш и пидаразд ! один здох другого заволить!,1
и я пользуюсь амт-01 довольна,0
ходунки отдам так.,0
шуроzитиvе шшш ук сой ушиlv оzитиvе vксоу игур zитиvе шшшш нахуй расстрелять,1
"ситуевина была в том что пиздец колесу на телеге,шли по обочене тихонько до шинки на аварийке,оставалась ну метров 500-300 и тут этот гамодрил в задницу со всей дури.я снимала сразу после дтп.все шишки конечно на фуру.а как простите до шинки ползти если груженый.дятлам надо глаза с собой брать,не оставлять их дома.",1
кому ты питух нужен хотели давно убилибы пиздобола,1
совершено верно! также его называю архииерейский,0
в центральном стадионе ходят маленькие 2 #потеряшки,0
"вот идиотизм, придурки кто это сделал 👎👎👎",1
ошибочка вышла. 1993 по 2020,0
"на нём если газануть, убиться можно",0
девочки... нельзя худеть за месяц больше чем на 3 кг...,0
я сначала не поняла что это семечки👍,0
ностальгия!здорово было!,0
молодцы ребята настоящие мчс а родителям спасибо за воспитания,0
зато сеть столичных на сахалине держит единоросс карлов... слава царю блять....,1
петух ебучий,1
генсек протух блядь!!!,1
пиздец какая звезда. в кино одних алкашей и играл урод,1
сжечь москву и спасти россию,1
спам-репосты - слишком жидковато для оппозиции... под маской коммуниста!,0
лысовато как то для девушки,0
"он должен понести наказания! хотя, толку с того что его посадят?! отсидит, года два, и выйдет, отмажут. а человека нет, семья осталась без кормильца. стоит ли его сажать? таких тварей, убивать надо, без суда и следствия!",1
"чистый пидор,без примеси....",1
"тоже считаю, что если мужик сказал-то должен сделать, ибо нех пистеть, так и говорю если шо, пистабол!!!)😄",1
что за тварь это сделала?их надо также пострелять.😭😭😭,1
"какого черта надо было снимать ограничения, если эпидемобстановка не была нормализирована. кому это надо было !? ответ очевиден - сохранить курортный бизнес.",0
на кол садить 😡,1
"если и били сучку, то очень мало били, надо было прибить вообще чтобы другим не повадно было, мразь",1
"стрелять светошумовой гранатой или резиновыми пулями с расстояния 10 метров в людей-равносильно убийству,пневматикой тоже с 10 метров можно покалечить или даже убить -если стрелять прицельно",1
да убирите эту бабу с сайта задолбала когда она только вылезит с этого авто гадина !!,1
расстрелять и всю семью на поселенье в тайгу,1
"а,что мне сделал хорошего,этот пидор путин плешивый,он работает на америку,у меня украл всё",1
из за одного пидораса столько страдают,1
у меня был оранжевый .желтый .красный...а такого нежного цвета даже не встречала...красавец....,0
"ведет себя как девушка , которая девственность хочет подороже продать. только все знают, что девственности там уже лет 10 как нет.",0
я тут это про меня,0
"нагнали старых блядей бютжетниц,что за пенсию трясутся.",1
доброе утро когда будут выплаты с 3 до 7лет гр бряск бежицкий район,0
"ну, вам то, использованным гандонам, давно пизда, вот и кукарекаете на последок, шариковы недоделанные",1
"жаль, была ошибка при выводе на орбиту.",0
"мне нужен шампунь,который вымывает дурные мысли из головы.",0
ща я скину ссыль на твой проф человеку которого аву ты нацепил пидор на себя .и полетишь от сюда)),1
прекрасная актриса. здоровья и творческих успехов.,0
"хорошо когда собака - друг , но плохо когда всенародно избранный - собака",0
с такой писулькой как у тебя😂😂😂...,1
когда там в москве соловью в жопу чё нибудь воткнут..и в пасть поганую тоже???,1
милая киса и наверняка очень любимая,0
ровеньки! напишите как смс придёт!?,0
вот бы нам в воронеже такой сделать на 9 января,0
наташа спасибо за рецепт! 🌺 подскажите. когда варите грибы - их ложите в кипящую воду или до закипания? и соль при варке ложите или нет?,0
хотелось-бы сказать лестное но не могу- ты с женщинами так общаешься как последний из могикан.ю ты не мужчина ты чмо и рот твой забит говняжками будь культурнее не позорься.^o),1
"наталья, добрый вечер. что же все таки с книгой? мой номер был 323",0
👍👍👍 я в пятой позе засыпаю))) 😄😄,0
охуели совсем! аврора - проснись! пальни по этим рожам!,1
"Спасибо! Все отлично, описание верное. но маломерит на пол размеры. На 46-ой взяла  L-ку - впритык в груди, но длина отличная. Качество достаточное приличное, для сравнения в магазине такой жилет будет стоить в полтора раза дороже! Отдельное спасибо продавцу за вложенный подарок, это спортивный топ!!! Вообщем заказом довольна!",0
"вор- это громкое слово, у которого есть понятия, не обдирать пенсионеров и малообеспеченных семей! а тот, кто это позволяет, уже беспредельщик! вор- авторитет, беспредельщик хуже пидораса!",1
убить ее.,1
этого романа сочинили еврейской жопалез он долбоев как и ты !,1
сразу бы убила!!!!!!,1
"Ткань плотная, не просвечивает, швы ровные, но с размерной сеткой не совпадает. для размера S большой и на рост 170 короткий(",0
"да он без охраны,мелкий плешивый старикашка и ссыкун к тому же,это по тв он мачо и бабы запутинцы кипятком ссут,дуры.",1
сжечь суку. на площади славы,1
ироткгутк счастья и благополучия,0
да а я сегодня познакомилась нехотя с блядью мужа . настроение здохнуть😭,1
молодец! вот такие люди должны быть в правительстве у власти. люди которые думают о народе. и такие люди есть просто их не пускают далеко. а те твари которые сейчас у власти их нужно казнить при людно на красной площади!,1
"почему твари? морские обитатели у себя дома. это люди уже больше походят на тварей... засрали всю планету, где только можно, убивают друг друга, насилуют, воюют...",1
во блять жизнь при путенизме.взятку дал.земля моя.а на людей им насрать.толька стрелять.,1
и что этого пидора не отпорол никто???,1
петух бежит за курицей не догоню так согреюсь а курица убегая думает а не слишком ли быстро я бегу,0
"это развод не видитесь, кидает, деньги ложишь а она блокирует животное ебучиеееее",1
"заебал уже этот пиздабол тупин,урод.",1
почему же пусть будет в школе на ролях раскольникова,0
да и хуй на него,1
пидор ельцин разволил такую величайшую страну ссср,1
"рукодельница, единственный экземпляр,молодец.",0
ещё не высохли чернила от этого указа а цены уже подскочили.,0
админы конченные шакалы! сдохните твари,1
да такую сволочь пинком. а он еще кресла занимает,1
"вы проверили,есть опыт?",0
пошли вы со своей пропогандой куда подальше...........,0
"...пока фреза прошлась по мне, мой техник плакал в стороне...",0
че хуесос в жопу ебешься ? 😂 😂 😂 😂 😂,1
этой бы маме голову бы отвернуть.,1
это у вас секта солнечная от которой умирают люди,0
от дымовушки квартиру отмывать потом шторы все как в копоти. ещё и воняла она капец. а тараканам хоть бы че - бегали. может средство такое.,0
в новоенисейке,0
что значит как своего ....он родной для них он же тоже из рода пидрил,1
какая попка.хочу к тебе,1
урод конечный!,1
"твари, бумеранг к вам вернётся.",1
очень сомнительный совет.,0
я покидаю вашу группу.,0
"высокое качество, натуральные продукты.",0
ой! это мы с сестренкой прям моей!😂😂😂😂👍🏻,0
оглоеды,1
здаём на бочку 36р за литр за жир и плотность не платят. каждую неделю расчёт на карту.,0
"здорово, класс!!",0
"маломерит слегка(((( рукава коротковаты((, но  качество очень хорошее. продавца рекомендую",0
гробы себе главное суки что бы не забыли купить!!!это же надо быть такими мразями!!!учить блядь на удаленке!!!вообще пидаров стрелять только надо!!!,1
"пендосов надо бить и мочить в сартирах везде,а не только в париже!!! хороший пендос-мертвый пендос!!",1
откуда ордена там же одни шлюхи и пидорасы одни через жопу зарабатывают ордена она насосала всё просто.,1
набирают всякую шваль.,1
куда смотрит спец служа беларуси ликвидировать нада этих гадов,1
"это не быдло, быдло ...это истинные преступники, которых затрахает потом совесть до смерти! они тупорылые твари! 😢😢😢😢🤔🤔🤔🤔🤦🏻‍♀️🤦🏻‍♀️🤦🏻‍♀️🤦🏻‍♀️🤦🏻‍♀️",1
хуй им в соску.,1
"через 1 час 45 мин, если не пришлют, запрос будет висеть до завтра",0
"ну так вы же заказы под данными товарами не оставили, соответственно в заказ они внесены не были",0
"девочка очень славная ,а урод тот ,кто торгует ее фотграфией👎﻿👎﻿👎﻿",1
такие как ты нету наверное сейчас 🤔молдец👏👏👏👍👍👍👍,0
дорогой любимый пазик👍👍👍,0
руки оторвать и упрятоть на долго,1
можно работать,0
такие и старому поднимут хозяйство.,0
"замечательная актриса я с удовольствием люблю фильмы с её участием , здоровья и семейного счастья , благополучия и успехов на съёмках , с юбилеем дорогая !",0
"что то всё замерло...согласен. дизель уважаю-семь лет ездил на нём, теперь пятый год на бензинке - зажигалке.... по ощущению в 1.5-2 раза стал чаще на заправку заезжать... дизель, ясен пень, более мощен, надёжен в любое время года (песни про боязнь морозов не для меня) и экономичнее чем бензинки... по сей день не могу привыкнуть к повышенным оборотам и перегазовкам на бензине....вспоминаю добрым словом. будет возможность - пересяду на него...",0
знаю!но надежда теплится,0
"а помните старый советский мультик как корова по свалкам паслась, а потом надоеным молоком машину заправили? так вот самогоном после пользованого глушителя можно тоже. без глушака но с полным баком",0
здоровья вам и вашим близким,0
"а можно к нам в нижний новгород, такого студента. дети не как не могут изучить английский",0
"сейчас жиды,которые хапают ртом и жопой!!!",1
"по всему видно,что моральный урод,сука-это ты!!!!! уебок!!!!!!",1
"а что ей сделается...она что всю жизнь физическим трудом работала...лишения испытывала...нужду...? как прожила, так и выглядит!",0
"конечно правильно , молодец ! побольше бы таких людей !!!",0
"писака, писать научись хорошо и сделала - кто хорошо что сделала.",0
ебать ты дура.:-d,1
"дебил, iq к плинтусу стремится!",1
какой праздник з сегодня оо пятница июля года шопlb,0
спасибо за конкурс! очень рады результатам!,0
алкаш наркоман и убийца должен сидеть в тюрьме а не под домашним арестом и не надо из него делать страдальца его растрелять или на пожизненое,1
"а у нас не только светофор. ебанутые. маска ,эта херова,спасает только от страшной морды и всё... .",1
"дебилы, руки вырвать!!!",1
"адресник ,позорище ,администрация ,ау!когда будет порядок?",0
"Мне не очень понравилось, на картинке выглядит лучше, к тому же у меня довольно широкие плечи и оно задирается вверх к шее, придётся подарить кому-то или продать",0
так им надо да еще жестче надо было убить чтобы на смерть,1
было бы всё государственное как при ссср такого бы беспорядка не было теперь всё на хозяина вот и хапают друг другу делают зло чтоб захватить власть на этих предприятиях зато теперь свобода что хочу то и ворочу,0
доброе утро друзья ✌☕☕ начинаю пробежку по всем замкам. спать хочется пипец |-),0
жидосвинья ебучая,1
кончить блядей !,1
"ефремов достоин самого сурового наказания!!! бессовестный,наглый алкоголик!!! ни за что погиб приличный человек,хороший муж,отец и брат!!! позор ефремову за его трусость!!! свинья он!!!в тюрьму его на полную катушку!!! такие люди не должны ходить по земле!!!",1
да он сука по обочене пробку объезжал я б его суку еще на дафе задавил чтоб знал гандон,1
да согласен время понторезов маминькиных и папинькиных сыночков сами ни хуя ничего не умеют и не заработали а потнтов больше чем весят -компьютерные долбоящеры дигенераты,1
доведем до людей,0
"девочка продается ,а не пристраивается",0
с питеру ваш умный.,0
"эти сэкономленные 42,5 млн как бы боком не вышли",0
"ну место рождения в керженце,там же наверно другие люди рождаются,не дибилы и не кони,а главное воспитанные все до одного👍",0
очень в глаза бросаются повторяющиеся тройки грибов. развод!!!,0
и звали бы его ильей😂,0
что вы..суки..пиздите!!!!,1
россия прямой эфир хуило москва на б году жизни скончался президент рф хуйло вв в ест и хуйлом новом мавзолее скорбящие россияне прощаются в в,1
"дожили,блядь",1
"а это вообще законно, высаживать пассажиров? проезд оплачен.",0
зажрались господа!!! к стенке нахуй пидарасов!!!!!,1
стыдно за сельчан:(,0
две зимы и три лета,0
"дебильная группа,почти все фильмы не до конца🤬👎💩",1
от тебя блять в рили воняет,1
"дурак ,это просто кошмар а не массаж",1
"на остановке, лёшка спрашивает где ты, сейчас прибежит",0
"представляете,он служит в полиции.делайте выводы,гадов там хватает.",1
ночью воюем?,0
"заказ не пришел. Продавец отправил на неверный адрес. Спустя 1,5 месяца с момента оплаты, начали звонить и уточнять время удобное для доставки. Причем звонили по 4 раза на дню и каждый раз удивлялись, что я не живу в указанном продавцом городе. Исправляли данные м все по-новой. Две недели звонили!!!!  Связалась с продавцов, конечно, попросила вмешаться . Прислал ответ, что проверит адрес и исправит. И тишинааа... а доставка звонииит. В общем истек срок защиты и я открыла спор о возврате денег. Продавец не вникая абсолютно, предложил набраться терпения и ждать товар!!!!  Бессовестно. Его косяк,  а он еще и дураком прикинулся... ждите... Спасибо Али, деньги вернули. 
заказывала в этом магазине уже и была оочень довольна качеством одежды. Эта ситуация оставила неприятный осадок. Продавец не порядочный. Врядли буду заказывать здесь снова.",0
пиздабо........льную?,1
"я так получилось работал и здесь на его производстве-на клинском мясокомбинате :-d немного .скажу тебе так же политика к рабочим со штрафами ,один в один .да чего говорить ,если этот сучара переписал с боссом своим трудовой кзот советский ,урезав права работяг до нуля .потом они подумали и ..горячий стаж.. увеличили и обрезали .много чего творят суки .",0
"если новый планшет, могу настроить , заведем новый аккаунт для скачивания приложений , могу сразу зарегистрировать в приложениях , да в принципе много что могу😄",0
"мужиков не каждому? каждому, а дальше от нас зависит.стало какой то неумной модой ругать и винить только мужчин.вроде, все женщины ангелы.",0
"качество порадовало, оказалась намного больше чем голубая рубашка. но в принцепи сойдет",0
запретить вывозить этим шакалам золото.дармоеды вонючие душистые белорусских хапуги,1
зависть.на красивом теле красивое тату.может оно просто нарисованное гуашью даже но обосрали женщину.у каждого своё хобби и тараканы в голове,0
сыездить и морду набить,1
сергей где жереха половить с катера,0
тварь безмозглая,1
ма тра личкада не лич када мегом гандон бля,1
"продаю дом в с. берестянки, сасовский район. 9 соток земли, газ, вода, большая комната, кухня, коридор. оставляю мебель. прекрасное место, рядом речка, остановка маршрутного такси. я собственник тел. 89160058422.750 тыс. руб. обращайтесь, небольшой торг уместен.",0
пиздаболище страшное! чего не понятного то ? господа хорошие,1
продали приставку?,0
слава героем которых воспитала хорошая мать и наша родина ссср которую сейчас костерят все кому не лень у нас в курганской области тоже есть такой герой николай анфиногенов да я думаю во многих сёлах городах нашей родины ссср есть могилки на памятнике над пись погиб при исполнение интернационального долга. у нас в селе таких 3,0
да что кусты. посмотрите какая замечательная скамейка.,0
евдокимов убить по приказу кремля!!,1
прияшного инпернепе оgыха в,0
а где у него карбюратор?,0
"эти пидорматические твари живут на другой планете , в другом измерении мы для них как инопланетяне .",1
"я все забываю спросить, а что такое государство и из кого оно состоит?сидиш сука на нашей шее и еще чтото нам диктуеш, ты не охренела от безнаказанности?",1
89098052237 пиши по общаемся,0
"а беспредел во власти облочные цены на медицину на образования на жильё развал сельхоз хозяйств заводов нишенские пенсии, зп и это расскажите детям что это всё при путинки происходит и личить их денег нету в воровском бюджете",0
"её ценить не надо,её ебать нужно, чтобы ни приятно было",1
красивый зверёк.,0
"дудзя ! на руси две печи .в одной хлеб пекут ,а во второй свистунов ебут. я тебе воровоное отдаю. а бараны умнее и полезнее в жопу дутых.славянин хренов свинопас",1
а забыл сказать еще и деньги получает 23 тр рублей,0
опрос долбоебов.сколько вас жмите класс.,1
все вопросы по телефону я тока выложил объявление,0
"не пора ли штрафовать этих уродов, кто оставляет после себя эту грязь, а не быть няньками у м...",1
а ваз это уебище не обогнать не в аварии выжить,1
"противная группа. отписываюсь. одни путиноиды,которые наверно уже и молятся на него.",1
когда будем вешать сипатого на иве лавку выбъю я!,1
"дура ебанутая и языком твоим поганым, только жопу подтерать.",1
"вот тебе досталось видно осёл затраханный, что ты так этим озабоченный.",1
налить рюмочку чая...,0
а передняя вилка специально не правильно стоит ?,0
под какой процент оказываете финансовую помощь и на какой срок,0
будь ты проклят лукаш ебучий. тебе мразь после всего этого даже на том свете места не будет.,1
во первый уроды русский народ то даёт то ебут,1
"настоятельно не рекомендую покупать эти водолазки. я такую ужасную синтетику ещё с Али не получала. всякое бывало, но это вообще из ряда вон. для примера скажу что после стирки эта кофта высохла за 7 минут, совсем как носки капроновые. она ужасно колется и прозрачная. про пошив одно слово- ужас, строчки пляшут, скроено неровно, повсюду нитки. может раньше продавец и присылал хорошие вещи, то теперь нет. не выбрасывайте деньги, пусть и небольшие. доставка .была быстрой. плюс могу поставить за то что быстро согласились вернуть деньги по спору",0
оторвать руки вместе с безмозглой головой,1
благополучия вам дорогие,0
эту падаль надо вешать на столбах.....,1
"скорее рубль дешевел по отношению к доллару, и как всегда деревянный сдохнет... что за еблан такое выкладывает",1
а что ты такой нервный? сиди дома и будет усё хорошо.,0
"Все таки правильно многие пишут, что s маломерит, можно смело брать м! А так, блуза очень хорошая! Трек полностью отслеживался",0
"да да расстрелять его , ..........",1
"да уж, есть же творческие люди, уважаю и восхищаюсь!",0
"интересно, предусмотрена ли ответственность в виде штрафа у за мойку машины во дворе многоквартирного дома в лнр, возможно кто-то обладает подобной информацией? в рф за подобное можно получить штраф от 1000 и выше.",0
"для начала вместо аватарки,нужно обозначить себя,а то уж слишком личико неприличное,только тогда можно начать диалог !!!",0
"по мне так ,что колоть или бить вполне сойдёт,а задник можно окультурить",0
трахнул бы в чужой сперме.,1
отшила и забыла отчитаться. юбилей у дяди. можно или поздно?,0
пришли деньги втб.,0
твой язык да в твою жопу! чудовище ты!,1
за 10 копеек что то очень много. в каком веке это было.,0
"я раньше о нем была лучшего мнения, а теперь вижу, не мужик... сделал-ответь достойно.... трусливый пёс.. ниже плинтуса упал.... только пиздеть умеет и водку жрать....",1
"очень жаль))) валюша, у нас теперь растёт другой володя- маленький))) но такого, как его дедушка, которого он тоже никогда не видел, не будет! таких как владимир я больше никогда не встречала....",0
сделайте фото крестика пожалуйста.,0
расстрелять на х у й,1
"это не азер, это позорище. азер никогда не будет подмахивать пиздоглазым, никогда. они их пользуются и баб ебут за даром.",1
трехлитровых по тридцать .,0
"ефремова оправдают, однозначно! закон на стороне дающих, а денежки у ефремова есть, только совести нет!",0
"а рефери то где, вообще мудак !",1
"я бы второй раз засадил , еслиб первый раз дала возле жопы понюхать",1
совет бабам никогда выпускайте не мужиков голодными и сексуально неудовлетворёнными там на улице всегда найдётся блядь с бутербродом руках в,1
аугустайтис сергей учился с 1973-1978,0
"Очень долго доставка. Это не толстовка, а тонкая кофточка.",0
"этого в сизо и долго, долго пиздить ****",1
чёрт ты попал на разбор! педрило это твое второе я! чёрт опущенный!! давай встретимся и посмотрим кто педрило!,1
отправь ее ко мне.,0
здесь этой суки не хватало ещё,1
"людка ты в натуре ебн на всю башку, тя наверное вообще не трахают или что бы овладеть тобой надо перетаскивать с места на место",1
кто захочет напишет кому надо позвонит кто скучает найдет,0
вы опять продолжаете мужиков оскорбоять ебаные миньетчицы,1
очередная е****тая дебилка......... но наших она переплюнула 100%.....,1
всё очень просто. его любит вся страна. он просто незаменим!!!,0
"у этого еб---ка то понос , то золотуха",1
дрочить не стремно стремно спалиться,1
ухохоталась,0
здание дворец.пенсионного фонда переоборудовать в брльницу для онкобольных детей.,0
"посылка шла 2,5 нед и принес на дом курьер. Боди отличного качества, ткань стрейч, плотная и хорошо тянется, размер подошел на 46 российский, по длине тоже идеально на 168 рост, единственно - горизонтальный шов намекает на то, что нужно носить с брюками или юбкой с завышенной талией. Цвет пыльной розы, мягкая ткань на ощупь и воланы - все очень здорово! рекомендую. Рукава не слишком узкие, хватит и на полную руку, длина рукава на длинную руку, не укороченные.Снизу три кнопки.",0
"парни а здесь хоть кому нибудь ответили, или это лохотрон?",0
стадо ебаных баранов хотят обратить всех в свою кострюголовую веру педерасты.,1
"что, аборт ёбаной шлюхи-алкоголички, слишком толстый конец поймал в свой раздолбанный сфинктер? ща еще ссак попьешь :-d﻿:-d﻿:-d﻿:-d﻿:-d﻿",1
не достаточно хотеть - нужно делать причину,0
что за пидорасы в рваных штанах,1
"добрый вечер, я хотела у вас купить две рубашки цветные 38 размер. вы не смогли бы завести их ко мне на работу? я работаю в ценопаде",0
в думе пидоры и твари и народ живёт по сучьим законам!!!,1
настроение надо кормить ! хрень какая то ! учите грамматику !!!!!😳,0
молодца девушка.пусть будет другим уроком.надо вообще не палец а то что между ногами торчит надо оторвать насильникам,1
красавец хоть на охоту хоть на рыбалку! сколько стоит такой?,0
зазеркалье ебучее....,1
о боже баба яга за рулем.,0
в 5 утра заебанка а так рейчал.,1
нищеброд тебя очко зачали,1
"мне всё было вчера , маленькая много детка две тысячи ноль тридцать шесть",0
"какая красота, какая ты умница, рукодельница",0
"красивое фото, добавляйте остальные фотографии в альбом,, наши любимцы,, 😄",0
"ушак, ишак ну как тебя ещё земля носит , придурок на всю больную голову",1
"Товар пришел быстро. Трек отслеживался. По размеру s на российский 42 подошёл хорошо. Разочаровало качество - местами брак в вязке, торчат нитки, не проработаны швы. Придется дорабатывать.",0
"а ты какого хуя здесь делаешь на стариковском сайте, молодой долбоеб?",1
"и я хочу посмотреть, а доступ ограничен😢😢😢",0
"сука,хоть бы акула его сожрала.",1
на июль месяц 2020 не найден,0
расстрелять их..чтобы такое не плодилось,1
"песня без вина присутствует также в акустическом магнит альбоме, она там по моему первая после вступления",0
светская львица и доярка когда gтоят раком смотрятся одинаково,1
"пидарок, ты хоть в курсе, что дебит и идиот, это два разных диагноза олигофрена!!? какая же тупая ослиная манда тебя ублюдочного тваря породила!??",1
"проклятый!из таких тварей маньяки и становятся,которые на сильных не могут вымещать своё природное дерьмо и вымещают на слабых.",1
этих уродов да за яйца и тудаже,1
злапутин и его окружение уёбки которые против народа,1
чтобты сдохла тварь пиздаболка,1
"даа,царь постарел, раньше царь мог лукаша трахнуть без проблем,а сейчас у царька кишка тонка, жаль...",1
где вы там фашистов разглядели? свастику - гитлер просто напросто украл!,0
Соответсвует описанию! Покупкой довольна:))),0
скажите пожалуйста есть в наличии стамина или индивидуал блю,0
заходите на сайт и задавайте владельцу вопросы,0
я бы преобрёл!,0
"лукашенко интересен только врачам, для изучения высшей формы долбоебизма!",1
ботаксная много ходовачка ебать вова долбаеб,1
продам 3000руб.,0
он че далбаеб чтоли,1
ройзман пидор.хотят нормальную страну развалить евреи долбаный.не сравнивание ситуацию с хабарой,1
у меня коротко его маму ебал анаитскую,1
"здох - туда ему и дорого, и родичи его пусть будут прокляты до третьего колена.",1
"отребье мерзкое, даже слов нет. утопить их вместе с лодкой!",1
я звонила мне сказали что будут с 3 до 7,0
"а чё так хочется найти, так выйди на мордовский поворот там быстро найдешь.",0
дибил паможет тибе твой хуй,1
это ты слыш козёл конченный я ебу тебя тварь блядь я ебу вас всех христианов суки вы все тупые блядь если ты тронул мусульман то и мы будем дат тебе в рот сука чтобы больше не смог разговаривать,1
"говно , ты ж прогнешься )",1
дамы будут каблуки снимать,0
"так вам дуракам и надо. мало вас мусора дубасят. в украине беркуты избили студентов так там люди майдан подняли а потом и янык к вам удрал. а у вас человека , а 10 чел на телефоны снимают.",1
"ебанутся, извините 👎",1
пшол вон пёс смердячий,1
"порошенко допжен сидеть в тюрьме,тогда и свора вся успокоится без этого ублюдка-главаря!!! там место и ему,и турчинову,и парубию,и яценюку,и тягныбоку и вообще всему мерзкому кодлу!!!",1
"чурка вонючая, сдохни мразь в муках",1
оборотень в этом туре в игре. мда...жопа.,1
"достойная жизнь в мире,где заботятся о старости!!!",0
чёкнутые дебилы педики эачем их показывать их надо истреблять что бы другим не повадно было.,1
голубые что-ли,0
"было бы за чо, уж вдул бы..",1
а кого конкретно мы хотим видеть? что за кандидатура...,0
в сысерти на ул. дачная офис(не знаю точно номер) михаил делает окна👍. заказывали и в дом и в квартиру. т. 89122832025,0
"иначе с лизожопами и дебилами нет смысла разговаривать, иди очко лижи, уже пора царьку лизнуть",1
Продавец ужасный ! Футболка не пришла !!! Деньги не вернули !!! Челябинск !!!!!!! Больше не закажу у него ни чего !!!,0
сергей.с днем рождения!!!здоровья тебе.твоя любовь тебя оберегает а народ потдержиаает.скорейшего тебе освобождения от этих уродов. верым.можам.пераможам.,1
во еб...тая дура!!!,1
пятно не отстирать и на самом видном месте,0
"тридевятое царствопредлагает разместить в вашей ленте следующую записькак же так! такой вещи простой в хозяйстве не оказалось! выручайте, люди добрые! мне нужно: масло подсолн. https://ok.ru/game/kingdom/?item=518111052619_1596566664_2/0/114",0
я могу понять тех кто путина поддерживает этой зарабатывая в стране миллионы используя в своих целях коррумпированность режима но долбоеб с з п б ты живущий в хрущевке и тр разбитой ездящий на девятке з взятой под в кредит за благодарен что ты так путину,1
и проверить на этом волоске- злая эта тварь блять или нет!🤣🤣,1
между сисек бы поебал ее,1
"умная группа никогда, наверное, не знала, что русские в сочи не жили... или не надо знать? просто в ленту надо что-то кинуть?",0
какая безумная самоотверженность.аж сердце защимило...,0
чтобы её черти в аду ебали,1
"Продавец мудак!!!! Во-первых отправил не тот товар, отказался возмещать деньги!!!  Спор в итоге я проиграла!!! Продавец тварь!!! Желаю ему сдохнуть за эту тысячу на которую он меня наебал!!! Вообще таких не порядочных продавцов мне вообще никогда не порождались на алиэкспресс!!!! Мудачило китайское!!! Сучело наебщик! ",1
ну и развеселил,0
"спасибо, хорошие штанишки",0
пидор продажный угондошить 100%,1
"вот именно. а не знающие говорят, что нет вируса. я лежала на карантине в корсакова. видела как спускали людей с короной на 2 этаж в терапию. смотреть было страшно на них. а их не хоронят, а кремируют в южном.",0
я не люблю такую манеру общения и потому я прекращаю такое общения . мне по душе другая учитесь...,0
леночка благодарю от души за такую красоту. как всегда великолепно!!! мне очень нравится!!! 💋💋💋🌹🌹🌹,0
жирный хуй,1
"худела родственница,ушло около 200 тыс.денег.ей помогло.",0
а в эстонии есть поселение аа,0
"девушка, если хотите записаться то делайте это без всякого затруднения) мастер отличный(сама лично ходила к ней и была в полном восторге!!!) не пугайтесь словуна дому у неё все предусмотрено и сама очень вежливая и т. д)))) 😊🤗👍",0
чб о день з трицепсовые отжимания с поворотом встаньте в высокую планку отправить сохранить со,0
гордимся!❤,0
"я смотрю уже несколько дней на такие сообщения, а вы пытаетесь мне что- то обяснить. зачем? информация с цифрами должна быть правильной и понятной. мне интересно для чего люди ставят ок ?",0
"пожалуйста подскажите как бороться с тлёй на табаке,зарания благодарим.",0
"гавнюк ,долбанный,что бы тебе гореть в аду .будь проклят ты и тепой род .",1
"давить на корню проплаченных сволочей, за пять копеек готовы продать мать родную. правильно лукашенко держит их в кулаке.",1
"из под прилавка? не всем был туда доступ, только уважаемым людям)))",0
"сидишь в своей хохляндии, вот и сиди и радуйся своим переменам.. пей шампуси, соси член и не завидуй беларусам",1
"почему с дамой незнакомой на ты ? чурка, презираете женщин ? мамка свою соплю не воспитывала мужчиной ?",1
нейтрализованы это как ??? один раз нейтрализованы отвезли отдыхать в больницу израиля !!! сейчас слышал что их этих пидоров убили с беспилотного аппарата !!! да вы уже в конце концов блин опредилитесь убили ??? или ранили или нейтролизовали или как вас понять !!!,1
проститутка валютная,1
молодцы 👍👍👍👍,0
"крым то наш,но народ там пидаростический.",1
эти две твари и валька-стакан попали с панели во власть за счёт своего передка !,1
красота-то какая! классные фото!,0
пошла нахуй и то моя мама зайцева юля ей отдадут куртку да мам,1
"блядина вафельницу закрой,постилка нациская",1
ну пишите сразу цену! сейчас пол города начнут спрашивать!,0
"а можно видио,?. спасибо",0
нам это очень надо .,0
вот эта жирная мразь и сидит на шее у народа!,1
и твоими устами хуй сосать часами,1
"добрый день, такой фамилии нет",0
"у меня не такой конечно , но и такой в руках держала:-d",0
"почему всё время должна? знакомая молодая женщина, очень даже симпатичная по уши загружена работой по хозяйству (огород, лес, куры, поросята, дом, готовка, приборка, полное отсутствие благ цивилизации), трое детей. она красивая, но к каждому вечеру уже выглядит не самым лучшим образом, потому что умоталась, растрепалась, устала. язык не поворачивается требовать ухоженности и бодрого вида.",0
"люблю арбуз, прекрасно утоляет жажду, салат несложный-мякоть арбуза, брынза, полить оливковым маслом, сок лимона, украсить мятой, немного черного перчика! август-сезон арбузов в молдове!",0
дочь прям копия лица папы,0
барса говно спартак бы забыль бы 6:0,1
деньги! просто деньги :-d,0
можно свами трахнут,1
"а он разве один у власти? вы только прикиньте сколько дармоедов кормит народ,рабочий класс,они к власти стремятся ,чтобы по больше наворовать,вот их задача у власти",0
руки по самое не балую отрезать. он их не сожал не жил рядом с ними грибы там не собирал. накажет его боженька за уродство. таких сук я не видала.тварь,1
"вы огромная сплочённая толпа,",0
этих уродов пора в магадан,1
их же мало а нас значительно больше .почему мы позволяем нами манипулировать ??? кто мы после этого когда прозреем?,0
вот и его нужно было порубить потихонь на части.,1
так не плохо но не нравится что под самый потолок.. такая высота давит на коридорное помещение..,0
очень...!!!,0
"мы были в абхазской деревне, там такая же старушка, вырастила большее количество мандарин. здоровья и сил бабушке.",0
какие жестокие люди)чтоб им оукнулось кто их выбросил!спасибо добрым людям!!!,0
что вам фургало сделал сиди ди на свою нищенскую пенсию и помалкивай. или тебя ктото из путинских спонсирует?,0
"меня поражают комментарии. водить пьяный,таких мразей которые садятся за руль не трезвыми, вообще нужно расстреливать на месте. когда ни чего не случилось, то дпс плохой, а когда сбил на сметь, то готовы водителя расчленить. вы хоть определитесь. пока такие мрази пьяные за рулем чьи нибудь жизни не унесли!",1
+400. забыла пометку артемка сделать.,0
"залетный больной на всю голову,его в дурдоме место,а не в губернаторы!",1
это что еще за пидор тут объявился что за жуйню ты пишешь вафлист -- рецидивист и на полставки пидор вы там в кишиневе допиздитесь до чегото хуевого или вы очень хотите чтобы приднестровские танки заглушили свои моторы возле памятника штефану чел маре хорошо смотрите пидорасики а то и до бухареста добежать не успеете ослы с бараньими рогами,1
"мразь, убить его надо этого человечешку, вот мразь, господи уничтожь эту мразь",1
я карантин пересижу и снова з е сентября,0
просто не люди а пидоры,1
пидор самово выебать,1
настала пора нужен большой референдум за сохранение ссср это большое и мощное дело и если только будет назначен день голосования это всё госдеп сша англосаксы и наше козловьё навальные невзоровы каспаровы итд итп они не то что абосруца и абосуца они закричат что россия обьявила нам войну и вот когда эти твари рыпнуца вот тогда эту пидерастическую тварь причесать по полной программе точка,1
‼новинки‼ ✅костюм школьный✅ двойка рубашка-обманка и брюки ✅выгодная цена ✅ производство: турция 🇹🇷 размеры:116-122-128-134-140-146-152-158-164 цена 👍👍👍48 руб,0
как боль эту перенести когда рется з на части сердце и забыть не вернуть и не лишь болью с жить нам остатся вечная память мр,0
на большее тебя не хватает только член и очко вылизывать,1
а где находится магазин?,0
ну увас есть опыт на мжм секс,0
пенза не скули хуета с гусиной шеей😂 😂 😂 😂,1
"красивая женщина! обожаю, здоровья крепкого!!!",0
за счет лука нет брожения.,0
"добрый вечер,я бы купила на пробу несколько баночек по 0,5л",0
"если вы работаете таксистом, то вам позволено высадить детей? вы взяли деньги, я понимаю, что дети могут быть устали и капризничали. но так поступать нельзя.",0
короче все 33,0
закончите скорей ударно. свои стишки писать бездарно,0
"валяйкаетесь? наша так же частенько на нашем диване (тоже разрешено многое для собаки и кошки в семье, любимки..)",0
что-же допустили ! вся страна на вахте ...,0
"живут (говорят) как кошка с собакой, оказывается, вооот как!!!",0
"не совсем тарья, но её гостевое участие в международном (базово - аргентинском) проекте beto vazquez infinity. давно это было - аж в 2001 году.",0
"короче, по логике заметки надо сразу в морду бить! вот так он и нарвался.",1
"понеслось! вторую волну дури начали подготавливать!здесь есть врачи -психиаторы? подскажите,какой диагноз у этих.....,просто знать с кем имеем дело....",0
🙏🙏🙏спасибо волнтёры.,0
"классно тяффкаешь свинособака обдристаная, дрессуре поддаешься. ну сосни чупакабра обрыганая и застрелись пиздопроебище мордоблядское.",1
"дал бы я тебе по ебалу, но ты же фейк! тебя нет!",1
ох как же это сложно счастья вам и терпения,0
ух орешек иди ко мне будет огонь!,0
"аха, день обещает быть очень даже ничего!!!👍👍👍👍;-) 💋",0
"всем считают 4 мес,у вас чего-то перебор вышел.",0
михуи работай дальше п*****р!,1
пидарасы в погонах.,1
просто пиздабол,1
посмотрел я в огород-тузик шарика ебёт.а потом наоборот шарик тузика ебёт!,1
это кто готов на революцию? хуйловский жополиз клоун жидовский?.да пукин глянет на него и он от страха обосрется,1
"да нет , что вы - просто расстрелять и то мало будет , и почему токо одного его и таких много предателей родины",1
причина косоглазия и не только,0
смеются и не подозревают что готовят для нас эти пидорги! не с проста ох не с проста через тайгу ведут такую трассу..,1
ольга сергеевна отличный логопед!!!!нам помогла.,0
"Заказ шел около месяца, не отслеживался. Трусы красивые, хорошие, но на кружеве затяжка отстрич ее нельзя, так как распустятся сразу. А еще спереди были нашиты нитки для этикетки, но этикетки нет В целом, за 64,94 рубля, заказом довольна.",0
"чтоб он сдох, козлина!",1
тебе вряд ли.......ты дебил,1
классическое быдло🤷‍♀️,1
прелесть какая!👍❤️,0
а хочиш сасат мой член,1
а вся страна даже не хочу ее имя называть..... всем похеру пока у самих такая сетуация не выйдит..... блять китай или америка ну пустите ракету на нас чтобы не позориться руский народ это все конченые .,1
очень красиво а самое главное сколько труда и терпения вложена в эту красоту,0
"а цыганей куда,к людям или неграм?",0
таких долбоебов я ещё не встречал.,1
сколько стоит диван,0
"а какой уксус, 9%?",0
когда жил у бабушки в деревне я тоже это ел,0
ебаться и рожать------не проблема------оооооххххххуеть-----какая героиня-----наеблась и высрала-------ссссупер !!!!!!!!!!,1
"гозель не лезть за кошек,ты сидишь на жопе ровно, считай свое .я бы тебя дуру разорвала,за бесловестную тварь,скотобаза,татарва поганая,спи сука спокойно.ты тварь,не одной кошки не стоишь......",1
"тупоголовщина, дебилы не доразвитые. ну и какая нормальная мать купит эту х...ю своему ребёнку.",1
вы тут все недалекие или есть вменяемый хоть один?))),0
короленко 49 кв 2,0
"безнравственный стих,пораждающий распри в семье.кто его написал,видно абсолютно не думал о чувствах матери ,родившую дочь.ни кто ни кому не должен кланяться.",0
Вчера получила заказ. качество изделия  хорошее. минус в том что боди оказался мал. придется немного нарастить ткани и сделать заклёпки. тогда будет отлично,0
какой. город,0
"не истерика,я просто делаю свою работу ,за которую мне платит госдеп",0
какое классное предложение!!!,0
ебаный провокатор,1
ромашковое солнце. ромашковое лето. ромашковое счастье. приветствую тебя!,0
"таманская дивизия в/ч 89553 татищево, светлый, саратовской области. мы ждем вас, все расскажем и покажем, пообщаетесь, найдете земляков, однополчан. https://ok.ru/group60yataman",0
"#дом от хозяина, без посредников, срочно, недорого: весь 1400000, по половинке по 700000, два входа, капитальный, старинный, бревно-кругляк. основательный. +79130533050",0
"этот трактор выпускал харьков, но не киров.",0
чем обидела?,0
животные блят гиsнки ет и,1
хотите отдам,0
"открою секрет за рулем была моя бабушка,правда она умерла32 года назад,а этот пьяный и накуреный пидр сидел в бегажнике",1
"алёнушка, умничка!!! держим за тебя кулачки!!! ты обязательно выздоровишь!!!мы все в тебя верим!!!",0
"самая моя любимая картина . когда в 16 лет увидела ее в третьяковке , не могла отойти.",0
чрм б а часом не пидарок ли ты,1
"очень жаль,они должны были жить, это не справедливо. судьба злодейка. 😢",0
в очко ружьё и на курок нажать.,1
5 зуб чеснока 1 ч л уксус,0
пидар. за яйца надо вешать.,1
мало сахара и очень много воды,0
ей бы для начала присунули раз в жизни на пол раза и усе.....и хвахтит....,1
какие ребята молодцы👍 😍,0
цитата спящие из сериала знаешь что заметил когда я вернулся самые недовольные в этой стране не голодные а сытые,0
вы все идиоты продажные твари кто стремиться опорочить в.в.путина путин это сила и он как кость в горле америкосам дай бог силы здоровья и терпения путину а вы все мрази здохните в аду за точто вы продажные гниды.... слава в.в.путину.!!!!!,1
расстрел через повешение!,1
очень весёлые лица 😂 😂 😂 а так супер !,0
"согласна, эту рыжую свинью на кол. расстрел для него слишком гуманно. только не понятно почему он руководит таким значимым предприятием?!",1
💋💋💋всем,0
"девочки а стимул получали за май, июнь, июль? и если не секрет какая сумма 1балл?",0
давайте жить дружно,0
"зато у тебя очко на распашку пидормот, что ты забыло в этой группе хуйло черножопое?",1
скраппи оказался болен витилиго.,0
"да пропадите вы, пидоры пропадом.",1
"ужасно и дико , вся америка и её демократия , добавить сюда дрезден и можно себе представить кто они есть на самом деле . кровожадные ушлёпки.",1
на кол его как в старину трезвых сажают а он что особый?,1
Заказ не был получен. Деньги так же не были возвращены.,0
89125758452 новоберезово сбродовы,0
безлицый аты тз пидоров знатный сиsоvаскли,1
"ты в курсе, что ты обезьяноподобный мудак хуеголовый???",1
неужели ребят сдаду,0
сжечь всю поленицу с техникой и пилорамой,1
какие молодцы! поздравляем! 👏👏👏,0
я тебя пидара затресу. ублюдок,1
жид ебливый.,1
это в даный момент нужны родители или выташили с кладовых ок,0
путиноидые все пидоры они бо чзбчча в у,1
"что это за сайт, который не открываеться?",0
"поищите в инете, где ефремов читает стихи, порочащие нынешнюю власть. но за своё поведение, за езду пьяным, убийство невиновного, а затем отрицание своей вины, ефремова надо распять или сжечь на костре как в древние времена, ибо он ведёт себя так, как буд-то в него вселился бес безнаказанности!",1
ответьте кто-нибудь... а муж в чём познаётся?,0
👍👍👍... они называются воровками на доверии или душевными пидорасами..!!,1
ты не любимая ты по голове трахнутая,1
"вот понабирут пидоров в охрану потом нормальные люди страдают!! причём самое прикольное косячит такой вот чёрт охранник а стыдно за него другим, в том числе и мне!!",1
спасибо родителям вырастит настоящий мущина их сейчас очень мало,0
"только вчера это фото было,были и коментарии,сегодня всё заново,попрошайки вы хоть имейте совесть,уже задолбали,а админов в шею гнать надо,почему не контролируют,мальчику нужна игрушка,а не наши классы,ручки бы да и ножки тоже оборвать дебилам с протянутой рукой.",1
с 14 года трескается по соц сетям и на коленях просит деньжат!,0
сушит она его)),0
"Мне не повезло с пуховиком.Да яркий красивый,но пошив просто ужас!Из отстрочки,оз швов в пяти местах (это по всему пуховику )торчали нитки !причём пытаясь завязать их,чтоб дальше не расползалось,поняла что имею обратный эффект!строчка начала распускаться,Чтоб не расстраивать ребёнка решила оставить,но понятно что не чистку ни стирку он точно не переживёт.А насчёт доставки ,быстро пришло",0
а ты то из нишиты сука своровала гогда союз вот и всю страну своровали и сделали что народ стал как рабы. я знаю в сша если человек работает то ему плотят хорошо а у нас наебывают такие прошмандовке как ты и ещё пиздишь может будет переворот чтоб вы с голои жопои остались и на ледовитыи океан там такие твари нужны.,1
"ну что,31 число,ждём зп!!!!!",0
"чтобы сдох мразь, и мучилься",1
"от говна слышу, уебок придурошный! ненавижу тех кто не разобравшись пишет такую ересь! сгинь, падло! ненавижу и презираю тебя! смотры, недоразвитый, я ни слова о национальности не сказал а у тебя хохлобандеровские гены ибо они чуть что оскорбляют россию и всех русских! так что кто говно украинское еще надо посмотреть и разобраться! уразумел, гнида?",1
слушай урод не востребованный всеми женщинами нашей страны.иди ты в свою жопу хамоло и дроби свою пипиську в кровь.извращенец !у тебя подруля только в несчастные девульки и тетки в друзьях.был-бырядом мой муж и все мужики тебя рекомендую поставили и сосать заставили.такую гниль и тварь как ты в интернете надо гнабить !!!,1
а чтои кого предал путин?,0
в россии правды нет и никогда не будет!,0
мокрая киска тебя трахает?,1
ОК,0
"скромно заметим ,что они где бы не жили, они никогда нигде не работают.вопрос?????",0
"п.......ы, на кол таких принародно",1
"я за тебя молюсь всю жизнь ,володька мой любимый , хотя мы не вместе...",0
а что? он что то не то написал? или ты с ним не согласен?,0
"остался один мальчик, звоните!!!",0
какая модель? длина по карнизу?,0
не понимает этого народ...,0
сиди у себя в россии и не лезь к нам,0
ты хуй одетый в рясу вообще ни как с богом...я бы вас всех повесил на ближайшей колокольне.....,1
"актеришка, опять в образ входит.растрелять, что-б другим наукой было. пора этих шутов и музыкантов,акробатов и спортсменов в стойло загонять .на зарплату тварей и депуратишек в придачу. 10рублев в месяц и пусть кувыркаются,и воют под фанеру. а спортсменов отстреливать если проиграют, а то им бабо , трудягам , автозак. несправедливо.не правда-ли???",1
"внучка как -то приехала в гости пришлось вызвать скорую (заболел животик) ,а врач спрашивает доверенность от мамы.идиотизм",0
стыдоба позор,0
какие-то мрази решили погубить священный байкал. этот вариант не пройдёт . это же подарок самой природы и вдруг какие-то выродки решили загубить. побойтесь бога !,1
твари неблагодарные !!!,1
сосите хуй со своей вакциной!,1
с днем рождения!!!! здоровья счастья любви удачи!!!!,0
супер дай бог здоровье ей,0
ебланы тупые,1
рыжик?голиаф!,0
бедненький как ему страшно! чего то напугался!,0
"там их больше ценят и ждут, нежели в родных краях.",0
вова пидор путин даже свою попу продаст,1
рецепты для глупой лошадки. зерно едят распаренное. мед греть нельзя. долбоебов лучше больше и не читать.,1
как ты ж сука всем надоела !! всё у неё шалавы все уроды одна она красавица написанная труженица халявы не любит !! оставь в покое всех !!! была б ты рядом я тебе бы рыло начистила !!! красавица !!!,1
если бы он не был коммунистом я бы ему поверил во всём.а так он часть красножопой толпы пиздоболов тима маркса и ленина.,1
это шо за ебанько?,1
таким вообще нельзя иметь детей. конкретно этого папашу кастрировать .,1
готовы классы на 57 фото,0
и вы хотите идти в это зло пусть батюшка ссука покаится и ходит сука пеха а потом может схожу в церковь видимо не зря их с.к гнобили выползли,1
казнить публично мрази,1
это которая алые сердца или другая дорама,0
глядя на эту красот хочется сказать огромное спасибо и пожелать успехов творите у вас талант браво,0
хуесоска!!!,1
"корнеев,а где монологи про твои стринги и твою жопочку,голубой ?",1
"к стенке п...раса и расстрелять нахрен. люди всю жизнь вкладывают в пенсионный фонд, а какие-то твари этим пользуются.",1
нашь противник по турниру. оккуратней 38 чел и в алмазной лиги кланов??,0
умнечка. очень шикарно. 👍👍🌹,0
её бы на авто стоянку,0
"сладких сновидений, но так не хочется отпускать.",0
"охренеть...... вейпы, снюсы, кальяны приравняли к табачным сука традиционным изделиям. короче покупайте и жуйте, но только не на глазах у общества...... а так...... блядь ввп, лучше бы ты своей ручкой дрочил себе конец, так оно как то для общества безопаснее.....",1
"что-то у тебя всё к спиртному сводится. алкоголичка что ли?. в отличии от тебя, я за резвый образ жизни :-d",0
таких надо растреливать !!!! нахрена мы будем плптить налоги и его кормитть пожизненно !!!!,1
расстрелять на хер,1
"по блату поступили , по блату закончили по блату устроились и управляют тупари ...",1
бездельники и тунеядцы ! на что живут ? или этим и зарабатываете ? весело живёте !!! поэтому вам никто не верит !,0
"подумай трижды,а потом промолчи!",0
"в советские времена пенсионер мог путишествовать по ссср,имея в кошельке пенсию за месяц,а сейчас только на такси по городу.",0
"опять же ,смотря каким пенсионерам, есть такие пенсионеры которые гребут деньги лопатой и прибедняются что они бпдняе",0
"очень хотелось отрубить башку тому абхазскому петуху, который каждое утро в 3 часа кукарекал. и ведь я некровожадная.",1
семья провожает младшего сына в детский лагерь. отец: - не пей! мать: - не кури! старший брат: - не пались!,0
"конечно, июля.опечатка.",0
попользовался россией и свалил и не лезь сюда мы сами справимся,0
"как же это всё надоело то!!!!!когда же вы все ненасытные то наедитесь то а!!!!тут один выход расстрел и всё!!!или приравнять к измене родине,своровал у народа-украл у родины и пожизненное давать.шунча каргиш эшитвослар,буюрмиди эй инсонлар.харом пулни болайларга едирвослар.куркмислами уни жавоби борку!!!!!",1
маргарита счастья тебе огромного,0
"такие ушлепки, как она точно заслужили",1
кто заказывал объясните как сделать заказ,0
"дочка понимает, наперёд смотрит.",0
"как я вас понимаю, сама такая, тоже терраску самостоятельно делала. и живу с котом.",0
мира добра любви и счастья,0
вот как раз с данным видео теперь и можно отправляться в пдн,0
"вы меня слышите? я не выхожу из игри я нахожусь на этой основной территории.и инернет отличный.я не моу посадить это новое дерево уже целую неделю,как оно появлось в продаже.",0
"повесить за яйца на дереве,где большая проходимость народа",1
"спасибо большое,двери за 1000 поставила",0
"доброе утро девочки! а у меня такие дела. купила вчера горящию путёвку в геленджик, завтра с настей выезжаем. так что фото репортажа, будет с моря. а пока вся в хлопот ах, ничего не забыть и все доделать 😍😘👋",0
"какие же мы , русские, долбоебы, хуже всяких аборигенов.. у них гордость есть...инстинкт самосохранения, а русским, похоже, на все насрать.. обидно за мою нацию, стыдно перед поедками ,",1
"как родит, схватки закончатся, так все и наладится. у нас такое было точь-в-точь.",0
приветик всем. мне очень понравился завтрак. яичница с помидорами мое любимое блюдо.,0
"89181271550, 8989169-69-35, 8-91868-65-108, все разные мастера",0
"так каналы все федеральные, ....то соловьёв замутит тему про хохлов, то гардон пригласить в студию охабку долбоебов, и т.д. и т.б. соберутся в студии и давай обсуждать все вокруг да около, ......между прочим за наши деньги......а вы шумите про дом-2...... а они у государства денег не берут...",1
расстрелять этусуку,1
недоносок безмозглый,1
когда придет примерно,0
"да небуду я тебя переубеждать, если ты рождён жополизом то таким и помрёш, иди работай своим шершавым язычком, хвали всякую мразоту типа чубайса, грефа, сечина и прочих ублюдков",1
"лучше добавить- прокляты, тогда подействует",0
38 есть?,0
что правда то правда .,0
прекрасно здорово браво👍👍👍👍👍👍👏👏👏👏👏👏👏👏,0
ленин пидор эта некому не секрет,1
бедная оксаночка. ты была ангелом. большая утрата для всех блиских.,0
а в щекино на сбербанк было кому?,0
продажный америкосовский ублюдок.,1
"хабаровчане!!! за отмену пенсионной реформы, за отмену бутофорной конституции, за повышение зарплат, пенсий, за разгон думы, за освобождение полит заключённых, за бесплатную медицину, за бесплатное образование, за реформу полицаев в народную милицию за отставку кукловода!!! проснитесь, ссыкуны!!! а имя путин, будет проклято!!!",1
стойки на зеркала сколько стоят?,0
глупости всё это. а за первый комент убила бы.,1
пазик это не автобус а ругательное слово!их давно уже пора запретить!,0
откормленные рожи,1
я б ее трахнул хорошенько,1
соопщи адрес деревни,0
"а у каклов как не было ни чего, так и не будет!!! всю жизнь на подачки живёте, попрошайки!!! 😂",1
спасибо !!! с добрым утром !!!🌞 :-) 💋,0
такая же херь ---- в 6 утра ----в субботу------- пидорасы,1
хабаровчане!!! вы гордость россии!!!,0
хорошая доярка еще на титьки не нажала а молоко уже течет,0
убить билла...,1
будьте здоровые и счастливые.,0
"пиши хотя без ошибок,двоечник гадя.интернет-это мировые сети.ты уже не раз заходил ко мне на страницу в ок,крутишься вокруг меня давно и неровно дышишь.уже давно с тобой все ясно,где появился-там и нагадил.",0
девченки красивые,0
хуйню не гони крамола русский нацистишка который думает что он потриот ладно потриот но чужие заслуги присвоивать это не потриатизм ...,1
"с днём рождения, дорогая! желаю тебе здоровья, удачи и терпения. будь счастлива и не отчаивайся!!!",0
"котов сделай укол в голову галоперидоолом,и успакойся. зека не доделанный🤦‍♂️",1
да и еблан однако догадается.,1
сказочный долбоеб :d :d :d,1
если не новодел то она конкретно тяжёлая.,0
святые места! была в бресте в 1965 году. тогда состоялся грандиозный по масштабу и замыслу организаторов 1-ый всесоюзный поход молодежи по местам боевой славы...как доброжелательно нас принимали жители города!!! много интересного и событийного произошло в эти незабываемые дни))),0
будьте благословенны богом хранимы и ммра благодати и,0
"чё ты тут вываливаешь, старый пидор!",1
колесница. дело будет завершено и принесет материальный успех.,0
кто прав. да он придурок!!!!,1
гнать их нахуй на шахты пусть там кукарекает бляди,1
отстань от многодетных. труд яга нашлась!,0
а потом горшок😊😊😊,0
"внутри церкви тоже очень красиво, а еще есть книга, куда можно написать что нибудь на память, да и витражи там здоровские",0
а где было снижение?по снг,0
его прибили к позорному столбу...,0
лежалый товар.видать спросом непользуется😀,0
всех кто против народа уничтожать гнид,1
мрась срать захотела,1
а причем иисус,0
"мразь ебаная, не ордло, а днр и лнр. запомни это петушара ебливая",1
а воз и ныне там,0
согласна с вами. от таких уродов надо избавляться,1
пидоросня ебучая все камеры зафиксировали пьяное быдло проклинаю на долгую жизнь чтоб ждал смерти а она к нему не приходила ..,1
суке шею свирнуть и сказать что так и было,1
о таком можно только мечтать!,0
поет красиво! от души! легко...очень нравится...такая милая...alizee..❤,0
"подвесить за яйца , эту тварь!",1
сарафанное радио о серьезной болезни лаг имеет место быть?,0
стрелять этих мразей,1
где денег побольше платят и не надо напрягаться? это точно не в школе.,0
"дети искалеченны, бедные,а его расстрелять.",1
хороший список дел женских!,0
козёл 😡😡😡 !!!,1
а работники магазинов твари им все аукнется!!!,1
"Среднее качество, в швах торчат нитки. С размером тоже непонятно. Заказала М - в итоге в бедрах узковато, а рукава длинные. Не понравилось то, что на изделии не было никакой этикетки. Такое подозрение, что до меня этот джемпер уже был у кого-то.",0
"каждый год, найдётся пьяный дебил, который даже праздник достойно отметить не может🤷‍♂️",1
чудесные слова!,0
перебор с упаковкой!,0
"сми уебаны полные,говорят только сколько кошка родила",1
вы приняты.добро пожаловать в семью.отныне ваш персонаж будет занят.❤,0
"калинина 7 5 этаж,струйкой бежит. но вонючая,до невозможности,как будто со ставка.",0
"батюшка спиридоне, моли бога за нас грешных...",0
как ты заебал сказочный пиздабол,1
"сами вы сазанка,",0
"эту мразь хочется пристрелить, а от запоминания что толку...",1
"а, наш петух завидивши молодку, он сразу изменил свою походку.",0
"размер больше чем заявлено, сама толстовка очень, тонкая, как водолазка.",0
ты по чупикам экзамен уже сдала? когда настоящий хер сосать начнешь? с проглотом любишь или чисто по морде?,1
"собака прелесть, только надо было той суке в харю вцепиться.",1
крюк нужен через 30 минут,0
"ну так подумайте.вас ебут,а вы не слышите.",1
дурдом отдыхает ...,0
вообще-то в эмиратах всего два города если у нас была москва и питер,0
"путин - мразь , едроссы твари , уничтожающие народ . по очереди сдыхать начнут от не известных болезней , гнев людской не проходит даром ни кому . ждите - власть воров и уродов , ваши деньги украденные у россиян , не помогут вам - тварям , вылечится . ждите приговора божьего и людского . аминь !",1
всё здесь за деньги?,0
"этот сабокен с тропик парка,который находится на токарева.хозяева его ищут,отнесите его туда",0
а че этот урод с флагом на велосипеде а что бы съебать быстрее,1
учи русский1,0
"ни в этом мире.если не согласны, вы ещё не сталкивались со злом.",0
добавляю сладкого перца 1 шт.и уксус 9% на литр воды 1 ст.ложку.,0
счастья вам и здоровья !!! ♥️♥️♥️,0
придурок ебаный,1
"поздравляю всех победителей- марию зайцеву, ольгу жалнину и надежду момлик! стихи просто замечательные! молодцы! творческих успехов вам и в дальнейшем!",0
"супер, как приятно!",0
проверяем количество ваших номерков!,0
"так это пидар иудей иуда, у него вся жопа порвана от того, что всем приходиться давать, кто у власти главный. скоро будет брать минет, чтоб только богаче стать, если уже не сосёт. (h) 👍 .",1
меgагоп lте ч вб и о фото gниgна эйфория нравится ч gниgна мейнкун еипсооп деньрождение вот тивыроссым андрошкегод,0
дебилы сложно каждый день сисю сосать?,1
"сын рассказывал, что в школе у них отличники так же делали, ничего не знаю, ничего не учил - а потом пятерки домой приносят!",0
"китайцы, что ж вы за народ то такой заразный!!!!!! хлорки ебаните хоть литра 2",1
"фейк дяди сэма... на самом деле - всё что происходит в/на украине и белоруссии это война запада против россии... лукашенко сидит у руля или янукович - один хуй - кто с россией - там будет бардак... нет я не за путина или лукашенко - это воля народа россии и белоруссии - но то что идёт откровенная война запада против россии - это видно со стороны более чем отчётливо, чем тем - кто отплясывает на майданах под дудку дяди сэма... даже великий идиот человечества гитлер был уверен - что бы победить русских - нужно разъединить украинцев, русских и белорусов...",1
а особенно в отделе прописки!!!полнейший беспредел!!!!,0
"если бы бляди получали по 10000 тысяч в месяц и 6 или 8 отдай за жкх вот я бы посмотрел как бы вы запели. а то сша , сша .",1
таких надо расстреливать и не возится с ними а семью в тайгу.,1
"тут не только про русских, тут про всех, о тех кого уже нет и хоть какая национальность будь!!!",0
сбербанк онлайн чек по операции сбербанк онлайн перевод с карты на карту с дата о оо операции время операции мски о з номер документа бб отправитель иг обб получатель п карты чб сумма зоооо руб операции комиссия о оо руб код авторизации вооо алексей леонидович фио с пао сбербанк россии операция выполнена,0
это люди которых дрочили в детстве чморили а теперь они вот так отрываются пида.... сы,1
с палатки вылезаешь . дровишек в костерок подкинул . поплавок на месте . солнышко содится . ляпота!!!!!,0
"когда за химмаш будут браться, задыхаются люди жить не возможно, очистные душат.....",0
это путин пидор!!!!!!!,1
"у нас тоже запрещено кормить уток и голубей, поэтому что чтоб их не отравили чем попало,",0
"Ну значит так! Продавец самый конченный человек из всех китайцев! Сказать что он ПИДОРАС, значит не сказать ничего! Я его маму ебал! Или ее! Товар ГАВНО! Размер хуйня! Доставка сука 3 месяца! Это вообще пиздец! 3 ебучих месяца шло это гавно! Да засунь эту кофту себе в очко или в пизду ТВАРЬ ты ебливая! Чтобы ты сучара в аду горела! Не покупайте у этого продавца НИЧЕГО! Это наебалово! Пидорасы! Твари ускоглазые! Пошли вы нахуй! ",1
смоооородииииину,0
как может ета тварь ходить по земле заслуженый хам а не артист,1
об с и ч ч группы q актуально категории о л,0
"свинья-это очень чистоплотное животное!а здесь были черти!этих чертей ,нужно здесь же прицепить на цепь и оставить, до тех пор,пока не сожрут свой мусор!!!чтобы другим не повадно было гадить,,где жрут там и срут-алкаши проклятые,дебилы!а лучше всего надо, этих уродов, живьём закопать в песок,сделать им ,,солнце в пустыне.",1
урод красотой над смеется тупой над гением творца предавший в верности клянется улыбнется продавший мило сплетник гордый как овца а и нет начала и конца омар хайям,1
"вот, а теперь всех этих гнойных пидоров взашей гнать из страны.",1
расстрелять пидора!!!👎👎👎,1
вселюди уже трахаются тыч меня в сsоvаснни,1
что значит страшнее чем она?,0
"суки, чтоб они сдохли, кто это сделал.",1
"дебилы, перестаньте слать эту ересь, как вы надоели со своими классами",1
наказать,0
"спасибо, быстрая доставка, все соответствует описанию заказывала подруге и еще не мерили.",0
и пох дыре.че в дыру ей пихать.твою семью или мои руки ноги.ща яйцом ей по ебалу ёбну😂😂😂,1
красавцы наши родные;) :d :d 👍👍👍👍,0
и в рот ишачий хрен,1
дружи хоть с кацапом ты свяжи но сперва его в попатой дай в табло ему черенком проверь простату закопай пассы наверх это не грех вот тогда забей кол осиновый ы да бетоном все залей чтобы крепче дружба была хоронить кацапов нужно,1
моя родина баку. мои предки жили с 1790 г. я люблю тебя баку. но увы....,0
"пошла бы ты по холодочку... приверженка морали, твою.... !",0
"а я бы всех охотников и браконьеров на кол посадила б,моя бы воля(sr)﻿",1
ты ебучее чмо! запомни бичиха навсегда!,1
"можно было всё сделать тихо и аккуратно.у нас,как обычно, всё через одно место.устроили теперь массовую истерию вокруг происходящего.юран со своими обвинениями,краснодар с заявлениями против фарм-клубов.а сколько впереди ещё будет.",0
и почему эти козлы не работают?,1
сука и придумали!? меньшинство! вся украина русь! сука предки проклинают!,1
"ну да, чего еще можно ожидать от крайне правой фашисткой ш...., недобитых reichsbürger, всяких экзальтиров. индивидов и приверженников теорий заговоров. надо было их разогнать еще в начале демонстрации💥...",1
как можем созвониться в личку напишите,0
"минимальная зарплата с января 2020 9,35 евро в час",0
не казахское а мусульманское,0
отучили...,0
обратного пути у жизьни просто нет,0
вы просто молодчина.пусть бог вам за все воздаст,0
"только так, этим пидарасам и нужно показывать!!!",1
"были они патриотами , а стали тварями продажными !",1
"ты, чурка, ишак бухарский, отмой свой рот от говна, подотри свои жовтоблакитные сопли и не скули как побитый вшивый пиндосовский вонючий скунс.",1
"Заказала в августе, когда почти подошел срок - продлили еще на месяц, а потом еще на 2 месяца. Заказа так и не дождалась, деньги улетели. Твари.",1
дом продан!!!,0
"нечего котиков,которые живут в квартире.мыть,сами вылижутся",0
Ужас посылка не пришла и деньги не вернул сука,1
"друзья мои верные, выручайте в трудном деле! для того чтобы задачу непростую выполнить нужна мне вещь редкая. мне не хватает: чудо-добавка https://ok.ru/game/kingdom/?item=566018334877_1596555453_2/0/257",0
"придурки.себя так обливайте,и фотайте.",1
кастрировать и чтобы таких больше небыло.,1
на газоне было бы лучше.,0
вечная и светлая память герою!!!,0
"ебанутые, пока на своей ишачьей шкуре хлыст не почуствуют,бесполезно им что то объяснять .пусть изопъют всё с полна",1
слева мне больше нравится,0
как актёр вроде не чего. а как человек оказался полное г. вно.,1
хозяйка отозвалась. и хорошо что не выкинула. это была память.,0
"нечего юродствовать, посмотрите на себя.......",0
какой то странный вопрос.,0
"пиздёшь,сегодня хохлы два автобуса завернули!...",1
а если пиз..... тся 🤦‍♀️🤦‍♀️🤦‍♀️,1
"народ проголосовал. ты че несешь, тупорылый олень? никола, валика ты нахер в свою дуркаину!",1
"ты для меня шваль ебаная и поэтому,оскорбить ты можешь,только свою конченную мать",1
"этой дуре путин з,п, платит? или набиуллина?! к работодателю вопросы!!! лампочка в подъезде сгорела-путин! у бабушки давление- путин! ща в междуреченске проезд подорожал... тоже путин руку приложил?! окститесь, на каждую хуйню путина не приставишь!",1
открыли америку.,0
"путин же молчал , значит не будет этих денег",0
"он не деятель,а долбоеб!",1
"с праздником,анна алексеевна!",0
"полицейский считает а.с. пушкина летчиком,потому что на памятнике написано ас пушкин,ну,выходит,если ас ,значит летчик",0
а в вашем понимании- что значит не смогли скрепить отношения?????мало давали? или не пудрили мозги? или слишком были уверены в так называемый здравый смысл????,0
"ну ты , и тварь !!! 👎 👎 👎 (md)",1
руки ей пообломать дуре.,1
давай встретимся😉,0
"у меня внук в 2 года букву р начал говорить хорошо, мы с ним всё время проговаривали « как говорит ворона?» карр- карр» вот этим карканьем он быстро научился говорить букву р.",0
"по второй части темы: у нас уже написано что йешуа- эмануэль, что значит бог с нами. бог крепкий, князь вечности...и т.д.",0
"надо было в башку ему вьехать, это жидовский пародист и чмо?",1
какие умнички! долгих лет вам! генетику не испортишь ничем,0
"отвали петушара . кукарекаешь из обиженки , пидор гнойный",1
по роже видно пидор.,1
рамзанчик! так держать! донбасс за тебя! приезжай к нам на донбасс и разберись с укропами!,1
пройдёт сильный дождь и вся грязь будет на дорожках.,0
"здоровья вам, дорогой дедулечка, пусть рядом всегда будут любящие и внимательные родные люди.🎂💐😍",0
зови латышку в паре вы тупите куда стремнее-простатит ты обвафленный!,1
"ножны из натуральной кожи и сертификат, что нож не является холодным оружием с синей печатью в комплекте. rusber-knife.ru официальный сайт мастерской. по всем вопросам писать в direct, 📩whatsapp 📩viber, 📩 telegram: по номеру +7(909)-999-60-11. #нож #охота #рыбалка",0
"проснулся,доброе утро! а мы и незнали!",0
пельмени.салат,0
прибила бы такаго папу,1
одни плюсы со всех сторон !😄👍🌹🌹🌹❤,0
сдам 1комн.дер. кв. с мебелью по ул. советская. на длительный срок! цена 6000 ( к.у. включены).,0
"лежим на диване, яйца чешем и орем хабароск мы с тобрй. утухните дрищи.",1
огромное спасибо за твой труд и низкий поклон.,0
"этих тварей надо расстреливать, а этим равнодушным позор. а если бы на её месте оказалась их дочь, сестра, жена?",1
"только смертная казнь, других вариантов быть не может.",0
"всю украину трахает сша, а все жители лежат под ними и ноги раздвигают, в 1941-1945 народ шёл в партизаны и сражался за свою землю... а сейчас это не нерод... это быдло!!!.... правильной дорогой идёте! товарищи!!! )))) хохляку на хуяку!!!",1
кого-то пронесло по пути от помидоров:d семена прижились,0
"придурок, взять бы тебя за одно место и помотать да головой об деревья через лес, может мозги появились бы, утырок",1
та-же хуйня. появится двойник 😂,1
пидоры на старушку наподать,1
я ваще.. сама знаешь скромный и тихий.. вроде как пришибленый,0
ты золотой красавчик,0
"красивые, мягкие и теплые. пришли быстро, рекомендую продавца",0
"а если приду, то что?",0
проститутка хавальник закрой,1
я 20 лет не хожу на выборы. смысл какой. все уже итак известно пидрила усатое будет.этот гандон власть не отдаст.,1
вот дура старая и недалёкая.... свали дальше жопы лизать этим 《лучшим правителям》,1
"предлагаю этим пидорам вообще не платить...суки зажрались,и сидят твари на наших шеях....",1
мочить... скорее всего ...,1
позвоните мне сейчас,0
2 пидара и третий гарбатый йух!!!,1
пидарасы они все,1
владельца надо стрелять в первую очередь,1
какие красивые глаза словно озеро,0
жопу им порвать:d,1
ещё окурков у калитки бросить. точно поверят. иногда болгарку включить. или мотком постучать...,0
я тоже его люблю но ещё грозную семейку,0
там стоял такой умопомрачительный запах роз !,0
вы больны. всех к врачу.,0
товар ее пришел это мошенники. ..и деньги не вернули твари. ...,1
оранжерея,0
сладкиииий,0
"да эти долбо?ебы ещё не жили херово. сами ещё не заработали ни гроша, но у всех телефоны за 50штук, а то и дороже. снять бы штаны и розгами терапию провести дуракам! может быть хоть через зад дойдёт.",1
ещё есть багажник и штамповка звезда 105. отдам все по 500.,0
_#вп тупое ботексное аблезлое хуйло валинахуй из крыма нахуй пшёл ленинградская ёбаная еврейская паганая шлюха-блядь_1_,1
два классных еврейских пиздабола!.,1
швили не понимает что у каждого человека и даже таракана есть отчина за которую он готоа отдать свою жизнь. лететь ей некуда у таких нет не флвга не родины.,0
чёрный юмор,0
"сосунок малолетний сдохни сам ,ты смотри как рассуждаешь,тебя ещё в проекте не было ,а я работала ,а то как ты на меня сказал пусть к твоей маме ответом будет ,пизденыш не доделанный.",1
"Заказанный товар пришел не того цвета. Я заказывала цвет navy, а получила navy2 - это очень темный цвет. В нашем споре я так и не смогла это доказать Продавец сказал, что я такой цвет и заказывала. .Я просила вернуть деньги за товар - они не согласились. Я хотела сделать возврат товара за их счет - они тоже не захотели. В общем, я осталась без товара и без денег. Я очень недовольна этим магазином.",0
на каменской в красное белое сегодня купила такое,0
"очень талантливые и очень красивые люди , ими любовались ни одна генерация",0
мой любимый султан💋💋💋,0
"идиоты живут в советском союзе,потому что позволили развалить то что строили наши предки под руководством великого сталина!!!дебилы мы...",1
когда начинается олимпиада юных сомелье?,0
"сталин никого не обижал, он просто расстреливал",0
пидоры оба казнить их надо за этого бедного малыша,1
если человек идиот ациональност не имеет значения,1
как ребёнок!,0
"спасибо,пошла читать в вк 👍 творческих успехов вам 🙏",0
кто тебя писать учил? неуч!!! позор!!!,1
"я побила бы его, чтобы излить душу",1
"откуда набрали такое дерьмо!!! дать ему месячную зарплату в 15 000руб. и влепить штраф в 1000000 руб!!! когда исдохнет ,штраф пусть выплачивают его сраные дети!!!",1
"не мужик, просто мразь!",1
её ёбнуть пора,1
всё пендосы хохломордые скрывают свои рожи под масками .боятся уроды,1
цедилок странный похож на салфетку для мытья посуды,0
и кто интересно все заводы в комсомольске продал москве? такие как шпорт пидор и остальные которые карман свой набивали а о народе не думали. а тут рас и пришел фургал и что всех на голохуевку посадил и начал о народе заботится а не о своем кармане. так что не пизди и лижи жопу путину,1
мы это уже слышали в 2014 году от скакунов на мацдане. вы не от туда случайно предсказывпете будущее белорусии? да и проебалты обещали нам показать свою самостоятельность но сегодня боятся пророчествовать даже самому себе.,1
"тогда надо указать, что 225 лет от пятой переписи 1975 года.",0
конфисковать всё имущество а его как в китае расстрелять другие ее будут варовать и брать взятки .,1
уже поставила 👌👌,0
уважаемые чиновники города вы видели что творится на сапун горе туалет платный а нечистоты текут рекой в лес молодцы ничего не скажеш одно делаем а другое губим позорище вам стыдно перед гостями города,0
хабаровск.город герой. молодцы.,0
мороженое👍,0
красоту её ничем не испортишь!,0
не советую никому!!!не звоните!качество у них нулевые!хватит людей обмануть!,0
"да вам кому только не дай власть,вы хуета.",1
видео недоступно для просмотра,0
это пиздец юморист!!! 😄😄😄 с юмором там точно всё хорошо!,1
у армянского долбойибизма нет придел,1
"в этой ситуации конфликта, прежде чем судить, надо разобраться, никто не знает на сколько хватило терпения у водителя, может действительно дети вели себя очень шумно и неуправляемо, водитель за рулем должен быть внимательным, спокойным, от этого зависит и здоровье и безопасность пассажиров, если дошло до таких кординарных мер со стороны водителя, даже трудно представить, неужели мать детей никак не реагировала на замечания водителя. детей жалко, а взрослые создали эту безобразную сцену, все можно решить цивилизованно.",0
десять ударов дубинками тебя бы давно убили дуру,1
белые продали?,0
шлюха нодовская,1
админ =еблан! уходи кричат лукашенко. не на том хайпаешь. в 2024 посмотришь накуя такая у вас росгвардия.,1
"по 25 лет давали , особенно после войны , а 74 года не слышал .",0
"господи, дожили! откуда столько ненависти к друг другу. зачем вы так?",0
какие админы этой группы дэбилы!,1
"к сожалению не припомню,хотя 46 лет живу в селе",0
о это надо родиться калмыком и думать по калмыцки и жить среди калмыков,0
путин конченный дырявый хуесос!!!!,1
"пьяная...мразь!!! жаль,что у нас отменили смертную казнь. таких тварей только к стенке и пулю в лоб!!!👎👎👎🥶🥶🥶",1
по листочкам это не петуния,0
да все одно и тоже...все ее бросают...утомила истеричка..,0
"нужна мне помощь да поддержка дружеская, не хватает в хозяйстве вещи малой для дела важного. мне нужно: чудо-добавка https://ok.ru/game/kingdom/?item=164676425377_1596596658_2/0/257",0
по моему вся россия с вами.,0
это издевательство над животным! не нравится тыгыдык в 5 утра - живи один!,0
свежий одеколон?,0
"а я и сейчас иногда с ветерком еду(хотя мне в октябре будет 65 лет), сосед боится со мной ехать, хотя сам гоняет... ха-ха-ха",0
какого счастья ждёшь?,0
"да вас самих надо вешать за ноги на первом фонарном столбе! и нечего обезьян обижать,вам обоим до них ещё очень далеко! уроды,блин!",1
"всех троллей и надо давить, как тараканов! повылазили со всех щелей предатели! готовы продать свою родину кому угодно. пусть сначала научится котлеты жарить, а не страну грабить!",1
а потом рожают еще от таких уродов:( :( :( :( :( :( :( :( :(,1
этому деятелю пора дать по башке ничего не обьясняя он давно знает за что,1
ко мне это не относится. я противник пахана.,0
хорошо будет сосать,1
спасибо за идею!,0
"какой пейзаж.... и ,мальва у реки, и уходящее за горизонт светило, и рябь поверхности нам душу согревает......",0
ни хуя бы не изменилось знай он заранее или подготовся он к войне! силы были не равные! но ему народ верил и год за ним или по его приказу это не важно но они выиграли эту войну! что не скажешь о том что будет если бы сейчас на нас напали! кто интересно станет защищать россию? алигархи или те каму настопиздело правительство с его не насытной рожей? например я скажу за себя! я и пальцем не пошевелю пока гниды не вернут все что разрушили! а умереть на войне за то что они с нас три шкуры дерут и что бы они ещё лучше жили это не патриотизм а дебилизм! вот когда расстреляют всю эту нечисть тогда я с удовольствием стоя на их могилах буду убивать врагов моей родины ссср и может мы тогда станем жить лучше!,1
соболезнование родным и близким,0
а какие варианты рассматриваете???,0
"какой только, дурак, выставляет таких уродок, называет их красивыми? ему в дурку с подобным надо!",1
она очень дура.,1
я тоже себе такой хочу,0
расстрелять нак гоs и сз в vар ака сом о,1
как правильно сказано но увы жизнь это жизнь.,0
пидоры только снимают своих же собак зассали отогнать желаю этим пидорав в лесу встретиться с медведемь,1
долбоёбище,1
надовать лещей желательно по яйцам.,1
красава водитель еще бы обасал этого сукина сына,1
дама багаж сдавала юность свободу кураж помаду ламбаду юбченку и бабушкину самогонку в загсе все даму поздравили и в штамп паспорте поставили багаж и выдан ей новый для жизни любимым шалаш четыре рецепта шарлотки и маленькая сковородка дама багаж сдавала в давно обветшавший шалаш кастрюлю стиралку дубленку и грёбанную сковородку однако ее не поздравили но штамп все же паспорт в поставили вернули ей пыльный багаж с годами забытый кураж помада ламбада юбчонка простите где самогонка,0
любите берегите уважайте вы для этого друг другу даны богом .всем здоровья.,0
ну ты жэ видишь по вове что я огня ми такжэ поливаю,0
а это мой белый гриб!,0
две продажные мрази .,1
это вообще-то значок такой😜,0
комсс\бесплатные лицензии поищите,0
поправляйся быстрей малыш.,0
ну и хрен тебе в попу активист,1
уроды убила бы твари жить мешала да наверное:(﻿:(﻿:(﻿:(﻿:(﻿,1
"как куда? подальше от такого пидора, как ты. знаешь поляков, если бы ты слышал, что про тебя твоя начальница говорила и как рассказывала в деталях, как она тебя отчитывала после покупки тобою мкдаком телефона ( не кнопочного), ты бы удавился.:d",1
"чего ты тут написал ясно???офонарел,что ли?я про тебя тоже могу от балды написать и выставить твое фото,что пассивный гей,без доказательств ,как и ты пишешь про темные делишки путина....ну тебе не отмыться если распостранить...ты видимо очень обрадуешься?? так что не вякай здесь ,гаденыш ..",1
"а что, их нет?да их полно.столько, что отстреливать в пору!",1
обезьяна тебе смотрю без хуёв как без пряников....иди на хуй чёрт,1
сука обреченная,1
стрелять их надо,1
как мне тебя не хватает!,0
"привет, марин! в школу надо собирать дитя (md) москва традиционно пойдёт в школу? у нас ещё до 9 августа продлён режим самоизоляции.",0
"дебил,хотел рыбку сьесть и на....й сесть",1
лучше чем при путине мы не жили никогда.он самый лучший президент.,0
дак и нечего с своим свиным рылом лезть ко всем .....,1
раны не заживают...,0
на 46р катастрофически мала будет хорошо  на русский 40 либо европейский 34. боковой шов находится на спинке растягивать такую ткань некрасиво хотела взять в другом цвете  но хорошо что дождалась эту.,0
оба расстреливать надо как так можно ребёнку руку распускать животные и то чужим не помеха как оберегают их не то что люди делают что творят просто слов нет что описать,1
"и как это вы, с такой грамотностью работали в магазине?",0
это разве мусульмане их всех без исключения надо уничтожить под корень,1
"вот дебилы, не воссоздай себе кумира, тем более чинушу.",1
сказочный долбоеб,1
вы сами один сплошной стрем.автор долбоеб,1
легендарный бальзам даруюший здоровье и отличное самочувствие презентабельная упаковка товара быть эффектным может подарком к празднику bатег о бальза горно алтай ит мед и трав обще з чб,0
"всех пидоров, отлавливать и убивать,больше выхода нету.",1
это грустно и позор нашим чинушам😥,0
поляки только в фильме - 4 танкиста и собака хорошие а так те же бандеровцы.как были блядьми так ими и останутся,1
вот ты охуевшая,1
дебилов у неудачников зачатых высранных по пьяне и с перепугу жопой на свет во всем виноват путин,1
"насмешил, перекупы даже объявления смотреть не будут",0
мусора вы пидарасы ипазор за таких ублюдков предки жизнь отдали за таких стрелять вас нужно хуиплёты ебливые,1
"как - то неправильно новость звучит: прокуроры добились... правильно было бы так: прокуроры посадили таких - то чиновников на столько - то лет, без права переписки и права голосовать за путина.",0
а туалет причём.... воду пить тоже с туалета... офигеть,0
а какой овцой был ты урод пока не взял в руки портфель,1
можно падумать герой он,0
подвесить тварь за ноги на этом же дереве,1
"не санитарками,а уборщиками производственных помещений,у них самая низкая зарплата,где оклад три с хвостиком.",0
"вам никто ничего ещё не скажет, правильно в школе говорят, всё скажут на перекличке. учителя в отпусках, ещё никто ничего не знает.",0
едро - мразь!,1
"с днём рождения поздравляю и от всей души желаю здоровья, здоровья и ещё раз здоровья счастья",0
такими людьми надо гордица на них держится целостность страны. вечная память.,0
это ложь. у людей такого возраста пенсия приличная. уточните. а потом пишите.,0
почему написано что это котята,0
"кроме негатива в г. шахты, есть какие то достижения ?????",0
про мукамолов забыли и пекарей!,0
"Заказ не пришёл, деньги вернули",0
модам вы хотите блеснуть своим знанием тогда я могу предьявить нужно было лудше учить мой возраст а не бабки с родителей сосать,0
путинн маргои нман давачаннерин ворпес презервативе огтагорцум вор шутов денененетелу ахпаноц,1
продаёте вместе с горшком как на фото? название цветка?,0
ебаны омирикосы хуй вам.! а мне за радость что я скинул ребёнку.иле кому стремно уроды скинуть денег на лечение?! я ещё заработаю! это моё мнение!,1
полизалбы её пизду,1
"​иисус, конечно, не хотел сказать, что вечную жизнь можно заслужить. жизнь, даже сравнительно короткая жизнь в этой системе вещей,— это дар. ее нельзя купить или заработать. вечную жизнь можно обрести только в том случае, если мы «поверим в христа иисуса» и в иегову, который «вознаграждает тех, кто настойчиво ищет его» (гал. 2:16; евр. 11:6). однако вера должна проявляться в делах, поскольку «вера без дел мертва» (иак. 2:26). поэтому, продолжая размышлять над вопросом иисуса, нам стоило бы серьезно подумать о том, от чего мы готовы отказаться в этой системе вещей и сколько мы готовы делать в служении иегове, чтобы доказывать,",0
были у него🤦🏽‍♀️ для меня он на последнем месте из врачей. вообще нашу проблему не решил.,0
"вы все блять торопитесь, а нормальные люди из за вас стоят, потому что вы как крысы в лазете потом",1
"зачем высылать, заставить работать за баланду.",0
натуральный пиздюк.,1
"друг мой да если они что то делают то только для себя,чтоб мимо них ни копейки не прошло...пидоры...",1
"юличка красавица! детки мамины помощники любимые солнышки! добра ,любви исчастья!!!!",0
а моей подруге отказали сказали что не положено т.к у нее нет дохода за прошлый год.,0
1 вый и последний,0
"молодец парень,красавчик. только надо было его морду набить сразу же как только он свой рот открыл против ссср.",1
"это не водопровод,это ,,ключ,,он всегда бьет",0
чмошники ёбаные,1
надолго ли дураку стеклянный член ?!!,1
ой бля чо будет мера едут тра...ать. какой позетивчик.,1
"эту тварь нужно вернуть в россию, судить и расстрелять.",1
"хабаровск город герой,а в одноклассниках сидят дебилы и упоротые путинцы.",1
"даже знаю, откуда этот знакомый.... из куева. национальная черта каклятьского быдла- наебать ближнего.....",1
доброе дело делаете.дай бог и на вашем пути таких сердечных и не безразличных людей.спасибо вам.,0
"печально. дай бог, если очередному дебилу это будет уроком-не срать соседу.",1
"я хотела про лаврова написать ))) тоже уважала, а теперь смотрю как он выпрашивает вагнеровцев у лукашенко и противно. вот громыко был сильный политик! третью мировую предотвратил. а лавров прославился словами дебилы блять. прям народная любовь к простому мужику))) а сам просрал переговоры с арабами и санкции .долбоёб...впрочем как и все путинские циркачи.",1
плешивый пидарас.когда ты сдохнеш?,1
выглядит аппетитно !дай рецепт и я тоже испеку.,0
спасибо !очень позновательно !,0
"ненадолго стрелять ,надо вешать",1
правильно..к стенке..123000 им мало..растрелять наш...,1
ммммм как я хочу помидоры,0
"ебанутые батько уйдёт у вас такой пиздец настанет, не тупите братья белорусы, пока не поздно",1
уебище рот закрой. за василия филипыча. слава вдв.,1
ублюдки не известно от кого рожденные не знающие своих корней родовую историю не говоря историю страны и честь а выродки слишком мягко ублюдки чёртово племя,1
"вот вам мразь, которой путин колено приклоненно возлогает цветы. значит он разделяет идеологическую платфому суки, предателя и дизертира солженицына. почему путиноиды жопулизаторы не видят этого? значит они за солженицына?",1
да выходит так простого работягу можно убить а вот артиста не тронь такие проститутки при любой власти нужны как кучеры и артисты это колчак еще в 18-м году сказал ! они и вам служить будут,1
он в моём сознании и вообще в душе!,0
"подскажите, как можно купить семена картофеля, 15 шт и где?",0
"красота, такая симпатичная бабочка, класс.",0
килограммами продаёте?,0
давай работай из нас толко ты с ним в контакте,0
"я была на этом выступление, супер-класс!браво, браво, браво! молодцы, девочки и юноши, неописуемый восторг!так держатьзабайкалье.особая благодарность елене владимировне михайловой, худож.руководителю этого знаменитого на весь мир коллектива!👏👏👏👏👏👍👍👍💞💞💞",0
"первый полет был совершен в марте 1990г. неоднократно участвовал в выставках в париже, варселоне, тегеране и др. , но сертификация завершилась только в1997 г. должен был выпускаться в ташкенте, москве",0
"да,зерно истины присутствует в его словах.",0
"Классные резинки, племянница будет очень довольна. Вот только доставка долгая, почти два месяца, Москва.",0
сволочь! таких ментов убивать не жалко.,1
"для вас очевидная куета,произносимая беларусским министром на русском языкенаверное полная и откровенная ложь,возможно, не берусь судить чужое восприятие очевидного,но не я один слышал его речи,при желании люди могут послушать повторно,думаю ещё не раз по российским тв новостям ,повторят !",0
сдохли твари погнанные.,1
и этим все сказано будете холопы хуйла,1
я полизал бы,1
цена и возраст бычка.,0
"здесь надо сахар отдельно обжарить и тогда добавить в водуи хорошо перемешать,я делала такой у меня получился и даже без цикорий",0
америка пожимает свои плоды,0
опять пидоросня. ...нам болячки привезут. ..элита....,1
"эта та самая шлюшка,что на телевидении была? мразота.",1
сука умри прямо здесь и будет польза,1
"класссссс!!! не меее 4,5 кг....",0
"интересно, а откуда у этого арлекино денег до х...я, как он сам сказал? я думаю правительству давно подумать о том, чтобы всем этим артистишкам зарплату сделали как и основной массе народа!!!! чем они лучше медиков или прочих служащих? а если ему платили за стишки заграничные заказчики - нужно на эти деньги сделать 50% -70% налог. может меньше народа будуть заниматься продажей своей страны!",1
я держу солнце ладошках в я друзьям дарю его улыбайтесь просто это лучик это bа солнца,0
"ссыкло подходи на адрес, будешь ебаться 😂",1
"какой нахер талант?в чём?пить,штаны снимать на сцене?уродище пропитое,позор имени отца.",1
и в чем прикол??так хоть кто то по обочине бы ехал.а так все как дебилы встали...дальнобои порою ахуевают...,1
по чем кварц.песок?,0
хохловвьрос,1
дожились бля:-d﻿совсем ебанулись,1
просто одним словом долбоеб,1
просто мразь и ничего святого!,1
пропидоры - как поймают на кол посадить,1
"блядь, что за бараны свидомые🙄",1
"а , я бы их- четвертовала🤬😪",1
"благодарю, того и тебе желаю",0
"мы и так бездомного котика подобали и он живет теперь с нами :) тока вот,он болен,и я тоже хочу чтоб его вылечили путевые врачи-ветеринары :-)",0
мы очень любим елку!!!,0
"террорист это он сам и его хозяева из кремля . пидарас уничтожал коренные народы кавказа за интересы кремля , а потом ещё и во францию смылся доживать свою несчастную жизнь . а наполеон молодец .",1
"ебитесь на здоровье, только жопу берегите от крапивы.. под забором.... бомжи чтоль.",1
этих блядей на зону нужно она там быстро кавырялкой стала,1
проститутки мусарские ебашить надо их,1
"я не пробовала такой рецепт,но единственное могу сказать,что мягкие огурцы от чего то другого ,а не от рецепта.у.меня бывает порой баночка мягкая,а почему?",0
этих пиндосов когда успокоят ? совсем обнаглели !,1
"я не чурка, который лижет ему очко!",1
башку оторвать тому кто это пишет,1
"как не стыдно так обращаться к женщине! кошмар необразованный! а путин настоящий мужик, не то что вы.",0
можете отправить нам немного солнышка?,0
хуесос листровий анатолий тебе сказал спышишь гандон это,1
"давно понятно,что обнулёныш пиздобол не тот ,кем выдаёт себя",1
"в ульяновске фирма пионер на улице локомотивная 6, точно так чистят ковры на турецком оборудовании и доставка по городу бесплатно, наберите в интернете, там телефон есть",0
"сволочи, карма наступит!!!",1
"пидармот. проститутка он. тварь. его вальнут, если нп сядет. а судью намыло!",1
дебил ты помидорный. а твои фейкушки для умственно отсталых.,1
ублюдки что тут сказать!,1
"фигурка просто сказка,сочная.давай познакомимся",0
ойбоже мой все армянские шлюхи сабиралис тут 🤣они хотят азербайджанцкий хуй,1
"шедевр ты создал не спроста. больна любовь, болит душа. не спрячешь чувства ни куда , они преследуют тебя. молодец, здорово!",0
вот позорище то.спектакль для дураков.,1
в шоксш с дебилов хоть поржать епе агsепой ги,1
табя белом боль рlац на сведав ше на во жов вить пеперь bнутра ы меня е в со бал пусть мне сих шор нико не о bо в за че шебя пришлось мне го дерянь за боз аебя забрал чg ак рена субьбоб за что шебя акой он ила покарал моня за что о с собой ты сероца забрал доловику моево в шобой небесах верю всареимся с на мы субем как счасшлазы меч пали мы мы буdем как счасшливы в моих снах б верю ешу смерши шам з не печала,0
"Ну, что могу сказать?!
Товар меня огорчил...
Блузка пошита почти по диагонали, ворот совсем косой, возможно, мне такой товар достался, но обидно.
Я надела...так ведь все переезжает и неудобно носить. Ткань синтетика, плотная, но прозрачная, тело не очень дышит...Из плюсов: доставка-2недели, трек отслеживался, выдали на почте и АЛИЭКСПРЕСС вернул деньги, НО НОСИТЬ НЕ БУДУ.",0
крошка по какой цене,0
прелесть какая.😁,0
ну да долой такую хунту за что погибали пацаны чтоб их родители жили на 5 тыс руб,0
уроды!!!! чем им котик помешал?! им отрубить руки по локоть на х ...,1
ты приезжай . мы тебе ширинку на рыло натянем. и порошенку тоже.,1
долбоеб! на хуя матерей все время трогаешь! клоп блядь. ..,1
"если наш президент хуйло, то кто тогда ваш? ваш не просто отстой, посмешище и клоун.",1
"что это за белые ленточки,браслеты,для чего всё это и что они обозначают?",0
"какой президент, такая и власть! палата ✓6!!! и так во всех сферах нашей белорусской жизни! сергей тихановский в ютубе отлично осветил всю деятельность этой власти!",0
а комментарии удаляет трусливое невежество...,0
"щавешь, если у вас, у пидоров, наматывание срока называется- завести дело в тупик( там и доказухи то не надо), то я с вас ору. сказочные долбоебы.",1
dеs собесе списке друзей шем ев ч чобщих друга дружить пожаловаться тебя кихн сег ору истери чушка и соси о бз я пару слов знаю на ачучмекском на твоем ттоист сказать несколько сосешь мой член додик читай мой ник слух dеss лох сообще иии,1
могу продать тел 9146689840,0
значит 100 выносят мужям мозг?,0
"интересно дети её знают что её называют соска конченая , проститутка .",1
"😁😁😁 да точно, она мне больше нравится чем это знаменитая джоли",0
"за осквернение памяти этих сволочей нужно наказывать и не только их , но и родителей , которые воспитали этих тварей.",1
расстрелять он а этусуку поvеsн с,1
"то то, вижу башня знакомая... рядом новослободская улица)))) вид колосально портился....",0
"а где папа ноги потерял,что случилось?",0
"Вместо чулков телестного цвета., пришли двое черных. Не знаю куда теперь эти блядкие колготки деть",1
сам бы сдох козел....,1
"эти уроды отъедут немного и опять выбросят мусор на обочину. таким, их мусор только в горло надо вбивать. жестоко, но иначе не перевоспитать.",1
суки пашут с людей последнее забирают в карман себе,1
ладно пойду займу какое нибудь хранилище.,0
и как этот ублюдок был во власти?,1
это сколько же котейке лет? 🤔😮,0
"правильно, не зачем провоцировать! нормальные полицейские никогда не подойдут к празднующим вдв-кам. а здесь просто им захотелось нарваться...",0
терпения тебе.,0
расстрелять мало. на дыбу.,1
"а цвет волос точно как у вас ! … хорошо у неё губы не накаченные , как попа у обезьяны ……одинаково приторная - это - да , согласна …",0
блядство пилять блять... слов неть у мну других #u7680e233d2s#,1
а это ребята из моей 53 смены. володя зубаиров и виктор веприк.,0
знакомая ситуация:-),0
да блядь и только,1
ничто не сравниться с материнским счастьем пускай и не всегда лёгким. здоровья и счастья вашей семье!,0
"что гад,знаеш что здохнеш на таких деньжищах?",1
"это не её слова, а американских моромоек.)) 😎😎😎",1
"​крыса боится что его скоро посадят на кол,ублюдка",1
то что он войну остановил уже его большая заслуга,0
долбаебизм крепчает.....,1
👍👍👍всё такие были,0
жополизы америкосные,1
"если уж начали писать рецепт, то пишите полностью, а не отправляйте на сайт, который не открывается",0
какая прелесть дай бог здоровья и счастья в жизни,0
"карен тебя разьебет один на один, лучше ебало заволи и сиди на жопе ровно ни дергайся псина. эту псину нужно держать не в цепи, а в вальере, конечно он станет таким агрессивным и злым, дайте волю тупоголовому имбицилу волю.",1
сссссука,1
"фёдор кривицкий, сестра егора прокопова и дмитрий кривицкий.",0
"потому что ты идиот, посчитал курс и все... а вся суть в том, что в то время был железный занавес, противостояние держав. и за твои джинсы людей сажали, так называемые фарцовщики, вот отсюда и стоимость...",1
"макака а ты расскажи чем вы рогули занимаетесь , как что не прочитаешь а кругом заголовки - украино вымогает :d :d :d :d , вымогатели хреновы",1
ой.блять.дебил ты и есть дебил.деньги у народа заканчиваются.зато я смотрю у ваших хозяев они не заканчиваются.на шелупонь вроде тебя..слышь.я бы вот на твоём месте был бы если просто увидел какое чморье из за бугра против путина топит давно бы выводы сделал.это же ребёнку понятно почему им путин мешает.чтоб сделать россию послушной.а где ваш мозг хуй его знает.все.мне на работу надо.я потом тебя попинаю,1
хрен бы я так спала разнесла бы всех и по х.. кто и что перед домной,1
"Тонкая синтетика, телу не приятна(( принт целый, но не тот который заказала... Заказала по размеру, а мне оно большое((((((",0
такой кот нужен всем!,0
"новрсти пишут, как будто не о нас, жителях курской области. одно вранье",0
"молодой уёбок - олицетворение власти!!! тупой, наглый, безграмотный!!! пацан, сними погоны и иди работать!!!",1
"оказался чуть маловат в объеме, и чашки какие то маломерят, вероятно мне эта форма не очень подходит. качество хорошее, доставка чуть меньше месяца.",0
"как раз мы там и живем...может, найдется хозяин. правда я бы не сказала, что он домашний. блохи присутствовали. ушной клещ имеется.",0
я так понимаю палочки можно сбрасывать?,0
"загнала,так загнула,здесь не было вопросов,по поводу,кто она,и что делала",0
ушлёпок путинский,1
"выйдите на красную площадь и орите.., чего попусту в интернете классы клянчить!",0
припизднутым оружие доверять нельзя,1
"этого чучело с нагайгой ею же и отхлестать! это не казак, это клоун! ударил женщину, он конченая мразь",1
а как быстро они стареют,0
пора хохлам это рыло на флаг хохляцкий🤣🤣🤣,1
"тоже конечно выделывается, на завтрак ливерная колбаска немного, очень любим помидоры",0
"козёл,,,,,,,,,,,,,",1
мрась сдохни,1
"не понятно, а для чего верхний отсек ?",0
ты уебок!!! чё там вякаешь мразь обоссаная!!! ебальник тебе развалить надо. откуда ты чучело?!??,1
"вот из за таких ебанутых патриотов мне пришлось уехать из моего родного кишинёва ,которые развалили нахер мою родину, молдова нахер никому не нужна . горите в аду мрази патриоты которые сейчас живут в румынии, sa vă bag în fundu curului dobitocilor. а батька молоток я за него",1
"грустно....такой пары уже нет.... правда есть сынок, живёт с папой ...🌺 🌺 🌺 🎵 🎵 🎵 🎵 🎵",0
какой дурак пойдет на твой чудо концерт надо быть полным дебилом,1
сука её вместе с мужем надо посадить тварь.,1
"гандон ебанный,ненасытный чтобы таких бог наказал!",1
чужой 8)),0
таким кто это сделал надо руки оторвать 😕,1
"пидары ёбаные далбанутые дибилы снимаеш тварь,так будут снимать тебя в аду какда будеш згареть сука и не кто не помогут,потому что там одни чертеь как ты.....тфарь",1
"тридевятое царствопредлагает разместить в вашей ленте следующую записьдрузья мои верные, выручайте в трудном деле! для того чтобы задачу непростую выполнить нужна мне вещь редкая. мне не хватает: масло подсолн. https://ok.ru/game/kingdom/?item=316184018078_1596470154_2/0/114",0
путлера к стенке суку тварь,1
и что дальше куда с этим пропуском через россию он не нужен,0
алла я конечно не хочу вас обидеть но если человек считает себя дебилом то власть тут ни при чём,0
надо было вывести из машины начистить рожу маме и дальше ехать,1
"мужчины так нервы поправляют, взвинченные за неделю#u9b079a3836s#",0
я тоже одихала,0
как можно заказать и сколько дней доставка.,0
"кто так пишет это сука, а девочке класс",1
"уважаемая вика, пидор я не писал и на ты к вам не обращался. будет внимательны.",1
наши дети должны учиты школе в хласс не на кухне а мбласти астраханской образования виталий гутман поддержал протестную акцию против обучения и дистанционного одиночный устроил пикет прямо в министерстве,0
с сыном,0
"велик сука сварили:o . скважины людям пробурить, и дороги сделайте!",1
только расстрелять пидарасов,1
"долбоёб. нет больше слов, ему все мозги отбили на ринге.",1
ефремов пидор.......а не артист............гандон одним словом..........,1
"убить мало ,надо за одну ногу подвесить головой вниз,и пускай анализирует свои поступки 🥶🥶🥶",1
что она пиздоболка муж ию говорит денег нет у них а она маску заказывает дорогую несколько тыс,1
так вали на хуй в белоруссию нытик ебанный,1
ну и сволочь!,1
перехуярить этих зайбаных китайцев в месте с их вирусом!!!,1
синева распоясались... не могут позорят маргелова...,0
папина копия счастья вам,0
и ебнутая😄,1
взорвётся банка в правом верхнем углу или центре и айда инде,0
настоящее чучело.,1
"сначала впускают , а потом ловят! это все равно что вычерпывать лужу в дождь!",0
это я так после работы,0
какой-то дебил,1
не встречала я таких высказываний в новостях. народное творчество,0
и ещё премиальные в виде молочка и любовь коллектива!,0
ебашить пидаров,1
спасибо огромное ♥️🙏🙏🙏🙏🙏♥️,0
а у нас наоборот! эта процедура забрала сына от мамы....! но сын сам виноват 😂,0
я согласен.,0
будь ты проклят.,1
лучше не связываться с ней я уже дом купила через нее,0
"в задницу,да так чтоб через глотку вылезло с кровью",1
давить как гнид!!!,1
да нет же прогулочные бывают,0
"да ты дяденька хам,твоё место у параши,питух",1
неужто правда! это просто жесть!!!!,0
пешком проталкаюсь а кровать,0
есть комбикорм для кроликов?,0
красивая блядь,1
чью бы позицию автор не защищал с какой бы точки зрения не смотрел правильной или не очень он лишь исполняет заказ того кто его нанял и замечу не бесплатно безусловно информацию ему дали соответствует она истине или нет должен решить суд открытый и широко освещяемый если правда то чего властям бояться. но одно автор не отразил это позицию народа не к фургалу и его команде а вообще к тому что в стране происходит. да и вообще сам он хомячок который думает что он человек,0
"у нас был точно такой, только зелёного цвета.",0
не помню кто сказал до 75года хотите развалить государство введите демократию поставте дисидентов на зарплату если не ошибаюсь ален далес или бжезинский хотя какая разница обеи мрази,1
это пидоры кончинные идут в мусорскую нормальный не пойдет,1
бв вз в вложение из доверяете власти ь вопросом ли вы действующей да или нет предлагалось ответить за два дня участие чч ч опросе приняло граждан полу ученный результа по словам а караулова вх ошеломил его оветили не лишь х да иии,0
жирик продажная крыса,1
"не группа , а х... знает что. одно пиздабольство",1
"прекрасно сказано!а смайлик ставить расхотелось... если бы не было подписи под данной заметкой о классах, с удовольствием бы поставила.",0
автор просто конченный гомосексуалист хуй у него и ворту исо рта и с жопы слушать противно,1
гнать этого пиздабола из страны а он деньги метет на брехне,1
какие хорошие хоть бы одна написала,0
когда нажрутся твари,1
ебеbсе шужики ерещаться надо а не рахаться больше за компьютором сидеть ееsихпет,1
"выберите тихоновскую и получите нищую, опустившуюся ниже плинтуса украину,страну где последние годы правили два долбаеба-парасенок и шут!!!",1
о ч в б хочется жшть бз саа со блядь как шшшv кту шиvр,1
"и я бы взяла, хотя голосовать не стала.",0
вешайте уродам пиздюлей.. сидите дебилы дома.. кого арестовали штрафы такие чтоб знали как бастовать против своей родины... америкосы терористы мира вашими руками рушат вашу страну... смотрите на украину тоже хотели жить хорошо... теперь где они все в польше раком стоят на клубнике.. польше промышленность поднимают на шару...!!! берегите страну белоруссия ... одна страна что на колени не стоит перед америкосами...!!?,1
"давай, я тебя проебу всю",1
что за хрень в группе ?,0
не перестаю удивляться какие бывают умные животные благодаря ее находчивости выдра осталась жива даже не испугалась людей и запрыгнула в лодку,0
"а не пойти ли бы тебе на хуй,долбаёбский совет.",1
"вот ванюше надо не кубанку,а платочек на голову одеть и семечек дать и со всеми бабулями этими на лавочку,на лавочку.",0
достали уже пиздоболы,1
я не прочь освоить новую для себя професию и навыки,0
маловато налили...каблучок пошире надо бы ....,0
"Это не кофта, как на фото, а шарф с рукавами) даже не сразу разобралась, как его одевать и перекручивать. По качеству материала все нормально",0
они не собирались а их призвали сами бы никогда не пошли...,0
люби ты просто пи,0
"и ещё будут долго доказывать потому что мы жили, а не выживали",0
оплачено с карты 7644,0
стрелять их надо тогда порядок будет,1
"как здорово, что вы эту тему подняли: люди разных национальностей меня поддерживают.",0
"в твой день рождения муза не дремала: дала тебе упорство, голос и талант. и ты запел. и спел с тех пор немало. так пусть же в твою честь фанфары прозвучат! пусть вдохновение не покидает, и до отказа пусть заполнен будет зал, пусть от восторга публика рыдает, сраженная твоим талантом наповал!",0
что этим пидарасам не хватет!!!?,1
очень хороший экземпляр.,0
ну а что же уксуса совсем ни капельки не добавлять????,0
да красивая.,0
по морде бы дал подлецам.,1
хочу его так сосать,1
надо их лишить родительских прав а его кастрировать чтобы детей больше не плодил,1
расстрелять суку !!!,1
"....о. о. о... еще жив, курилка...",0
трахнул бы тебя,1
может быть июля???,0
мы не знаем будет что завтра пусть оно просто утф откгуткиги будет о и нем пусть в будут все те кто нам дорог,0
