text,label
качество плохое пошив ужасный (горловина наперекос) Фото не соответствует Ткань ужасная рисунок блеклый маленький рукав не такой УЖАС!!!!! не стоит за такие деньги г.......,OK
"Товар отдали другому человеку, я не получила посылку. Ладно хоть деньги вернули.",OK
"Ужасная синтетика! Тонкая, ничего общего с представленной картинкой, не яркая, рисунок растянут и тусклый, впрочем как и сама кофта- мешок! На картинке кажется приталенной на самом деле нет! Не рекомендую",OK
"товар не пришел, продавец продлил защиту без моего согласия. от продавца одни обещания",OK
"Кофточка голая синтетика, носить не возможно.",OK
Очень глубокие проймы,OK
Я недовольна заказом.Я вот одного не понимаю почему внизу не прошито в остальных местах все прошито.Спасибо хоть за общительность и за быстрость.,OK
"заказала размер s на от 64,об 94,начнем с того, что влезть туда могут 3 меня, они постоянно сползают и заниматься вообще неудобно.  качество ужасное, будто просто одел капроновые колготки и то, не самые лучшие, после первой носки сразу же образовались катышки.носить не буду.
читала отзывы,мб это только мне так не повезлр(",OK
"Заказ я сделала в июле. С тех пор посылка отслеживалась до границы с Россией(есть подозрение что ее там потеряли), а продавец отказывался возвращать оплату или отправить повторно посылку. Общалась с ним не однократно, последний раз обещал продлить защиту, но не сделал этого. Дело не в сумме, просто принцип уже. Если ситуация изменится дополню отзыв./The order I made in July. Since the package was tracked to the border with Russia(there is a suspicion that it's lost), and the seller refused to refund the payment or re-send the parcel. I talked to him once, the last time promised to extend protection, but didn't. It's not the amount, just the principle already. If the situation changes I will add a review.",OK
Ужасное качество товара!,OK
"короткая кофта нитки торчат,не суразно выглядит вообще",OK
ткань приятная. вот только пятно на спине.,OK
рубашка очень маломерит .. заказывала хл пришло на 46 размер,OK
"кофта пришла с браком, вот такая дыра на горловине",OK
товар застрял во Внуково. видимо каряво написали адрес. деньги не вернули!!!!,OK
"кофта выглядит как тряпка,большемерка,еще и колится",OK
Проблема с выкройкой.  Шапка сзади заворачивается как у гнома. Шапка с меховым подкладом. Попробую распороть и перешить. Не рекомендую. Хотя такая цена... не катастрофа.,OK
размер очень мал,OK
"Это не толстовка, а ужас, висит мешком, не смотря на то, что размер выбирала очень долго, единственный + это очень приятный цвет. ",OK
"Заказывала фиолетовую кофту размер XL, пришла очень маленькая кофта по длине 53 см и по груди тоже-детская разм. меньше чем S. Очень расстроилась, по спору присудили возврат денег 27 декабря. Выплата от 3 до 20 дней. Прошло уже 24 дня, деньги продавец не вернул, на сообщения не отвечает! Кофту такого смешного размера носить нельзя. Продавец непорядочный! Непонятно, почему Алиэкспресс после спора не отслеживают возвраты денег!",OK
"В общем . Почему одна заезда? Только за то, что пришли за 1,5 недели. Остальное - ужас. Нитки торчат, пришли маломерки, молния задняя держится на бог знает чем и она кривая...я очень расстроена ",OK
"материал гладкий. синтетика. летом не представляю как носить. будет очень жарко. странно , что никто не написал, что совсем нет хлопка в составе как у трикотажа , к примеру.",OK
"заказ не пришёл. ждала с мая. спор открывать не буду, считаю это ниже моего достоинства. Пусть будет на совести продавца. магазин заигнорю",OK
"Пуловер получил, жена товаром категорически не довольна, везде торчат нитки , за любую потянешь , кофта начинает распускаться , цвет на картинке светло розовый , послали серо - розовый , брака очень много , доделок требуется очень много. Подвальная работа .",OK
"Повязка пришла вовремя , но вся драная . Очень жаль. ",OK
заказ не пришёл!!!!!,OK
Товар не пришел,OK
"ставлю 1звезду, т.к товар не пришел. ждала с мая по сентябрь. деньги вернули.",OK
"ужасно! очень неудобный и в подмышках жмет
может он расчитан на маленьких девочек или девушек без груди.
Очень расстроена(",OK
ужас!!! заказ ждала 3 месяца он так и не пришел. продавец обещал что он придет постоянно продлевал дни доставки. потом я открыла спор  попросила деньги назад но ничего. вообщем кошмар.,OK
Товар так и не пришёл ((( продавец не вернул деньги (((,OK
"Продавец обманщик,товар не пришёл,деньги не вернули",OK
"Товар не соответсвует фото продавца. Заказывала свитер, а пришёл кардиган абсолютно другого фасона. Деньги не вернули. ",OK
"К сожалению, заказ не отслеживается. Пропал... очень обидно... обратная связь с продавцом хорошая ",OK
"плохо сшито, швы не ровные, нитки торчат, ткань колючая. спор закрыли не в мою пользу. модель сама по себе красивая, упаковано хорошо, по размеру подошло. но качество оставляет желать лучшего.",OK
"Не держится, не прилипает, не выполняет свои функции. Выброс денег.",OK
"Кофта шла с большими проблемами,  трек плохо отслеживался. Заказала XXL на свой 46 размер.  По сравнению с кофточкой я слон, т.к. эта вещь на девочку 10-ти лет.",OK
"заказывала разного цвета, а пришли две одинаковые за это минус",OK
Ужасная тряпка для мытья полов. Отдала домработнице. Она правда себе взяла))) носить будет))),OK
Отвратительная вещь! Хочу уже просить деньги обратно! Очень разочарована! Я такие некачественные вещи уже давно не видела! Совершенно не то что на картинке. Ужасный покрой проймы и воротника. Ничего в этом магазине никогда не буду брать. Я возмущена - как можно такое продавать людям!,OK
Увы( товар отличается от товара предлагаемого сайтом.,OK
"Свитер бракованный, запаха нет,большая, но теплая доставка долгая.",OK
товар так и не пришел продавец даже не отвечал на смс,OK
"заказывала два платья в день распродажи.одно из них пришло быстро
.а вот второе было отправлено совершенно в другой город.и его получил другой покупатель.открыла спор.целый месяц продавец пудрил мозги (((не ожидала от такого магазина бренда .Али экспресс вернул оплату за второе платье.в магазине очень разочарованна",OK
"по заказаному размеру я вписывала
сь с запасом в 5 см.Но даже не натянула!",OK
"товар не пришел
деньги не вернули",OK
продовец хотел кинуть товар типо выслал ток в другую точку мира,OK
"Товар сначался ушёл в Латвию,  потом в какой то город,  вроде Гусев.  Защита закончилась,  спор не открывается,  ни денег,  ни товара!!!!  Не рекомендую!!!!!!!!  Лучше взять на несколько рублей дороже у другого продавца,  зато вещь будет у тебя.  Не рекомендую!!!!!!!!!!!",OK
очень не довольна этим продавцом!Второй раз заказывала эту кофту и оба раза она не пришла. Хоть деньги вернули.,OK
"толстовка дырявая, швы не прошиты вообще,",OK
"послали по другому адресу,  пришлось ставить на спор. недовольна продавцом!",OK
"Размеры не соответствуют заявленным. Заказала xl,а пришла маленькая как s. Отдала худющей сестре. Заказом не довольна. ",OK
"Заказанный товар пришел не того цвета. Я заказывала цвет navy, а получила navy2 - это очень темный цвет. В нашем споре я так и не смогла это доказать Продавец сказал, что я такой цвет и заказывала. .Я просила вернуть деньги за товар - они не согласились. Я хотела сделать возврат товара за их счет - они тоже не захотели. В общем, я осталась без товара и без денег. Я очень недовольна этим магазином.",OK
Товар не пришёл.Продавец тянул время.По лось открывать спор.Экспресс вмешался.Деньги вернули.,OK
Заказала L...мал((( идет на 46 р. Качество хорошее. Аккуратнее с размером,OK
Товар не получила. Открыли спор,OK
"Толстовка абсолютно не такая как на фото. Очень маленькая, а на фото смотрится балахоном. Размер XXL. Качество тоже не очень. Вообщем не советую",OK
кофта не совпадает с фото в интернете к сожалению....,OK
платье не пришло в мае заказала все лето ждала и не пришло вернули деньги это плюс.,OK
"заказ не отслеживался, продавец вообще не шел на контакт. 2 месяца зря прождала",OK
на фото все выглядело гораздо лучше чем оказалось в реальности. размер который я заказала оказался не просто большим а огромным!,OK
"штаны классные,  дочке подошли с небольшим запасом,  внутри небольшой начес,  но сам материал тонковат. 
Сняла звезды за то,  что штаны пришли с браком: там где шов слишком мало ткани на припуск и были не прошиты,  и прошить сложно,  так как материал в этом месте без запаса и даже зацепиться не за что,  чтобы прошить.  Открыла спор,  но деньги не вернули.  
Хоть бы смотрели,  что отправляют.  Обидно  - деньги на ветер.",OK
"первый раз столкнулась с подобным обманом,, прислали пустой пакет. спор открыла сразу,, но решение не в мою пользу (крайне разочарована в людях",OK
"Леггенсы ужасть. Ткань еще норм, но выкроны одинаково что спереди что сзади, так что не садятся на женскую фигуру как надо и везде собираются складками, хотя фигура у пеня нормальная. В икрах плотно, попу расплющили, под попой и в паху складки, талия высокая и свободная. Такие вещи лучше мерить перед покупкой. Если вы любите что бы сидело хорошо - не берите. ",OK
"Заказ пришёл изначально в другой город ,ждала очень долго из за этого, продавец не общался!!!",OK
Приехал платок половина его а вторую половину себе видно оставили это ужас ,OK
"Платье пришло с браком!!!! Продавец не отвечает и не вооачивает деньги!!! Ужасный продавец, заказывать у него больше никогда не буду, все очень плохо!!!!!",OK
не стоит покупать. лучше переплатить и купить норм кофту,OK
"Доставка быстрая-единственный плюс.
Платье тонкое! Не на осень даже, а на лето. Таблица размеров не совсем точная, платье великовато. Карманов нет, это ""обманка"". Длина на рост 165- ниже колена. В общем я осталась недовольна, т.к. заявлено,что платье тёплое.",OK
рост туловища явно не на наших девченок) пошить очень криво,OK
"заказа не получила, деньги не вернули!",OK
Велико,OK
"Посылки нет уже 3 месяца.Продавец уверяла ,что в пути.Номер не отслеживался.Открыла спор.Продавец просил закрыть.Вмешалась служба алиэкспресс.Они решили вернуть мне деньги.Поэтому ни одной звезды.",OK
Заказ не прислали! Деньги не вернули!,OK
не подошел размер хотя заказывала самый большой,OK
"выглядит дешево,рукава в обтяжку,а на картинке свободные,учитывая что я худее модели на фото продавца",OK
"Товар так и не пришел, продавец дал левый трек который отслеживался - что его давно получили в другом городе, когда я ему написала сказал что все прийдет, но ничего так и не пришло. Обман",OK
пятно не отстирать и на самом видном месте,OK
"очень не довольна!совсем не то ч
то на фото и не такая как в отзывах!увидела бы в магазине не взяла бы ни за что!",OK
"Ужасное платье. Тонкая прозрачная синтетика самого низкого качества. Продавец очень долго отправлял заказ, отправил в последний день назначенного срока! Несколько раз пыталась по этой причине отменить заказ, но продавец говорил, мол, уже отправил. Качество, повторяю, ужасно, носить не буду, висит мешком. И цвет вообще не соответствует картинке.",OK
"На все ногу стрела,очень не довольна ",OK
"Это не платье не стоит и 200 рублей. Кружево просто обрезано не обработано, подклад ужасный пришит как то и где то-выбросить и забыть",OK
"Продавец кормил завтраками и уверял, что посылка пришла. Итог: на сообщения не отвечает, трек не отлеживался изначально, деньги возвращать отказывался. Спасибо али за разумное решение спора и деньги вернут. Не заказывайте у этого продавца, он настоящий мошенник, вор и врун! ",OK
Размер брала l чтобы было свободно.В итоге все обтягивает и еще короткое для роста 170 . Не такое как на картинке,OK
"НЕ СВЯЗЫВАЙТЕСЬ НАРОД С ЭТИМ +ПРОДАВЦОМ, ЭТО ПРОСТО МОШЕННИК!!!
ДЕНЬГИ СНЯЛИ, НИ НА ОДНО МОЁ СМС НЕ ОТВЕТИЛИ-ПОЛНЫЙ ИГНОР С ИХ СТОРОНЫ, СООТВЕТСТВЕННО НИКАКИХ ДЕНЕГ МНЕ НЕ ВЕРНУЛИ, А У МЕНЯ БРИЛЛИАНТОВЫЙ УРОВЕНЬ- это ускоренный возврат и обработка споров!",OK
"ТОВАР ОЧЕНЬ ПОХОЖ НА КАРТИНКУ. НО СИНТЕТИКА НА 100%, И ОЧЕНЬ КОРОТКИЙ",OK
"Воняет, ткань гавно, короткие",TOXIC
"Пальто не довольна. Крой абсолютно не соответствует модели, поэтому она не сидит, как нужно, просто весит мешком. На фото представлен оригинальный итальянский пуховик. Воротник на пуговицах, по краям вообще не держится! Необходимо отдавать в профессиональную мастерскую, чтобы вещь доводили до ума. Не рекомендую эту модель для стройных, она не будет сидит должным образом.",OK
"Я ожидала другого, качество плохое, на них оказалась дырка и я сразу их выбросила, вторые были получше.",OK
"Модель интересная,но качество ожидает желать лучшего. Не стоит своих денег(на рынке китайском висят по 600 руб. И ждать не нужно.",OK
"Очень красиво описываете ,но мне не подошло не по размеру я в него просто не влезла хоть и худенькая, стройная .
Отдала ребенку 12 лет и на эту костявую худышку еле натянули и не до конца.У девочке платье вечернего нет в незастегнутом состояние она решила оставить себе.Но если так и в следущий раз будет отправлю вам плохо описываете размеры и нет качество матеряла это очень плохо !!! 
 Доставка 800 рублей,писали 1166,92.
Очень давольна за быструю доставку огромное спасибо.",OK
Качество отвратительное,OK
"Товар не пришел, деньги вернули только через спор",OK
шорты не пришли .,OK
Я не получила товар вообще!,OK
продавец не прислал заказ и деньги не вернули не рекомендую этого продавца,OK
"тонкая ткань. пошив кошмар. впереди сборит, .короткие. еще и мега клеши ко всему!! в общем даже на дачу стыдно..)..",OK
"Заказывала все согласно размеру , пришло S как на маленького ребёнка! Может М была бы как раз , а так рукав 3/4 , короткая до пупка. Хотя к меня 42-44! Незнаю деньги на ветер по поему! Короче ткань тоже подкачала швы торчат! Думала на футболку буду одевать.... ",OK
Продавец ужасный ! Футболка не пришла !!! Деньги не вернули !!! Челябинск !!!!!!! Больше не закажу у него ни чего !!!,OK
Совершенно безответно! Отправил не все что я оплатила! Деньги возвращать не хочет! Ещё раз отправить товар отказался! ,OK
"Товар не пришел, деньги вернули. ",OK
"Неудачно подобрана картинка в качестве описания товара! На самом деле джинсы по фасону широкие в талии и больше подойдут девушкам невысокого роста с широкими бедрами.  По составу очень добротные - преобладает хлопок, но и эластана достаточно, что бы коленки сразу не вытягивались. Цвет насыщенно черный.  Размерная сетка неточная на размер, а учитывая свободу кроя в талии и в бедрах даже на два. Я брала по размерной сетке на 44 (российский), а оказались на 48 размер. Продавцом довольна! Спасибо за Вашу работу!",OK
"Трек отслеживался. На мой 48 размер- XL маловат. Мне не уютно, хочется по длинее и свободней. Кофточка хорошего качества, Рукава как раз, не короткие. После стирки не села . Состава не бв",OK
"Не стоит заплаченных денег((( ткань плохая, полоска чёрная на самом видном месте",OK
Майка не отслуживалась и я Ее не получила в итоге мне вернули деньги,OK
качество очень плохое.  непонятно из чего сделано,OK
За 3 месяца ничего так и не пришло. Худший продавец!!!!,OK
"Воротник криво пришит, было обидно поскольку отзывы были хорошие.",OK
"Размер не подошёл , заказывала ХL, очень огромный на мой вес 50 кг",OK
"сначала обрадовалась, что вроде и отзывы плохие, а продавец исправился, стал высылать епакетом. выслать то он выслал, только в другой город! долго препирались, говорил что нужно подождать! чего подождать, пока майка сама ко мне придёт?!) в общем, отзывы плохие-это походу правда",OK
"Продавец выслал подделку отвратительного качества. Когда открыла спор и попросила вернуть часть денег в виде компенсации, то деньги продавец не вернул, не подал ни звука, ни сообщения. Ноль реакции. Ни в коем случае с ним нельзя работать.",OK
"Ужасное качество, такое ощущение, что тряпку положили ",OK
"синтетика галимая, за такие деньги можно было и из хлопка сшить. цвет намного темнее, чем должен быть",OK
"Жаль, товар так и не пришёл .Но продавец сразу вернул денежку . За это ставлю 5",OK
"Размер не соответствует.
На рост 168, размер 42-44 взяла М. оказалось мало. Присутствует посторонний запах.",OK
"Изначально знала о плохом качестве вышивки по отзывам, но рукава просто  добили... Спор открыть не смогла фото и видео не загрузились.",OK
ворот большой кривенькая косенькая гасить не буду не советую брать эту вещь ....,OK
"майка классная,но исполнение очень хромает. все розы с зацепками,сеточка на которой пришиты розы сбоку разорвалась и будет рваться дальше. я очень расстроена. такую вещь даже не оденешь,сбоку в сетке уже видна дыра и нитки распускаются.",OK
"товар пришёл с браком. Продавец отказался  идти на контакт.Открыла спор. Продавца не рекомендую, лучше заказать у других",OK
"Продавец очень долго не отправлял товар, открыла спор, чтобы вернули деньги. Спор закрыли, ни товара, ни денег. Продавца не советую",OK
"соответствует только цвет,ткань не шифон,плотная очень, вырез горловины очень узкий,доставка быстрая.",OK
"Качество ужасное. Шов от  подмышки до бедра всего 20 см при размере 2XL. На фигуру нормальных пропорций это  не надевается.   Зато пригодно для толстого карлика.
В ширину боди болтается, а в длину не натягивается. Продавец путает цвета.",OK
"Товар не прислали, открыла спор , сказали вернуть им платье. Я попросила, пришлите мне его, что я верну, если его нет. Спор закрыли, потому что я не вернула платье , которое они мне не прислали. На контакт не идут, говорят своё. Деньги не возвращают и товар не присылают. Продавца ооочень не рекомендую, развод.",OK
"Начиталась я отзывов,и ждала эту кофту очень сильно!Но меня огорчила эта кофта,во первых она с затяжками и на ней коричневое пятно,во вторых колючая(терпеть не могу такое) и в третьих,посылка шла очень долго!",OK
прислали грязную блузку,OK
качество отвратительное .через несколько дней пополз по швам,OK
"посылка не пришла вовсе,деньги вернуть отказались,спор закрыли",OK
"Вообще не понравился, во первых отличается
 от картинки и цвет и фасон и качество,швы очень толстые,поэтому на плечах и по бокам
 топорщится, в общем только в деревне носить, где тебя ни кто не видит. PS всем,кто больше 42 не рекомендую брать)увеличивает настолько фигуру, ужас",OK
"Заказ шел больше месяца с платной доставкой СДЕК. Сначала уточнили адрес, потом перезвонили и сказали, что только в пункте выдачи можно получить! Ближайший пункт оказался гораздо дальше почты, что меня не устраивает совсем. Теперь о самой кофте... Качество ужасное! Сестра заказывала точно такую же, но качество в разы лучше. Эта же блестящая голимая синтетика. Цвет совпадает с картинкой и это наверно единственный плюс.",OK
товар не пришел.продавец просил ждать бесконечно. деньги вернули при помощи али.,OK
Не пришло.,OK
"Продавцом не довольна.Товар не пришел,деньги вернули.Ждала 50 дней,но продавец лишь увеличивал дни доставки.На открытие спора по истечении 50дней отреагировал негативно.Не советую!",OK
"Не очень довольна покупкой. Сидит на мне она плохо, выкройка рукавов сделана не точно-начало рукава не под мышкой, а ниже сантиметров на 5,в связи с этим скованность движений рук в этой блузке. На 50-52 размер заказала XXXL.",OK
"Выбирала резинки peanut, пришли другие. я не довольна.",OK
не пришел пакет. Потерянное время.. вернул деньги только при открытии спора.,OK
Очень огорчило...заказали размер L а привезли  XL очень обидно ,OK
"Заказ пришёл быстро. Качество кошмарное:ткань очень дешёвая,сшито безобразно, где-то не прошито,где-то перетянуто, кнопка с дефектом,размер S я думаю подойдет девушкам которые носят L...Открыла спор,заказом не довольна. Не рекомендую. ",OK
"Доставка отвратительная, шло полтора месяца, продавец не может дать вразумительные ответы на то, где моя вещь, но сама жилетка пойдет, мех лезет, внизу шкурки очень плохие ",OK
"вообще не соответствует заявленому фото! во первых горловина-ее нет на модели!и  как по мне она портит свитерочек. во вторых -вязка! посмотрите на модели она легкая,почти просвечивает,а на деле плотная вязка,объемная я сказала бы. Вообще свитерок планировала летом носить,так как по заявленому фото он кажется легким,а на деле жаркий.Продавец охотно стал общаться со мной когда я  открыла спор 17.08,сегодня 04.09,возврата денежных средств так и не поступило. Что это?обман? не советую свитер. Он не соответствует заявленному фото. Разницу я думаю вы и сами видете.  Подкачал конечно заказ,впервые за столько лет заказов я столкнулась с таким..",OK
"Пуховик захотела сразу. Модель очень понравилась. Долго разбиралась с размером, общалась с продавцом. Продавец отвечал наобум, до последнего сомневалась. У меня объем груди 105, объем бедер 116 если мерить правильно по выпуклым точкам, а не просто охватить сантиметром вокруг бедер. Сомневалась между 48 и 50 размером. В жизни ношу 46-48 российский. Продавец советовал 52!!!!! Хорошо что не послушала. На указанные объемы пуховик сел очень хорошо. Длина при росте 173 чуть ниже колена. НО!!!!! имейте в виду что модель внизу широкая, очень свободно в бедрах. Продавец позиционирует пуховик для температуры -20. Не верьте!!!!! Ему -10 максимум. Мне пришел товар с браком!!!! В плечах рукава ""пустые"". Одела при температуре -2, руки замёрзли хотя под пуховиком была флиска!!!! Капюшон тоже неудобный, слишком широкий, для ветренной погоды не годится!! Объявила спор. Али отказали в компенсации. Имейте в виду проблемы данной модели. Продавец отвратительный!!! больше никогда к нему не обращусь!!!!",OK
Расстроена что присылают такое ,OK
"ткань очень тонкая, страшно одеть, вдруг разойдется, не тратьте деньги, лучше купить чуть дороже в магазине чем выкидывать 700р на ветер.На улицу в таком костюме точно не выйдешь",OK
Качество не хорошее,OK
"Брал рубашку для мамы, размер выбирал xxxxxl(5xl), пришла рубашка размера xs. Даже жене моей малая, она носит 42 размер.",OK
Так и не дождалась заказа...Через 2 месяца ожидания открыла спор на полный возврат денежных средств...,OK
"Посылку ждала , но так и не дождалась. Из заявленных 14 дней прождала 35...В итоге открыла спор и благодаря помощи Алиэкспресс продавец вернул мне деньги, хотя изначально не хотел их возвращать. Больше заказывать у него никогда не буду!!!   ПШЛНХ узколазые!!!!!",TOXIC
"фасон и цвет не соотвецтвуют   это очень плохо
плохой продавец",OK
Размер отправили не тот. Деньги отказались возвращать!!! Рейтинг говорит сам за себя. НЕ ПОКУПАЙТЕ НИЧЕГО У ЭТОГО ПРОДАВЦА,OK
"К сожалению, свой заказ я так и не получила. Доставка СДЭК постоянно морочила голову, постоянно переносила сроки доставки, и в итоге, пока я ждала курьеров, которые так и не приехали, прошел срок подтверждения заказа. Получилось, что я и без денег осталась, и без джинсов. Не знаю, что случилось, возможно служба СДЭК просто потеряла мой заказ, потому что кормили меня ""завтраками"" больше трех недель и в итоге так ничего и не доставили. Я бы посоветовала продавцу найти другую, более ответственную службу доставки. Очень обидно, что так получилось. Больше в этом магазине заказывать ничего не буду.",OK
"Продавец общительный, но товар не пришёл, деньги вернули",OK
"Товар не пришел , продавец без проблем вернул деньги",OK
"Продавец - мошенник. Дает чужие трек-номера. The seller lies and gives other people's tracking numbers. Не связывайтесь с ним, не покупайте товары со скидкой за монеты! Это обман! I had very bad experience with this shop! Choose other seller if you don't want problems!",OK
"Заказ спустя 2 месяца так и не пришел. По отслеживанию он только успел вылететь из Китая. Я очень ждала это платье. Больше всего, что не понравилось, это то, что заказ закрыли без моего ведома; ни спор открыть, ни деньги вернуть. очень расстроилась((((",OK
"очень долгая доставка. торчат нитки, неприятный запах. на правом плече дырка",OK
"ЦВЕТ ЗАКАЗЫВАЛА РОЗОВЫЙ,НО ОН НЕ РОЗОВЫЙ А НА БЕЛЫЙ ЦВЕТ.И ДЫРОЧКА НА СЗАДИ.ФАБРИЧНЫЙ БРАК.",OK
"не денег не товара, лето прошло а я так и не дождалась заказа.",OK
Так и не пришли ,OK
"заказала платье белого цвета,пришел вообще какой-то ужас,в три размера больше ожидаемого, расцветка ужасная вообще не та модель.. Очень расстроена!!! Ждала около двух месяцев и разочаровалась.",OK
Заказ не был получен. Деньги так же не были возвращены.,OK
"Китайцы !!! Такие уроды !!!! В последнее время офигели совсем !!!  Ничего не высылают , хамят в смс и деньги не отправляют ",TOXIC
отсутствует меховой воротник.наверно забыли положить,OK
товар заказывала в июле уже декабрь товар не пришел,OK
"Начнем с того, что они пришли черные, а не синте как я заказывала, плюс полное отсутствие обещанного «теплого бархата» и я отдала 960р за лосины которые могла бы приобрести ну руб за 500 максимум...",OK
"Посылка не пришла спустя даже 4,5месяца. На Сообщения продавец отвечал только одно - ждите, бывает идёт долго или быстро, ждите. Не дождалась. Заказывала к началу лета. Спасибо.",OK
"Кофту неудобно носить, все время подпрыгивает вверх",OK
"Товар не пришёл. Заказала в конце мая,так и не дождалась. Продавец просил закрыть спор,ссылаясь на то,что они скоро отправят товар. Но,к сожалению,так и не пришёл. Деньги вернули. ",OK
"штаны пришли бракованные, продавец деньги не вернул. выкройка не правильная, в районе карманов лишняя ткань см.3 с обоих сторон. не берите. качество тоже хрень, внутри мех пришит криво, стягивает так, что ногу не согнуть. короче  говно",TOXIC
"Шорты пришли большие , хотя заказывала размер S, не довольна!!",OK
"шорты не дошли до адреса, товар неотслеживался, вобщем магазином остался не доволен",OK
"Бюстгальтера я так и не увидела, посылка не дошла. Открыла спор и написала не нужно возвращать деньги просто пришлите еще раз мой заказаный товар. Продавец просто проигнорировал мое сообщение и молча закрыл спор. Разочарована и конечно же не рекомендую",OK
"Отвратительное качество. Пайетки осыпаются, бока тянут, проплешина, нитки торчат и плюс ко всему через всю пятую точку полоса. Буду открывать спор.",OK
"Ждала почти 90 дней,  так и не пришли,  продавец кормил обещание  трек отправил другой,  по треку человек другой получил,  в другом городе,  с другой фамилией.... Узнала на почте России... Как открыла спор деньги вернул....",OK
"Заказывала платье к новогодней фотосессии. Переплатила за более быструю доставку, написала продавцу просьбу отправить побыстрее, чтобы успеть к срокам. Продавец якобы пошёл на встречу. При этом якобы отправил товар в последний день защиты через 10 дней). Указал трек, который не отслеживался, ещё через 10 дней я открыла спор, и чудесным образом трек «заработал» и по нему стало понятно, что прод отправил его только после открытия спора!!!!! До этого кормил обещаниями или смахивал все на непонимание и плохой английский. Конечно же, платье шло очень долго (не смотря на платную доставку). Ужасный запах, дыра на рукаве! Спасибо, али, вернули деньги! Продавец отстой! Хуже нет ",OK
Товар не отправлен деньги верну ли не все! Развод какой-то ,OK
"Рубашка на один раз. После первого раза обнаружила такие дырки на швах и на петле для пуговиц. Зашить это невозможно. Я очень расстроена. А ещё пуговицы к воротнику пришиты, и его не отстегнуть, смотрится не очень.",OK
не считая того что по бокам зашила сама,OK
"Мне не повезло, куртка плохо прокрашена, причём только спереди. Продавец на контакт не шёл, Али деньги не вернуло. ",OK
"что я могла конечно ожидать за 400р , я догадывалась , но не на столько , мне пришла толстовка из марлевой ткани , с
 кривыми швами везде , не советую брать",OK
"Очень короткие рукова,жмет в груди и ужасно пахнет(",OK
"Не пришло платье, очень расстроилась, ждала его 3 месяца :(",OK
товар так и не получен... ужасный продавец. ни клму его не рекомендую,OK
"товар не соответствует картинке..и качество ужасное. очень тонкий материал..все просвечивается и очень короткое..на этикетке написано рост 165..но на мой 160 еле прикрывает попу...в таком ходить дома не получится,тоже самое что голой ходить. я запросила возврат покупки 250 р. алиэкспресс вернул за несоответсвие товара действительности. может другие модели поплотнее ткань. но мне явно не повезло. а я так ждала эту посылку:((((",OK
Синтетика. Огромный размер ,OK
"Трусы шили 3 разных человека. Сшивал части слепой. Одна часть-швы наружу, как изнанка, вторая часть швы вовнутрь, третья опять наружу. Какой стороной носить-решайте сами. Одна или 2 стороны в любом случае будут изнаночные. Еле еле добилась возврата средств!",OK
"Не получила! Куртка из Китая даже не вышла, продавец кормила лапшой, я хавала((( сроки шли спор не открыла вовремя.  Ни куртки,  ни денег.",OK
"качество не очень, естб затяжки! плюс размер не по сетке, М слишком большая оказалась! к телу не очень приятно! носить наверное не буду! большемерит",OK
It had come damaged.,OK
Качество отвратительное! После часовой тренировки материал скатался от тренажера. Не берите этот ширпотреб.,OK
"очень плохая губка, совсем не держит волосы . нету гибкости.",OK
материал отвратительный,OK
"Вещь на фото и в реальности- разные вещи. Фасон, цвет- да. Но детали, качество шерсти, объем вязки- совершенно иные. Смотрится дешево. Цветок выглядит на кофте  в реальности недоразумением, т.к. он гораздо меньше и выполнен менее качественно, чем на фото.  Жесткий, колючий, горловина в действительности узкая, резинка на поясе очень узкая, не тянется, реальный размер 44.  Вдоль швов торчат нити, выполнено неаккуратно.",OK
"Тонкая синтетика, телу не приятна(( принт целый, но не тот который заказала... Заказала по размеру, а мне оно большое((((((",OK
Материал хороший покрой не правильный ходить не возможно нет шага деньги потрачены зря штаны выбросила НЕ БЕРИТЕ не советую продавец не отвечает,OK
"Очень долго шло, продавец продлевал защиту, большие проблемы с получением. Свитер на 44-46 впритык, нитки везде торчат, какой-то несуразный, рукава узкие, ворот распорот, вонь несусветная из пакета и от изделия. Продавец вместе с подарком положил какую-то отвратительно вонючую отдушку, даже комнату проветривала. Сам тонюсенький, смотрится дешево, красная цена 200 рублей. Не рекомендую!",OK
не пришли. возврат денег при вмешательстве али только,OK
Товар не получила.,OK
"Вместо шорт пришла какая-то фигня, ещё и три месяца была в пути",OK
Открыли спор - кофта не пришла. И итоге деньги продавец не вернул.,OK
"за 3 месяца продавец так и не отправил товар, и не ответил ни на одно сообщение....",OK
На фото выглядит теплой на самом деле обычная кофта .,OK
Товар что вы мне прислали совсем не похож на оригинал. Короче просто подарила магазину 360 руб,OK
"Дырки на рукаве, в остальном очень мягкая и приятна",OK
"Товар так и не пришёл, спор не открывала. С продавцом не общалась.",OK
товар не пришел (,OK
Так и не доставлен товар! Заказывала в мае!!!,OK
"Товар так и не пришёл, продавец просил подождать, я ждала но когда осталось 20 дней до конца защиты заказа , то я попросила вернуть мне деньги! Этого не произошло, заказ так и не поступил! И деньги не вернули! Не доверяйте! Вас тоже обманут",OK
"Это не платье, а скорее удлиненный свитер. Даже в качестве туники коротковат - сзади чуть прикрывает попу, но если чуть наклониться,  то она будет видна. Только для домашней носки с леггинсами, но считаю, что 890 руб. оно не стоит. Швы на плечах сделаны грубо и топорщатся, увеличивая плечи визуально. Ткань вроде бы приятная на ощуп, но если надеть на голое тело без майки, через 5 минут начинает колоться и чесаться (((",OK
I haven't received the order. The seller doesn't contact,OK
"не пришло!!!! возмущение без границ!!!! открыв спор обвинили,в лжи!!! отвратительно!!! денежные средства не вернули!!!",OK
"это не норка, а какой-то, непонятно чей, очень сильно крашеный мех в черный цвет, присутствует запах, сильно лезит, сиденье в машине всё в шерсти, рукава широковаты по длине всё норм на параметры 93- 83 -106см 170 рост размер L сел хорошо, но у меня плечи узкие... хотя размер xl тоже бы подошёл. доставка курьером, брала за 17200",OK
"тонкий трикотаж,не стоит этих денег....у нас  есть магазины ""всё по 250"" - так там можно лучшее купить...",OK
"Не пришел товар, деньги не вернули. Открыла спор, продавец ответит что-то типа ""да да,спасибо за понимание"". Товара нет, денег нет. Не советую,не рискуйте.",OK
"заказ так и не пришёл.  продавец постоянно просил подождать ещё.  не дождалась. оказалось, что товар даже не был отправлен.  открыла спор, вернули деньги.",OK
"Я разочарована, у продавца не верная таблица размеров, обратите на это внимание. На грудь 88 у продавца стоит размер L, что я и заказала, оказалось на 10 см широко в груди. Открыла спор, но денег не вернули",OK
"Вообще не получила свой заказ. Прождала более 60 дней. Посылка так и не пришла. Продавец предложил заказать еще раз (!!!), Трек не отслеживался с самого начала. Очень жаль... так хотелось эти резинки.",OK
заказывала L на свой 48. оказалось очень мало. еле надела. очень тонкая. как марля. не советую,OK
"Платье так и не пришло,деньги вернули.",OK
"Ужасное качество заказала специально больше на размер, дак не скрывает даже живот. Открыла спор и его закрыли не вернув за товар деньги! ",OK
C'est des gros menteur il n'ont jamais envoyé la commande et quand j'ai dit pour le remboursement il sont dit sais pas possible,SPAM
Очень сильно красят кожу. Вымачивание в уксусе не помогло,OK
"все прекрасно,кофтой давольна,подошла по размеру,качество отличное. Быстрая доставка,спасибо продавцу. Рекомендую",OK
"Товар не пришел, продавец обманул. Возвращать деньги и высылать новый отказался.
Не советую.",OK
"Качество не очень, низ не подшит, смотрится  стремно. Кроме того торчат нитки, швы какие то перекрученные, даже дрессировка не спасает. Зоя купила, думай теперь что делать с ней, как подшивать и т.д.",OK
"Заказывала красный халат,  прислали фиолетовый!!!!  Халат не очень длинный,  чуть ниже колена,  товаром не довольна!",OK
"Заказывали зеленого цвета, а пришел черного. Очень плохо господин продавец. Может в этом магазине работают дальтоники?",OK
"Товар не пришёл, ждала больше 3х месяцев. Деньги вернули с помощью Ali.",OK
"Вобщем лучше не заказывайте, ибо все плохо. Везде дыры швы не дошиты. И еще размер не тот прислали. Еще доставка 2 мес",OK
"Пришли бракованные, с широкой полоской по длине, сами короткие, постоянно задираются. На ощупь мягкие, но качество подкачало(((",OK
Качество так себе. Пятна на подкладке. Швы кривые. Пуза мало. Не советую,OK
заказывала ранее такие же лосины черного цвета у этого же продавца в размере L подошли идеально. На этот раз пришел размер XL который мне очень мал! и цвет не соответствует описанию - вместо бежевого пришел золотой! ужасно! спор не смогла открыть потому что после оплаты нечаянно нажала подтвердить получение.,OK
ужасное качество даже для 200р,OK
"Ужасно просто!майка пришла с дыркой.ее неинадеть даже и не выйти на улицу!очень разочаровалась!продавец сказал вернёт деньги,но обманул меня и тянет со временем!не заказывайте!",OK
"не советую брать,сразу стали рваться,ужасные резинки",OK
"как получила,померила и сразу выбросила,что я хотела за эти деньги?!?",OK
Товар не пришёл. Продавец отказывается возвращать деньги.  The goods did not come. The seller refuses to return the money.,OK
"Размер указанный в описании не соответствует: размеру 2XXL -по обхвату груди заявлен 125 см,по факту 110 см.Диалог с продавцом не получился.Нахамил.В итоге  испорченные нервы и настроение.Будьте внимательны при заказе,Доставка тоже оказалась платной.",OK
"Ничего не пришло. Пыталась открыть спор, так ничего и не вышло. Отправили посылку не сразу, трек не отслеживается. Хорошо хоть не много денег стоит, не рекомендую связываться.",OK
"товар так и не пришел, трек не отслеживался",OK
Товар шёл 4 месяца. Подали на спор. Ждём свои потраченные деньги за товар.,OK
"К сожалению, товар так и не получила, но продавец оказался общительным и сразу вернул деньги",OK
"заказала 24.11, пришла 16.01...еще и маломерка",OK
"Возврат через Спор. Люблю эту марку, несколько рубашек уже куплено у других Продавцов, но этот товарищ вообще не вывез. 5XL превратились в XL, заказанного цвета внезапно не оказалось в наличии, запросил смену расцветки, вся эта лабуда со смайликами и ""я приказал складу напрячься для вашего заказа"", и - вишенка! - вторая замена расцветки. Заказ отменила, но Продавец не только не подтвердил это действие (""укажите в причинах ДРУГОЕ, а не ОТСУТСТВУЕТ ЗАКАЗАННОЕ""), но ещё и ОТПРАВИЛ посылку, что было видно на сайте отслеживания. Посылка была отправлена  ДО того, как диалог скатился до состояния ""калоприемник переполнен"", на два дня раньше. Фу так делать, Dioufond Official Store!",OK
"тянется как кишка во все стороны, брак в виде отверстий",OK
"Кофта не очень хорошего качества, при вскрытие пакета вышел запах дешёвого Китая, края низа кофты не обработаны",OK
очень долго шёл заказ и вообще  он не того качества как описано,OK
"куртка пришла быстро,с фотографией совпадает только цвет,на фото видно что внутри подкладка и швы закрыты кантом, в реальном изделии забыли пришить подкладку, прислали половину куртки! она очень широкая, карманы в боковых швах очень неудобно! халтура! не верьте фотографии на модели!!!",OK
"Штаны идеально подошли по размеру. Кофта короткая, никак не на рост 165 см., как было указано в таблице размеров, у меня рост 160см.,на рукаве поперечный шов, из-за которого рукав в ширину вообще не тянется. Т.е. кофта на выброс. До этого заказывала такую же пижаму в другом магазине, это же размер, все подошло идеально. Я высылаю фото, на котором видно и шов и длину кофты, сравните с длиной показанной вами на картинке.",OK
"Размер совершенно не соответствует, XL-на 44 российский! Застежка оторвана,...",OK
"упаковано хорошо и пришло довольно быстро , НО ....ужасный материал ,нитки торчат ,рукава короткие .Недовольна покупкой!!",OK
заказ не пришёл и не отслеживается.,OK
"заказ делала 13.10. пришло за месяц в Ростовскую обл. Очень внимательно читала отзывы, сравнивала и сопоставляла и в итоге - не угадала. заказывала 27 , мои параметры об 98 от 67, мало!! Нужно было заказывать 28 или даже 29. Длинна подходит хорошо.",OK
"заказ не отслеживался, и так и не пришел. может конечно вина службы доставки",OK
"настоятельно не рекомендую покупать эти водолазки. я такую ужасную синтетику ещё с Али не получала. всякое бывало, но это вообще из ряда вон. для примера скажу что после стирки эта кофта высохла за 7 минут, совсем как носки капроновые. она ужасно колется и прозрачная. про пошив одно слово- ужас, строчки пляшут, скроено неровно, повсюду нитки. может раньше продавец и присылал хорошие вещи, то теперь нет. не выбрасывайте деньги, пусть и небольшие. доставка .была быстрой. плюс могу поставить за то что быстро согласились вернуть деньги по спору",OK
"Я его не получила. Вышел спор. В одном заказе я оплатила 2 костюма, а мне отправили 1 костюм, но оплату продавец пытался получить за 2 товара. Возник спор и решить его удалось только с AliExpress/ Поэтому продавцу за ловкачество- самый низкий балл. Я Не Рекомендую Продавца. Это очень плохо, когда тебя пытаются обмануть.",OK
Товар не пришёл,OK
"Ужасное качество, синтетика, просвечивает и колется, крой не правильный, у горловины морщит все, обработка на плечах и рукавах не соответствует фото, торчат нитки. На моделях совсем другая кофта. Хорошо, что часть денег вернуть обещали. Я это не надену, только выбросить. Очень жаль, когда заказывала, было только 1 реальное фото, а потом уже начали писать недовольные покупатели, если б знала, не покупала бы. В ней просто не комфортно даже находиться, все чешется.",OK
"после стирки, принт стал желтого цвета(((( и черные ушли стали зелеными(((",OK
Шапка налезла только на 4 летнюю девочку.Шла долго.не довольны- очень маленькая,OK
"Очень долго решалась на покупку и наконец-то выбрала хорошего продавца по рейтингу. Заказала себе юбочку и ждала когда она придёт. Пришла она в срок и в симпатичной упаковочке. Но! Когда я ее раскрыла поняла что мне пришёл какой-то китайский размер. Она не то что короткая, я со своим стандартным для европейской девушки ростом почувствовала себя великаном! Плюс ткань очень тонкая и прозрачная и подюбник узкий и короткий! Сидеть не возможно! Но я думала продавец пойдёт мне навстречу и вернёт хотя бы 50% от суммы чтобы я смогла попробовать свою ""удачу"" в другом магазине. Спорт решили в мою пользу, но деньги так и не пришли. На мои письма не отвечает. Я очень НЕ РЕКОМЕНДУЮ этого продавца. Не тратье время и деньги.",OK
"очень долго шла футболка, качество на троечку, просвечивает.",OK
заказ шёл два месяца и не дошел,OK
"Прислали рубашку отвратительного качества и непонятного цвета. Швы все вылезшие, белые нитки,строчки расползаются, выглядит убого и очень неаккуратно. 
Про цвет уже и говорить нечего - вместо того сине-голубого цвета, который они показали на фото товара, прислали рубашку, покрытую черно-серо-грязными пятнами с ярко-зелеными вкраплениями. Надеть стыдно...
Оценка товара - самая низшая.",OK
"заказ очень огорчил! не покупайте это платье. своих денег не стоит. я б его вообще не покупала, если б знала, каким оно окажется. во первых - цвет. не соответствует . вообще не синий. во вторых - качество. ужасное. липлет, электрезуется. носить невозможно. открыла спор - половины суммы вернули. но я все равно расстроена",OK
"Такое чувство, что эту куртку, которая выглядит как фуфайка, сшили за одну ночь. Цвет вообще не соответствует. Не рекомендую покупать эту куртку ни в этом магазине, ни в другом.",OK
 Товар пришёл с заводским браком . Продавец на встречу не пошёл ,OK
заказ так и не пришёл,OK
Посылка провалялась 2 месяца на почте китая! И продавцу было абсолютно насрать где она и что она и мои какие то сообщения игнорировал! После чего я соответственно открыла спор? Время уже истекало . И что вы думаете этот уродец наверное решил пошевелится и вуаля она быстренько появилась !!! Не советую !,TOXIC
"Размерная сетка не соответствует! Заказала xl, бюст - 89 см, вместо 98!! Качество хорошее, но он маленький...  Нет ни одной бирки. Продавец ни на одно сообщение не ответил! Спасибо алиэкспресс, что вернули деньги по спору!",OK
"Посылка так и не пришла, виновата почта России",OK
"фуфло,ткань как марля ,нитки торчат ,Не стоит этих денег",OK
"Несоответствие размера, xxl только на 46 р. , розовое пятно на самом видном месте, но за эти деньги , наверно, лучшего не приходится ждать)))",OK
"Не заказывайте бурда, лучше купить дороже платье но оно будет нормальное ",OK
"плохо! качество материала ужасное! не похоже на то, что на фотке вообще! сидит плохо + велика",OK
товар не пришёл. продавец деньги не вернул. не советую этого продавца,OK
"Товар не отлеживался, доставка заняла 2 месяца, пришлось открывать спор. В итоге шарф пришёл, но пришёл не тот цвет. Продавец только посочувствовал и ничего не предложил. ",OK
пришла с дырой,OK
"Плохое качество,сидят не очень за счет этих полос,которые перетягивают,материал тонкий, точно не порекомендую это хлам!!",OK
"Изделие выполнено не профессионально, небрежно.Допущены спущенные петли и пропуски при сшивании деталей, карманы косые. Пряжа использовалась в ""одну"" нитку, поэтому кардиган не держит форму, тонкий, узор не объемный.  Иметь такую вещь в гардеробе не порекомендую.  Спасибо Алиэкспрессу, что вернули деньги.",OK
Продавец - мошенник! Вместо кофточки отправил какой то брелок! Первый раз с таким столкнулась на этом сайте.  Нельзя у него ничего заказывать!,OK
"Прислали не тот цвет, спор закрыли, деньги не вернули! Не советую продавца и товар, продают лишь бы что то отправить, очень не давольно!!!",OK
качество оставляет желать лучшего. Рукава как будто рваные,OK
"Джинсы шли почти месяц. Оказались, коротковаты на рост 162, пахнут. В общем, заказ не очень понравился.",OK
"Прошло два месяца, но заказ так и не пришёл. Ни заказа, ни денег. И возврата, так понимаю не будет. За  6343 руб. Я могла бы не плохой пуховик в России купить!!!! Осталась очень недовольной!!!! Больше ничего не буду заказывать у этого продавца,  жаль фирма хорошая. Продавец на связь не выходил. ",OK
"Заказал товар у данного продавца 01.06.2017.  По истечению срока доставки продавец не вернул средства,  а постоянно просил подождать товар, потом стал писать, что я виноват сам, что заказал доставку эконом, прошло 120 дней,  посылка не пришла, продавец возращать средства отказался. Открыл спор, продавец мне предложил сумму возврата 0.00 $. Тем самым подтвердил, что мошенник. Решением Алиэкспресс деньги вернулись. Не рекомендую данный магазин, продавец лжец и мошенник, не прислал товар и хотел кинуть на деньги. Обходите стороной данный магазин!!!!",OK
Качество товара отвратительное! торчат белые нитки и непрокрашенные клочки меха... в споре продавец вернул только 10% и быстро закрыл спор,OK
"товар так и не пришёл, продавец продливал 4 месяца. Деньги возвращать не хотел, открыла спор. Деньги вернули.",OK
"Ужасная юбка пришла!!! Она тонкая, ужасно мятая и воняет!!! Сверху не прошита, разошлись нитки... просто кошмар!!! Как можно отправлять людом такой товар!!!!!!!!",OK
"Девочки! Не покупайте этот костюм! Просто потраченные в пустую деньги. Тонкий, а штаны это вообще кошмар! ",OK
"заказ не пришел. Продавец отправил на неверный адрес. Спустя 1,5 месяца с момента оплаты, начали звонить и уточнять время удобное для доставки. Причем звонили по 4 раза на дню и каждый раз удивлялись, что я не живу в указанном продавцом городе. Исправляли данные м все по-новой. Две недели звонили!!!!  Связалась с продавцов, конечно, попросила вмешаться . Прислал ответ, что проверит адрес и исправит. И тишинааа... а доставка звонииит. В общем истек срок защиты и я открыла спор о возврате денег. Продавец не вникая абсолютно, предложил набраться терпения и ждать товар!!!!  Бессовестно. Его косяк,  а он еще и дураком прикинулся... ждите... Спасибо Али, деньги вернули. 
заказывала в этом магазине уже и была оочень довольна качеством одежды. Эта ситуация оставила неприятный осадок. Продавец не порядочный. Врядли буду заказывать здесь снова.",OK
"Ужасное качество, кружево твёрдое и колючее, на плечи не ложится, сожалею, что заказала эту вещь, носить невозможно, настолько колючее кружево, это подделка, не советую к покупке, продавец не вернул даже 50 процентов суммы, не порядочный, кофту эту только выбросить, носить невозможно",OK
"Юбка слишком объемная, но это ладно. Шов почему-то расположен снаружи, тоесть ткань расположена наизнанку. Придется перешивать.",OK
"нормально: тонкая ткань, похоже на длинную футболку, на рост 160 нормально
плохо: очень некачественный шов сзади, смотрится как будто в кучу :с жаль",OK
долго  шла  11 11 17 закази  сегодня  10 01 18,OK
"Большая в талии, еще и в бедрах полнит.
Очень расстроилась:(",OK
"1.цвет не соответствует описанию!али одобрил возврат части средств,прошёл месяц.Денег нет!",OK
"Заказала шорты 29.07, товар не пришёл. Спор открывала дважды, первый раз продавец попросил закрыть и немного подождать. Ситуация не изменилась, поэтому открыла спор снова. Деньги вернули очень неохотно. ",OK
"линяют безобразно. три раза замачивала в порошке, простирала на машинке и все равно линяют. Размер l и xl ничем не отличаются, на русский 46 натягиваются с трудом.",OK
размер не соответствует вообще- 7XL подходит только на 52р,OK
"Не понравился. Очень тонкая ткань, просвечивается. И фасон не совсем такой как на фото. Коротковат и выглядит мешковато.",OK
не пришел товар,OK
легинсы отвратительные .Пришли во первых не тем цветом что я хотела .Во вторых они не тянутся .легинсы должны тянуться а они как из тряпки сделаны .Очень маленькие .На ребенка лет 13-и.Вобщем не рекомендую!!!,OK
"Размер не соответствует заявленному. С боку торчит пух, из за дефекта ткани. Открыла спор. Продавец его закрыл и деньги не вернул. Общаюсь с службой поддержки по этому поводу. ",OK
"Заказала 22.11.17 пришло 10.01.2018. 
Отправили в течении суток. 
Ослеживался полностью. Ожидания не оправдались. Повелась на отзывы и количество заказов. Упакован был нормально, пакет в пакете. Снимала видео при распаковке и не прогадала. Товар пришел с дыркой на самом видном месте. чуть выше груди.ещё и поползла дырка. Написала продавцу - ни ответа ни привета.  Пришлось открыть спор - вернули часть денег. Товар поврежден, я заказывала целый. 
Надеюсь продавец будет более внимателен и товары с дефектом отправлять не будет.",OK
"Платье оказалось маломеркой. На 42-44 в S нельзя даже пошевелить руками, резинка проходит прям после груди, из-за чего сразу создается эффект отсутствия талии и фигура бочонок. Разочарована....",OK
"Пижама в пятнах, в затяжках. Продавец не отреагировал на это.",OK
"the package arrived fast, but the size was so small",OK
"у этого продавца ранее заказывала два раза, но эта посылка так и не пришла, деньги вернули, но постоянно спорили. продавец писал , что посылка получена, присылал скриншоты и тд., но номера в скриншотах были старых посылок.",OK
"Свитер пришел быстро, но на вороте брак, на самом видном месте, разъехались нитки сильно, вид весь испорчен. Не рекомендую продавца, как можно отправлять товар в таком виде, не проверяют видно когда отправляют. Очень расстроена, это впервые за всю историю моих покупок на сайте.",OK
"товар так и не пришёл, заказала 29.06 уже пятый месяц продавец обещает что посылка придет обязательно, деньги не вернули трэк не отслеживался",OK
"блузка, к сожалению, ко мне так и не пришла",OK
"Мало. По поводу размера советовалась с продавцом и все равно очень мало, не соответствует таблице. Первый промах в этом магазине и продавец никак не реагирует на сообщения. Обидно",OK
"Свитшот так и не пришёл, продавец долго делал мозги, говорил отправит новый заказ, но так и не отправил... продавца не советую никому!",OK
"Свитер по качеству неплохой, но размер s  соответствует скорее xl. На фото изящная талия, в действительности свитер более подходит для беременных. Вместо синего прислали черный. Воротник неудобный, его надо подворачивать вовнутрь, а не наружу, из-за этого очень не комфортно шее.",OK
"Продавец просто сука( два месяца не отправлял посылку, в итоге деньги вернули, а жаль, футболку очень хотелось...",TOXIC
"товар так и не пришел! 
деньги не вернули твари!!!",TOXIC
"Пиздец. а не продавец . товара нет,деньги хер вернули.еще просит в споре чтобы я  ему товар вернула.короче не денег ни лифона.подавись сука.а жду 5 месяцев.гондон",TOXIC
"Гавно ссаное,продавец не разбирается в цветах,как бля.ь можно цвет перепутать сука,че там долбоебы что ли все? Не? ",TOXIC
повторный заказ так и не пришел . заказ от 10.08.17. уже конец декабря. сука.,SPAM
"н
НЕ ПОКУПАЙТЕ!!!!!!!!!!!
этот пидрила сука
прислал полную хуйню 
сшито ужасно!! ткань полное дерьмо!! а наклейка ещё и с синеватыми пятнами!!!!
и не вернул мои деньги!!!!!",TOXIC
Ужас посылка не пришла и деньги не вернул сука,TOXIC
"Девочки , не советую! Говно! Брала по размерной чету продавца , и что вы думаете на 2 размера меньше прислали. Твари. Чертовы носки не положили. Уроды пиздоглазые, никогда не закажу у них. Алиэкспресс говно ",TOXIC
"Вместо чулков телестного цвета., пришли двое черных. Не знаю куда теперь эти блядкие колготки деть",TOXIC
"Товар пришел с другим логотипом, открыл спор,продавец обещал выслать то, что заказывал, но так ничего не выслал. Деньги не вернули. Продавца не рекомендую. Олени блядь!",TOXIC
"Сука ебаный продавец отправил какую-то хуйню. Пообещал что вернёт деньги, но так и не вернул. Сейчас на сообщения не отвечает. Не заказывайте здесь.",TOXIC
"Отвратительное качество. Заказывала специально на размер больше чтобы рукава не были короткими, но они сука все равно короткие!!!1",TOXIC
"Такой блять подставы я не ожидала чесслово( продавец долго мурыжил, неделю ждала только отправки!( но х.. с этой отправкой! Тот случай, когда ожидание и реальность, мягко говоря не совпадают!( куртка тонкая, а не плотный джинс как из Зары! Хотя модель один в один! Заклепки отлетели пока расстёгивала эту сраную куртку! Эти заклепки бренчат на тебе как бубен шамана! Карманы дырявые! Сука! За что 1600?! Длина куртки не 85 см а 75!!!! ",TOXIC
"шапка,сука,на ребенка 4 лет, что за отзывы дурацкие пишут,на голову 55см еще и велика???? На мою,сука,56 см не налезла.....Как так спрашивается???",TOXIC
"НИКОГДА НЕ ЗАКАЗЫВАЙТЕ У ЭТОГО ПРОДАВЦА !!!Не смотря на то что товар пришёл быстро ,качество среднее,но мне пришли с браком (дырка)открыла спор и написала продавцу он начал изверится ,и сказал что отправит новый товар.И что вы думаете??эта тварь закрыла спор",TOXIC
"сука, очень зла.!!!!! размерная сетка не совпадает",TOXIC
Самый отвратительный заказ из всех что был на али. Посылка пришла мокрая!!! Намочили и заскотчевали! Деньги не вернули твари! Бессовестные! Зла не хватает! Это гавно конечно не оденешь! Сыпется ужасно. Форму потеряло! Доплатила чтоб удлинили и рукава сделали 3/4 . При этом условии я и заказала! Но они этого не сделали!!!  Желаю от души вам обанкротится! Деньги не маленькие и все на ветер! Пусть они боком выйдут вам ,TOXIC
"Ну значит так! Продавец самый конченный человек из всех китайцев! Сказать что он ПИДОРАС, значит не сказать ничего! Я его маму ебал! Или ее! Товар ГАВНО! Размер хуйня! Доставка сука 3 месяца! Это вообще пиздец! 3 ебучих месяца шло это гавно! Да засунь эту кофту себе в очко или в пизду ТВАРЬ ты ебливая! Чтобы ты сучара в аду горела! Не покупайте у этого продавца НИЧЕГО! Это наебалово! Пидорасы! Твари ускоглазые! Пошли вы нахуй! ",TOXIC
Размер не подходит к телу какие бы не били у вас параметры. Сшиты на от***ст. Качество отвартное,OK
"Скоты и твари, на смс не отвечают, товара нет, срок истёк, спор открыть не дали, просто свиньи! Не заказывайте, чистый обман",TOXIC
"продавец задержал отправку товара, товар шел 2 месяца. Продавец никак не помогал. в итоге получил.Но качество ужасное, размер не соответствует, нитки торчат.Деньги возвращать не хочет.Мразь. Не покупайте у него ничего",TOXIC
"твари суки, товара нет, денег нет",TOXIC
товар ее пришел это мошенники. ..и деньги не вернули твари. ...,TOXIC
"Водолазка мало того что пришла рваная, так она ещё и дырявая. Ей теперь только полы мыть! Срочно верните деньги твари!!!!!!",TOXIC
"суки твари, мой заказ не пришел, деньги не вернули",TOXIC
товара нет денег нет! продавец вообще ужасный! алиэкспрес тоже твари! деньги не вернули!,TOXIC
"Прислал сука брак !!! Я открыа спор продавец просил закрой спор а я тебе скидку на след покупку сделаю ! Итог : обещает но делает я пишу ему он говорит да ) , а сам нихера ) в это время так как спор закрыт ) ни денег не скидки и бракованная футболка )) пишу ему он говорит ::ну все уже проехали ) мудила короче а майка если бы без брака то норм !не рекомендую не продавца ни чего что с ним связано )",TOXIC
"Девочки, куртка говно и продавец говно. Не ведитесь на эти отзывы. Куртка очень тонкая, очень неудобный замок, воротник ещё хуже. В магазине я б такую в жизни не купила. Ткань как подклад. Рукава на скелета какого-то. На футболку если только носить, без шарфа и  тёплой осенью. Не зима уж точно. Продавец пиздабол конченый. Кинул сука меня. Уговорил купить размер М - но куртка на очень худенькую девочку с толстой жопой. Я отправила куртку назад на склад в Москве. Месяц этот урод мурыжил меня. Не высылал ни денег ни другой куртки. Кое как он вернул мне деньги - меньше на 500 руб. Я тут заебала всех на Али - писала во все помощи чтобы он вообще мне что-то вернул. Не берите эту херню!!!!!",TOXIC
"Продавец мудак!!!! Во-первых отправил не тот товар, отказался возмещать деньги!!!  Спор в итоге я проиграла!!! Продавец тварь!!! Желаю ему сдохнуть за эту тысячу на которую он меня наебал!!! Вообще таких не порядочных продавцов мне вообще никогда не порождались на алиэкспресс!!!! Мудачило китайское!!! Сучело наебщик! ",TOXIC
"Заказала в августе, когда почти подошел срок - продлили еще на месяц, а потом еще на 2 месяца. Заказа так и не дождалась, деньги улетели. Твари.",TOXIC
"пальто отслеживалось, пришло быстро. но оно не совсем как на фото, на фото проймы рукава не отстрочены, и плечи выкроены неправильно, из-за этого в плечах все кривое и топорщится даже после отваривания. подкладка простегана, ткань дубовая, носить конечно можно, но восторга не испытала.",OK
"тварь не пришёл,деньги вернули через спор.",OK
немного точащих ниток ещё куда ни шло. но как сука в туалет-то ходить?,SPAM
"Отвар отличный) пришли за две недели, качество хорошее, цвет немного насыщенней чем на фото) думаю заказать ещё)",OK
"До Ростовской области доставка месяц... Качество за такую цену очень хорошее. По размеру жилетка подошла. Недостатков нет, сшито очень качественно, неприятного запаха нет.Очень легкая и удобная жилетка. Даже отваривать не пришлось, мех в отличном состоянии. Спасибо продавцу.",OK
"Взяла размер XL подошло как раз на 48-50,но по таблице продавца кофта должна была быть велика.Можно сказать,что немного маломерит. Качество хорошее,теплая,мягкая,яркая.Сшито хорошо.В подарок есть значок и браслет,все хорошего качества.Посылка пришла достаточно быстро, за 23 дня.Большое спасибо,подруга будет  довольна подарком.Обязательно закажу еще.",OK
Брюки тёплые удобные. Смотрятся потрясно!! Можно было на размер меньше заказать. Стрейч.,OK
"Товар дошел до Челябинска за 2 недели. Кофта очень хорошего качества (для своих денег особенно). Принт яркий, не наклейка, материал мягкий, к телу приятный. На 50 размер L села идеально. Заказом довольна, продавцу спасибо! Рекомендую товар и продавца.",OK
Продавец лучший,OK
"все по размеру. мой ог  133, от 120. длинная, ткань приятная, хлопок. шло вроде норм, трек отслеживался. спасибо продавцу",OK
"Спасибо! Все отлично, описание верное. но маломерит на пол размеры. На 46-ой взяла  L-ку - впритык в груди, но длина отличная. Качество достаточное приличное, для сравнения в магазине такой жилет будет стоить в полтора раза дороже! Отдельное спасибо продавцу за вложенный подарок, это спортивный топ!!! Вообщем заказом довольна!",OK
"Куртку долго не направляли из Китая, и пришла через месяц в МО. Куртка тонка, на зиму не подойдет. Заказывала М на 42 размер мало в груди и рукова короткие, в талии подошло т.к. фасон не приталинный. Мех положили другой, не как на картинке.",OK
"заказала 7.09 получила 21.09 доставка быстрая и это супер. Кофта как и на картинке, с нутри мягкая, теплая, приятная к телу. На мой 42_44 м села хорошо. Звезду сняла т.к на воротнике шов с дефектом",OK
"Очень хорошие, ткань-похоже как нейлон, 
 на объем 102 взяла  L,  подошли хорошо",OK
"Очень долгая доставка , заказала 11.11 пришла она на почту 29.12. Качество хорошая ",OK
"Платье очень красивое, на ОГ 104 и ОБ 102 заказала XXL, можно было и XL, но ничего ушью немного. По груди спокойно влезет и 108. Доставка 30 дней, продавец сначала дал чужой трек, а потом товар завис у нас, качество отличное, нитки не торчат, вышивка богатая, смотрится шикарно, можно и на праздник и хоть куда. Рекомендую.",OK
"Юбка хорошего качества. Ткань плотная, приятная к телу. Спасибо продавцу и процветания вашему магазину.",OK
"Все очень отлично. Пришла посылка за 20 дней в Красноярск. Заказала дочери. На рост 159 отлично села L. И длинна изделия, и длинна рукава.",OK
Конечно синтетика. Приятна к телу. Как тонкий флис.Продавец ответственный. Доставка около месяца.Очень довольна. Рекомендую продавца,OK
"Ношу 44-46 российский, размер L блузки подошел идеально.",OK
"Замечательная шапочка,как на фото продавца!!",OK
"товар доехал очень быстро, качество норм, тока вот запах есть не приятный....",OK
"Пришли очень быстро , за 2 недели. На об 82,от 60 xs в талии великоваты, очень сильно тянутся , поэтому выглядят , как лосины. Рост 158 , вес 45, еле влезла в ногах, но в жопе и талии свободно. ",OK
ЗАКАЗ ДОСТАВИЛ КУРЬЕР.ЦВЕТ И КАЧЕСТВО КАК НА ФОТО. КУРТКУ ЗАКАЗЫВАЛА СЕСТРЕ  НА 54 РАЗМЕР..БОЛЬШОЕ СПАСИБО ПРОДАВЦУ. ОЧЕНЬ ДОВОЛЬНА,OK
"Толстовка хорошего качество, по размеру подошла, спасибо)",OK
"качество отличное на мой 52 руский драла xl ,подошли посылка пришла раньше заявленого срока",OK
"штаны огонь, аккуратные",OK
Хорошая футболка на лето. Материал приятный к телу. Ворот немного широковат. На 56р-р 5 XL свободно.,OK
не плохо рекомендую,OK
очеееень красивая. Спасибо большое продавцу. рекомендуем продавца,OK
"Спасибо большое за столь качественный товар. Кофточка изумительная. Запаха нет. Рисунок четкий, яркий. Толстовка приятная к телу и очень нежная!!!Все соответствует описанию. Дошла посылочка быстро за 2 недели. На 44 размер заказала s, идеально! Рекомендую продавца!",OK
вроде неплохо,OK
"Все подошло, пришло быстро. Спасибо!",OK
отличная стяжка! на 48-50 берите м! на вид маленькая! но натягивается хорошо! очень быстрая доставка! спасибо продавцу!,OK
на 44 р брала м..... оказалось утонула. Большая и в груди и рукава.  Надо было брать смело s. Ог 87. Пошито отлично и быстрая доставка.,OK
"Исходя из размерной таблицы и опираясь на отзывы я на свои параметры: рост 162, ОГ 86, плечи 37 заказала размер L. Я хотела, чтобы свитер сидел, как на модели на фото продавца!!! Но он оказался короче на 14 см. К качеству у меня претензий нет. К чести продавца, хочу сказать, что он оказался очень контактным и понимающим. Отвечал быстро на все мои вопросы и предложил мне перевести частичный возврат на электронный кошелёк! К сожалению у меня нет такого кошелёчка, а заводить его из-за пары сотен рублей я не стала. В общем договорились с продавцом о скидке на следующую покупку!!! По этой причине оценку снижать не стала. Доставка заняла три недели. Свитер я конечно ношу, но учитывайте мой опыт при своём заказе!!!",OK
"пижама супер, только идёт почти два месяца",OK
Качество супер! Заказываю второй раз. На 46 брала размер xxl. ,OK
"принт немного не пропечатан сзади на спине, в остальном всё хорошо",OK
"отличная футболка. Спереди простовато, но сидит отлично. На вес 64, рост 156, на ог и от 110-87, как раз",OK
"юбка очень красивая. Качество порадовало) отпарила и выглядит хорошо. Только цвет кажется более светлым, чем на фото. Пришла за 20 дней, тону отслеживался. С продавцом не общалась. Рекомендую, как и все остальные) ",OK
"Качество достойное. Расцветка 
яркая. Доставка  не очень долгая.",OK
"рубашка отличная, пошита аккуратно, доставка 20 дней до Камчатки. заказом очень довольна. Ткань не хлопок, смесивая, но к телу приятная. рост168, вес 65, ОГ 98, заказала xxl, на груди отлично, при движении не расходится. Трек отследивался, Рекомендую товар и продавца.",OK
голая синтетика,OK
"юбка нереальная. Я влюблена. закажу ещё. ткань мягкая, гладкая, прошита хорошо",OK
Заказ пришел быстро. Доставка курьером домой. Качество на слабую четверку. Края прострочены не ровно. Ткань тонкая. Своих денег не стоит.,OK
Заказывала две пары. по размеру. ткань приятная. посадка высокая. описанию соответствует.,OK
"Ночнушка очень красивая, а главное хорошего качества.
На теле сидит хорошо,пошита ровно.
Мечта, а не вещь. буду ещё заказывать у продавца)",OK
"Суууупер! Упакована отлично, имеются зажимчики,скрепляющие рукава. Ткань- х/б 100%,в меру плотная,колом не стоит, после стирки  может сесть. Цвет насыщенный, размер 5хl  на обхват груди 120 см отлично сел,планочки не расходятся,плечи не висят,на спине не топорщится. Кто любит поприталеннее-есть запас для выточек. Однозначно рекомендую",OK
"качество ткани больше похоже на креп, не на шифон. Сшито аккуратно.",OK
"ткань приятная, запаха нет,сшито аккуратно",OK
"Товар пришел, хотя продавец намутил что-то с трек номером. На российский 48-50 брала 3XL потому что накидка должна быть свободной.",OK
"Заказ делала 07.18 пришел 08.18.  Трусики хорошие на свой 48 размер по отзывам заказала xl, Всё подошло, единствнный минус одни из 4 трусов с браком, но это не значительно Всё можно зашить, за это снимаю одну звезду.",OK
хороший комбез. ткань не мнется. очень удобно,OK
буду заказывать еще!  спасибо!,OK
"Заказ мне не пришел. Продавец вернул деньги после того, как я второй раз открыла спор. Я все понимаю, что заказ может потеряться, никто от этого не застрахован. Но слезные сообщения продавца в стиле ""подождите еще"", ""закройте спор"", ""я так много для вас сделал"" меня просто выбешивали.",OK
"замечательная блузка, все как в описании. Нитки не точат, качественно сшита, спасибо! Размер М для моего 44 маловат.",OK
"Водолазка хорошая,но маломерка.На свой 46 русский взяла L,пришлось отдать дочери.Надо было брать,как минимум,XXL.",OK
все хорошо. и отслеживался и пришёл до екб за две недели,OK
"классная, яркая и качество отличное. фото позже кину, т. к. сразу в стирку бросила",OK
"Кардиган замечательный))) И качество, и модель, и пошив приятно удивили.  Доставка быстрая. Рекомендую продавцы.",OK
"Товар так и не пришел, но продавец молодец вернул деньги.",OK
"Хорошенькая шубка,плотная,для Краснодарской зимы просто отлично.Доставка 3 недели.Трек отслеживается.",OK
"Куртка не зимняя, а осенняя. Цвет красивый",OK
заказывала 5шт. цвет.размер совпали.качество хорошее. трек отслеживался.,OK
быстрая доставка!водолазка хорошая!спасибо!,OK
"получила посылку,  пуховик оказался большим,  хотя заказывала по размерной сетке, ткань отличная,  но мех полет со страшной силой,  все остаётся на одежде (((",OK
"за 2 недели заказ пришёл в Москву. трек не отслеживался, положили в ящик. на 48-50 2xl хорошо ! )",OK
"очень классная куртка, цвет как на фото, все сшито аккуратно. рукава на рост 174 коротковаты, но не критично. на российский 44-46р хорошо сел L. продавцу определенно 5 звёзд.",OK
"платье, класс, как на фото, на мне еще лучше, не ожидала, брала 48,маломерит,но налезло) закажу на размер больше, фигура класс в нем, живот не сильно выделяется. клааассс",OK
Одна из лучших покупок на Али. ,OK
"к сожалению, расстроили меня, материал неприятным оказался, толстая, колючая синтетика, а так нареканий к продавцу нет",OK
"Сама вещь достойна 5ти звезд. Очень теплая и качественная. На русский размер 48-50 xxl маловат. Вот только продавец огорчил тем, что совершенно игнорировал все сообщения.",OK
"заказ пришел очень быстро,за что спасибо продавцу. Шарф понравился,мягкий,никаких замечаний нет .",OK
"Заказала 24.11 пришел 29.12, товар соответствует описанию, на свой 42 заказала XL - сидит идеально, довольна товаром, швы ровные, запаха нет, товар доставили курьером что очень приятно, рекомендую этого продавца!",OK
"Качество на высоте, такое редко встретишь, рекомендую.",OK
"пижамка супер, за такую цену в магазине не купить. шорты плотные хлопковые, футболка тоненькая. все супер, запаха постороннего нет, нитки не торчат, доставка в сроки. спасибо продавцу, заказом довольна",OK
супер,OK
на обхват бедер 86 размер 27: немного великоват. 26 подошёл бы идеально. доставка быстрая,OK
"миленько)) взяла размер s на рост 152, на мне свободно)) с большой грудью, правда, так себе смотрится) качество соответствует цене) носить буду аккуратно, тк боюсь, что надпись при частой стирке сотрется( а так - все супер) за две недели до Питера дошла) теплая) ",OK
"Доставка до Ставрополя составила 3 недели. Продавец дал трек-номер, поэтому посылка отслеживалась до места вручения. Упаковка в обычный пакет, юбка сильно помялась и с отглаживанием были проблемы, при высоких температурах материал плавится и липнет к утюгу, а при низких до конца не выравнивается. Сеточка очень жесткая, возможно сделана из лески, зато благодаря этому края юбки ложатся красивыми волнами. На мои параметры- ОБ 90 см и ОТ 65 см, села идеально, в талии не давит и длина приличная на рост 165 см. И ещё, материал просвечивает немного, если решите покупать, то придется носить с телесного цвета трусиками и короткими майками. Лично мне очень понравилась юбка и вложенный продавцом подарок-серьги.",OK
"Получила вторую юбочку! правда, чуть дольше по времени шла,чем первая.... но всё равно- качественная, клёвая...мммм...продавец замечательный!!!! всегда пишет, отвечает, размер посоветует! спасибо! очень приятно,я счастлива! буду ещё заказывать!⭐⭐⭐⭐⭐",OK
доставка месяц до Архангельска. бабочка плотная. всё отлично,OK
Товар прибыл достаточно быстро.Упакован в пакет и пластиковую упаковку.Дефектов нет надеюсь в носке будет сидеть хорошо.Спасибо продавцу ставлю 5+++++,OK
"заказала платье 11,11 получила курьерской доставкой прямо на работу 23,11  это моя самая быстрая посылка, я довольна как слон! платье представляла из другого материала) заказывала размер М на о.г 100 и талию 72. показалось немного велико. неприятно запаха нет, нитки не торчат. Продавца рекоммендую)))⭐⭐⭐⭐⭐",OK
"Я в восторге! Качество хорошее, в магазине такую трудно найти. На фото прям с почты, не мнётся особо.",OK
"Удобная, теплая, по фигуре. Прошу прощения, фото не очень удачное. Закажу ещё.",OK
"Подъюбник очень пышный, даже не нужно крахмалить, достаточно только отгладить.",OK
хороший костюм к телу приятен. только просвечивает не много. и пару ниток торчали .,OK
отличная куртка,OK
"Хорошее качество, строчка ровная, в размер. Брала м сели отлично",OK
"Супер мне очень понравился товар, нитки не торчат.",OK
"материал хороший, мягкий, по размеру подошел, а вот рукав сильно короткий. на мои руки 62-64 см у кофты рукав см 53-57. носить буду только подняв до локтя.",OK
"Хороший комплект,на Ог 96 взяла 80С-впритык,но все равно собираюсь худеть. Качество на высоте.трусики не мерила,но на глаз подойдут на об 98.доставка  две недели до Ростова на Дону",OK
"Ткань немного тонкая, только под гладкое белье телесного цвета. Но за такие деньги пойдет)",OK
Рубашка супер доставка в Москву 13 дн,OK
"очень хорошее пальто.
только цвет практически черный;)
спасибо",OK
"Заказом в принципе довольна, товар соответствует описанию. Доставили курьером на дом за две недели. По качеству пуховик отличный, тяжёлый только. Заказала размер L - велико, но по длине рукава подходит. Сам по себе фасон пуховика широкий очень. А так спасибо продавцу!",OK
отличные лосины,OK
"Классное качество, с продавцом не общалась, мнеподошли",OK
В обтяжку L .Качество очень хорошее!Дело вкуса!,OK
"Платье отличное,приятное к телу!Размер подошёл!",OK
"Слишком долгая доставка, нормальное качество, торчат нитки (не беда), функцию лифчика не выполняет...",OK
товар пришел относительно быстро. разочаровала ткань. ожидала гладкую.  село в облику. если бы была больше грудь то было бы туго. ткань не просвечивант-этт плюс. на лето пойдет.,OK
"отличные трусики, очень качественные. доставка до Московской области меньше 3 недель (даже с учетом распродажи 11.11).  трек отслеживался. на 40-42 взяла размер L. Трусики сели плотно, я бы взяла чуть больше, если бы знала.",OK
"Цвет оказался намного темнее,чем представлено на картинке,на объём груди 96 брала xl ,сел хорошо,ц меня широковаты плечи,поэтому наверное рукава оказались коротки,носить только как 3/4",OK
"ÐÐ»Ð°ÑÑÐ½ÑÐµ ÑÐµÐ·Ð¸Ð½ÐºÐ¸, Ð²ÑÐµ Ð°ÐºÐºÑÑÐ°ÑÐ½Ð¾ Ð´Ð¾ÑÑÐ°Ð²Ð¸Ð»Ð¸ , Ð¿Ð¾Ð½ÑÐ°Ð²Ð¸Ð»Ð¸ÑÑ Ð¸ ÑÐµÐ½Ð° Ð¸ ÐºÐ°ÑÐµÑÑÐ²Ð¾!!!",OK
"хорошее боди, на S все подошло, для маленькой груди будет слишком открыто. 3 хорошо смотрится",OK
"Юбка приятная,мне понравилась, плотная. немного торчат ниточки. хочу ещё...",OK
"Великолепный набор! Качество очень хорошее. На ощупь приятная, лишних ниток нет. Смотрится потрясающе! Спасибо большое! ",OK
норм,OK
"На рос.46-48 размер XL хорошо сел. Пошито аккуратно, все ровненько, перекосов нет.  Фасон интересный. Хороший магазин, все отслеживалось, доставка около месяца до Ростова-на-Дону. Покупайте смело.",OK
"Блузка красивая, приятная к телу, но мне оказалась маленькая, покупала размер xl, размер русский ношу 48-50, а блузка на 44-46.",OK
Быстрая доставка. И вообще комплектик хороший. Советую,OK
"Первое свитер очень приятный к телу,материал супер)пришло быстро ,меньше месяца,соответствует картинке.Взяла размер М на свой S ,по плечам подходит идеально,я низкого роста ,рукава не длинные(что большой плюс)для меня слишком широковато по бокам ,но смотрится классно)покупкой довольна)",OK
"Заказ сделан 11.11, отправлен на следующий день, доставлен курьером 28.11. Качество на высоте, ткань и кружево очень мягкие и приятные к телу. xs отлично подошел на российский 40",OK
"заказ пришел быстро,доставка курьером
. качество за эти деньги прекрасное. ткань плотная,нитки не торчат. размер соответствует, только крой такой, что плечи впритык,но дочери нравится.",OK
брюки жене очень понравились.доставка быстрая по размеру s подошла . материал плотный.всем советует .,OK
Очень довольна сарафаном.  Точно как на фото. Соответствует размерной сетке. Доставка очень быстрая. Рекомендую!!! Супер!!!,OK
"куртка класс! как на фото . только очень большая , заказывайте на размер ,а то и 2 меньше",OK
Цвет темнее чем на фото. Тянется очень сильно. Мягкое. Швы ровные. Нитки не торчат,OK
"отличный кардиган, мягкий и красивый",OK
"свитер хорошего качества , но размер максимум 42-44 при росте 160-165 , мне рост 170 короткий рукав , на ОГ 90 см хорошо",OK
"Очень хорошо,мне понравилось!!!На размер150 очень хорошо подшла М.Но есть недочоты копюшон маленький,и на нем есть пятнышко.Но его легко постерать.А так все хорошо",OK
Спасибо большое продавцу за быструю отправку. Очень крутой сарафан.,OK
"Брючки супер!!! Спасибо большое продавцу, подсказал с размером! Все подошло идеально. ОТ 93 ОБ 101 3 хl сели как влитые. Очень довольна покупкой! ",OK
"товара так и не дождалась (( где то по пути его прихватизировали(, но спасибо продавцу- вернул деньги, за это 555555555, спасибо",OK
в кои веки с размером повезло.грудь 86.рост 167 где то.вес 49кг.сидит прям то что надо.ни больше ни меньше,OK
"Платье хорошо тянется на 44М надо брать S
На рост 158см длина до икр. Сшито хорошо все ровно , запахов нет.",OK
"Кофта очень нравиться!
качество отличное!",OK
"шорты хорошие, доставка супер быстрая, порадовала..на 44р отлично",OK
"Неплохие колготки из приятного материала,цвет соответствует заявленному,пришло за месяц.
Рекомендую",OK
Стразы отпадают. Качество нормальное. Спасибо. ,OK
"футбалка хорошая, брала ходить дома, на 50 размер хорошо. спасибо продавцу и транспортной компании.",OK
"Качество хорошее. По размеру. Заказывала XXL на размер российский 54-56
Длинна изделия короче чем на картинке. Это разочаровало.",OK
"Хорошие джинсы, но учтите, что черный - не совсем черный, а скорее темно-темно серый, как это часто бывает у таких джинс. Сели по размеру: 29 на бедра 90, талию 70. Шло 2 месяца",OK
"доставка месяц. качество хорошее. полностью соответствует описанию
 заказом очень довольна. на 90*70*90 подошла хорошо.продавца рекомендую.буду заказывать ещё в другом цвете.",OK
хороший свитер. Но рукова коротковаты,OK
Качество супер!,OK
"Всё отлично, но для меня, как для любителя длинных вещей, немного коротковата толстовка. Но это не критично. В остальном сплошное удовольствие.",OK
"красивые, мягкие и теплые. пришли быстро, рекомендую продавца",OK
"блузка пришла.в размер,рекомендую",OK
Крутые носки! Спасибо продавец! пришла посылка быстро . Рекомендую!,OK
Брюки понравились а талия немножко завышена на 46 44 взяла размеры но можно было и поменьше ну и в обтяжку тоже принципе не надо продавцу спасибо дошли быстро трэк от слёживался,OK
хорошие легинсы. внешне очень теплые. все как на фото продавца. шло до тюмени около 3ех недель. рекомендую.,OK
"Симпатичная кофточка.Брала М на российский 46. Села хорошо. Хотите пошире берите Л. Трикотаж хлопок,  гладиться хорошо. На каждый день отличный вариант. Советую однозначно.",OK
"Отличные штанишки:  теплые, приятные к телу, выглядят симпатично. Размер L на об 99, от 71 сел отлично - ничего нигде не сборит, не врезается и не тянет. Покупкой довольна.",OK
"Заказ пришёл быстро в Моск обл. Кофточка очень приятная к телу и мягкая. На пять с плюсом качество. Фото и описание соответствует. Маломерка. На свой 44 брала XL и села прекрасно, взяла бы L и была бы в обтяжку. ",OK
"Заказ дошёл до МО за 2 недели, продавец отправил товар на следующий день, трек отслеживался до самой почты. В составе больше синтетики чем хлопка и чуток коротковата оказалась, ещё приятно порадовал сувенир от продавца. В целом покупкой довольна.",OK
"Подходит на 48 размер, рукава не короткие, строчки ровные, ткань хорошая плотная, не прозрачная. Пришел очень быстро",OK
"кружево пришито очень не аккуратно, очень долгая доставка",OK
"Прикольная, материал синтетика, на размер 48 брала XXL. Подошел",OK
really good,OK
"товар пришел в срок. мне нравится, теплая шапка",OK
"после стирки перестал колоться, а вобщем футболка хорошая",OK
"Качество-супер, выглядит отлично,немного большевато в талии S на 64 см.Заказала 11.11 получила уже 30.11",OK
"заказывали 17.07. пришло 02.08. очень быстро. маловат. клеится хорошо, держится плохо. буду носить.",OK
"Взяла M на 42-44, сели так, как я хотела) Свободные, самую малость узковаты в икрах, но они у меня от природы большие, так что не страшно)",OK
"носки хорошие, продавец товар отправил быстро, материал приятный, хлопок) продавца рекомендую)",OK
"Счастливые обладательницы груди, будьте осторожны))), принт с приколом! Качество картинки хорошее, размер 4 xl  подошёл на русский 52-ой. Общее впечатление -- приятная, немного хулиганская вещичка.",OK
"Без ремня приходится постоянно подтягивать, в целом неплохие. До этого брала на размер меньше, маловаты были.",OK
"Вот что меня порадовало, назаказала на али кучу всего, приходит и приходит ужасного качества, вообщем Китай, чего ожидать то, но тут пришли трусы, и реально удивили!!!!! Качественно шито и после стирки кружево не потрепалось, я приятно удивлена) да ещё и за такие смешные деньги ",OK
"платье пришло с браком ,был брак ...часть денег вернули,за это 5",OK
"Мне очень понравилось,на 46 р только-только подошло,для 42 будет широковато слишком.за такую цену отличное качество ",OK
Все отлично!,OK
"Безумно рада покупке у этого продавца! Пришли в идеальном состоянии, швы ровные,сидят идеально!советую! Себе ,пожалуй, куплю ещё одни",OK
"Куртка отличная, на 48 размер xxxl сел идеально, швы ровные, запаха нет. Трэк не отслеживался. Доставка курьером  на дом. Спасибо продавцу!!!! Товар пришёл  до Питера 16 дней, очень быстро",OK
Хорошая рубашка! Ношу с удовольствием),OK
жилетка - супер!!!,OK
"доставка меньше месяца.
подошло по размеру",OK
"Мягкая плюшевая кофта, швы не все ровные, но в целом впечатление это не портит",OK
"отличное белье, заказываю второй раз",OK
"Пришла быстро, но первый раз разочаровалась от качества материала ( трудности с глажкой) поэтому сняла звезду, так как материал не соответствует описанию. На мои объёмы ог 104 и об 120 свободно ",OK
"Шло дико долго, по-моему дольше всех остальных посылок. Но дошло. Сшито аккуратно.",OK
"Сам товар отличный , но продавец отправил не тот размер. Я заказала  S , а он отправил M , но M мне тоже подошел  .  Шло 37 дней до Башкортостана , но долгая доставка , потому что было очень много заказов + новогодние заторы . Рекомендую !",OK
"Красивая кофта, размер s на 42-44 не больше, недочеты в обработке верхнего края не портят вид, торчащие нитки можно аккуратно обрезать ножницами",OK
"Отличного качества рубашка. Пошив прекрасный, претензий нет. Вышивка кота аккуратная. Доставка 2,5 недели до Нижегородской области. Размер S на рост 166 см сел в рукавах отлично, на ОГ 90 маловат (брался в подарок, на меньший ОГ сядет отлично). Рекомендую.",OK
"Крутая куртка, точнее кофта на молнии! Очень стильная, широкая, oversize! Яркие цвета! Молния легко застёгивается, есть два больших кармана, внутри подкладка. Капюшон не очень большой. Доставка не более трёх недель!
Спасибо!
Мой инстаграм @zachbzachb",OK
Очень довольна заказом. Посылка пришла за 2 недели. Качеством довольна. Подойдет в холодную погоду. Тепленькая толстовка. Спасибо большое продавцу. Буду у него еще заказывать.,OK
"талия 85 см, бедра 105 см. размер 5xl. в облипку",OK
"к продавцу претензий нет, ткань приятная, вот только расцветка простовато смотрится, больше похоже на домашнее платье",OK
"На рост 165 см они оказались короткими, а так неплохие штаны",OK
"Можно сказать хороший тор, коротенький, как в описании",OK
"27 дней до Иркутска, отслеживалась на всем пути, качество хорошее",OK
"Заказом очень довольна!!! Заказывала первый раз с этого сайта, поэтому переживала.  Шло примерно около месяца. Размер отлично подошёл, внешний вид соответствует описанию и фото. Товар приятный на ощупь, удобный и ооочень тёплый!!! Леггинсы выглядят, как копроновые колготки, как раз для этого я их и заказывала, чтобы носить зимой с юбками и платьями. Упаковано аккуратно, внутри лежал ещё и милый подарочек (сердечко на красной ленточке, как у других пользователей на фото). Продавец очень заботливый и вежливый!!! Спасибо))",OK
"Отличная майка! Нитки не торчат, пришла быстро ! Закажу еще!",OK
копыта классная хорошо смотрится качество хорошее 5555555 рекомендую к покупке на ог92см брала л,OK
"в целом все хорошо, платье как на картинке, только цвет не розовый а скорее грязно-розовый.",OK
Супер . На объём талии 87 s держит хорошо . Ношу после родов . До Амурской области дошёл за месяц .,OK
"The colors of the scarves are slightly different, but they do not spoil the scarves (and some even win). 
Very Fast delivery to Moscow.
I'm very satisfied.",OK
"спасибо, хорошие штанишки",OK
"Замечательная пижама, на 48 русский заказывали ххL, в самый раз. Буду заказать ещё =)",OK
"до Красноярска дошел за 3 недели и 2 дня, трек отслеживался",OK
"качество хорошее, но на рост 170 хотелось бы подлинее) не очень комфортно",OK
"Отлично! Быстрая доставка - 10 дней до Спб.! Рекорд. Товар классный, дочь очень довольна. Мех искусственный,  но красивый и очень приличный. Стильный пуховик, сильных морозов ещё не дождались, но греет как печка . Размер S идеально подошел на рост 160, ОГ80, ОБ80. Цвет классный, яркий, красивый. Спасибо продавцу. Есть пара минусов, но они поправимы: колечки на молнии ОЧЕНЬ гремят- мы на них намотали резиночки яркие (стало тихо и красиво)  и нет петельки, чтобы вешать пуховик- пришила сама.",OK
"отличный продавец и быстрая доставка, чуть больше недели в город Тверь",OK
"Классная шапочка, мягкая и приятная на ощупь, без посторонних запахов. На объем головы 52-54.",OK
Резинки очень крупные,OK
"Очень хорошенький свитер. Заказывала уже три штуки. Дочке, подруге, её маме. Теперь закажу себе. Очень красивые насыщенные цвета. Спасибо продавцу!",OK
"Теплые легенцы жалко не колготки.С переди и сзади две полоски не удобно.На 48 размер заказала ХL как раз, заказала серые пришли очень темно серые почти черные",OK
"Доставка 10 дней,отслеживалась.По размеру.Нормально,красиво,приятно.Спасибо продавцу.",OK
Свитер - фабричного качества. Меньше месяца в Москву. Продавец был на связи,OK
"Супер-быстрая доставка!Дней 8 от силы в МО. Такой  доставки с Али я не помню.Куртка хорошая, на рост 175 и размер 46 взяла XXL - чуть свободна, можно было взять и XL. По качеству очень похожа на Юникло - легкая, теплая, будет ли лезть пух, пока не знаю. Курткой довольна. Продавцу большое спасибо!",OK
"Качество пошива на 4+ (есть кое где ниточки, но это не критично и небольшой дискомфорт в области спины - если вытянуть руки вперёд или поднять вверх), а вот качество ткани на 3- (остаются и не отстирываются пятна от дезика, да и на вороте после первой носки осталась полоса, а также очень сильно элетризуется).  В целом общий вид устраивает, но пятна очень раздражают.",OK
Красивое платье пришло очень быстро доставка до дома.,OK
"Кардиган очень нравится , не много торчат нитки , но не критично . Я довольна . Спасибо !",OK
"Платье классное!! Качественное, очень красивый материал. Сидит красиво, я довольна",OK
"Товар пришёл быстро, хорошее качество",OK
"Размер: L на размер бюст - 92, плечо - 36, и талии - 75 сидит хорошо. Качество: Хорошее. Запах: Отсутствует. Доставка: 23.06.17 - 9.07.17 (Ярославль). Продавец: помог определиться с размером, за что ему очень благодарны!  Ткань приятная на ощупь. В целом заказом довольны.",OK
"Платье очень понравилось. Мягкое, теплое, на холода - в самый раз! Очень рекомендую. Единственный минус - платье пришло на размер больше, чем заказывала, поэтому оказалось уж очень велико. Но продавец уладил эту проблему. Так что советую! И платье интересное, и продавец нормальный! Спасибо!",OK
"Костюм отличный. Сел идеально. Рекомендую!!!!
Заказ пришел быстро.",OK
"Пуховик заказывал сестре. Заказ отправили в тот же день!!! Время в пути до места назначения ( Нижегородская область ) составило 11 дней!!! Весь путь хорошо отслеживался. Качеством пуховика сестра осталась довольна. Запаха от изделия нет, швы ровные, молнии работают, цвет совпадает с фото из магазина. На русский размер 42, взяли L - сидит прекрасно!!! Даже манжеты можно засунуть во внутрь рукава ( как на фото из магазина )!!! Советую курточку на размер больше заказывать!!!  На сильные русские морозы не потянет, - тонковата!!! Продавца рекомендую. Всё оперативно и быстро!!!",OK
"Товар хороший, кофта тёплая, пришёл быстро около 2,5 недель. В город Великий Новгород ",OK
"Отличный, резинка широкая, съёмные чашки, в них мне кажется будет жарко, никогда не встречала спортивные лифчики с чашками)) ",OK
"Очень хорошие леггинсы,заказала ещё",OK
"Товар пришёл в московскую область за 10 дней. Свитер мягкий, не колючий, есть слабый запах, думаю выветрится после первой же носки. Шнуровка была не правильно зашнурована, но это поправимо. Цвет на фото более розовый, на самом деле он бежевый. Носить свитер только с завышенной талией, он коротковат, но это фасон такой. Я ношу  S и M на меня сел отлично. Покупкой довольна ",OK
Жилетка класс!,OK
"отличное платье!  у меня уже два  со временем (полгода) появляются катышки, за такую цену готова смириться)))  доставка курьером",OK
Спасибо большое! Рюкзак отличный! Дошёл быстро) за 10 дней!,OK
"Товар доставили достаточно быстро. Качество отличное, рекомендую!",OK
"заказывала еще черный , этот синий более плотнее и не так тянется как черный, на 48-50, заказывала хл, отлично подошел, продавца рекомендую",OK
тёплые. доставка быстрая.рекомендую.,OK
"Заказ пришел быстро, за 2 недели. Отличное качество  бриджиков, мягкие, приятные к телу, тянутся, не просвечивают, швы хорошо прошиты. Посмотрим как будут носиться. Очень довольна! Спасибо продавцу, рекомендую! ",OK
все хорошо,OK
"Сняла звездочку за то,что товар был плохо упакован,сильно помялся и запачкался. Но продавец предложил компенсацию и вопрос был улажен. Я часто покупаю у этого продавца и всегда. была довольна .Не разочарована и продолжаю здесь покупать. Очень необычные и стильные вещи. Мне нравится этот магазин. Рекомендую.",OK
"Хороший свитер, хорошо тянется, на 44 - 46 хорошо",OK
"Товар соответствует описанию, качество хорошее, пришли быстро",OK
г,OK
"Хороший шарф, мягенький. Посылка отслеживалась, шла чуть меньше месяца.",OK
"Действительно качественный хороший товар. Спасибо большое, очень довольна! Рекомендую!",OK
Хороший свитер ,OK
"Очень понравилась,приятная к телу.На мой рост 162 длина как на фото.На свой 46 размер брала L,идеально села.",OK
За такие деньги просто отличный бюстгальтер !,OK
"пришла как раз к нг, во время. ну сама по себе крутая, тем более за 400 рэ. думала будет чуть длиннее, поярче, и качество по приятнее. но в целом мне нравится. советую.",OK
"Заказала товар 11.11
Получила 20.12
Немного коротковат, но качественный! Рекомендую!",OK
очень приятная на ощупь. мягкая. сидит идеально. надеюсь не сваляется.,OK
Толстовка пришла за полтора месяца. Ткань не очень.,OK
"Кружево очень тоненькое, но приятное. Всё как на фото, правда я ожидала более плотного кружева. Шортики на объём 90 максимум, а вот верх большой и в объёме и чашечки.. Коплект подходит для стройных девушек с большой широко поставленной грудью! Из косяков только пара ниток пристрочены к шву, буду пытаться убрать..",OK
Отличное платье ,OK
"Прибыл в москву за 11 дней, качество хорошее, синтетика, но ооочень приятный к телу! Определенно советую:) от трусиков я в восторге)) брала белый и черный комплект, были ниточки, но в общем комплект прекрасен!:) фото после стирки",OK
Доставка 2 недели Цвет соответствует Материал приятный Ещё заказала черный,OK
"заказала 01.09. получила 13.09.2017. Ткань синтетика, но приятная к телу. присутствует небольшой запах. швы ровные.",OK
"Я в восторге! Очень плотные, качественные чулки! Самое то! Заказ полностью соответствует картинке ) однозначно буду заказывать ещё) и другим советую!!",OK
XXl соответствует  54 российскому. Ткань очень приятная.,OK
"Тоненький, базовый черный свитер. Мне понравился. Были немного ниточки, но отрезала и все хорошо. За свои деньги - отлично. Закажу в других цветах.",OK
"на фото явно не школьница, заказывал ребёнок. по фигуре сидит не так хорошо, но размер подошёл",OK
Мне понравились! Покупала для дома! Хорошо тянутся! Но на размер 48 очень туго натягивались! А так все отлично! ,OK
Отличная пижама,OK
"Очень крутая футболка, из-за того, что она довольно свободная, ее можно надевать поверх тонких кофт. ",OK
"Очень понравилось. Не могу сказать что шло быстро. Недель за 5 пришло.. Удобное, для на выше колена, но её я и ждала. Свободное. Не смотря на то, что синтетика очень приятное.",OK
"Платье тёплое , очень красивое все понравилось.. Заказала беременной ,тянется хорошо ни чем не пахнет. Спасибо продавцу!",OK
понравилось,OK
"все отлично, довольна",OK
"Качество хорошее, но маломерит жутко. Заказывала маме на 46 размер XL. Оказался мал, руки обтянуты, рукава короткие. Сама ношу 42-44 , на мне сел идеально. Но я не люблю кардиганы.",OK
Ткань синтетика. Но в целом не плохо.,OK
супер,OK
Очень быстрая доставка и очень хорошее качество,OK
хорошая юбка,OK
Восхитительно!!!,OK
супер. очень быстрая доставка,OK
"ткань мягкая синтетика, пошив чистый  аккуратный, на подкладке, цвет скорее винный, фото соответствует. спасибо! стильная штучка!",OK
"Платье пришло в Москву за 2 недели! Порадовало, что доставлено, очень вежливым курьером, до дома! Качество неплохое, правда 100% синтетика, швы ровные, без запаха! на мой размер 48 заказала xl, велико! единственное смутило, что на на ярлыке производителя указан не Шеин, а другой производитель. А так платье очень даже неплохое! Спасибо!",OK
"трек отслеживался. летела почти месяц. цвет соответствует, но просвечивает. понравилась. размер в плечах норма, но рукава чуть коротковаты, буду закатывать , размер уточняйте. спасибо",OK
"здравствуйте! заказ пришел достаточно быстро. кофточка мне понравилась, без запаха и торчащих ниток. спина и рукава потоньше, чем перед. смотрится красиво. единственное, рукава коротковаты, на рост 160 и вес 48 - заказала м. можно было на размер больше.",OK
"Все прекрасно. Очень довольна покупкой.  Один минус-было очень много ниточек, но это поправимо.",OK
"довольна заказом, запаха нет, качество отличное, футболка пришла быстро",OK
"пуховик просто супер, правда продавец прислал не тот размер, быстро вернул деньги",OK
"Леггинсы в точности как на картинке продавца. Ношу 42 размер, взяла S, подошло идеально. Ткань хорошо тянется, мягкая и приятная на ощупь. Вначале был запах, но со временем выветрился. В общем заказом довольна, заказываю у этого продавца второй раз. В прошлый раз брала серые, тоже очень понравились. Рекомендую.",OK
"Шикарная! Размерная сетка совпадает, мягкая, швы ровные, нитки не торчат, котик вообще выше всяких похвал! Не покупка, а сплошной восторг!",OK
"СПАСИБО! Очень отличное платье .Все как на фото, цвет совпадает. Качество просто супер . Доставка быстрая.Всем рекомендую этого продавца. 5++☺",OK
Очень понравилось!Качество и ткань хорошие,OK
"Заказывали в подарок, не открывали не измеряли",OK
размер хххл хорошо подошёл на русский 52-54 очень мягкая и приятная ткань,OK
"Заказ так и не получила, деньги вернули без проблем ",OK
"офигенный кардиган(цветом отличается, немного светлее)",OK
Качество не очень((,OK
спасибо хорошие,OK
"Как в описании, размер L на 46размер хорошо. не короткие, есть запах но думаю пройдет.",OK
"Крутая пижамка! Размер м как наш xs, на миниатюрных девушек. Очень мягкая и приятная, цвет глубокий. Дошло за две недели",OK
"Цвет один в один, как на фото продавца, к телу приятная, длина на рост 166 см хорошая, а рукава впритык. Сам размер на 42-44 русский",OK
"Красивый жилет, на рост 173 вес 75 идеально. Сшито хорошо.",OK
"Кофта хорошего качества. На мои размер 96-70-94 и рост 150, села очень хорошо. Доставка мега быстрая!!!!",OK
соответствует описанию!!,OK
"Мягкий, тёплый и удобный, заказываю второй раз, всем довольна)",OK
"Юбочка - супер. С подъюбником будет, вообще, выше всяких похвал.",OK
"Трек отслеживался - было понятно когда конкретно и где находится посылочка! Конечно же получили точно в срок, и что особо понравилось - очень быстро! Всего 2 недели и посылка в руках! Получила на почте заветный, хорошо упакованный пакет. По фото видно как упакована и как хорошо дошла посылка. Замечательная, удобная, рубашка, теплая, приятная к телу! Верхний материал крепкий и так же  и приятный - натуральный. Швы аккуратные, строчки ровные. Качество понравилось! Дочка в восторге! Сейчас, когда отопления ещё не дали - можно не переживать за здоровье ребенка на учебе! Рубашка так понравилась, что буду заказывать и себе) Осталось выбрать цвет) Очень рекомендую",OK
Кофта пришла в отличном состоянии без брака и запаха! На размер 44 взяла S и не пожалела! Ткань приятная к телу. Не висит и не маломерит! Рукава не короткие. Продавцу большое спасибо и успехов в продажах!,OK
"Хорошее платье, село по фигуре и качество норм. Рекомендую ",OK
everything is great,OK
"Свитер хороший. Ношу S и заказала S по размеру. ( рост - 154, вес - 47 кг.) Цвет очень красивый, как на фото, заказывала зелёный.  Пряжа очень мягенькая. Мне все понравилось. Заказ шёл 16 дней. Спасибо прадовцу.",OK
Отпадные шорты!!! Отлично,OK
Всё как описано. качество нормальное. размер в размер. дошел очень быстро. продавец общительный. всё супер,OK
Спасибо огромное. польто великолепно,OK
"Шииикарная кофта. Безумно приятная к телу. Пришла недели за 3 (ну может с хвостиком) в Нижний Новгород. 
На 42 село отлично. Ниток не было
очень довольна:)
В точности как на фото.",OK
"Зказ прибыл, все отлично, спасибо за подарочек!",OK
"отличная рубашка очень качественная (без торчащих ниток и каких-либо повреждений )
Ужасного запаха нет, пахнет обычной новой вещью) 
Доставка до Иркутской обл.,
две недели)",OK
Спасибо все подошло,OK
"Толстовка очень понравилась,мягкая и красивая по цвету.супер",OK
"Не особо тёплые,синтетика...думаю закатаются быстро... но в целом не плохие...",OK
Заказывала 28.07-пришко 27.08 в Красноярск! Блузочка славненькая) на 42 S села нормально,OK
супер.плотный .теплый,OK
"вай вай!!не ожидала!!очень мягкая,приятная!!на не знаю как на счет теплая,но очень симпатичная это точно))на свои параметры 100 74 110 взяла xxxl, можно было поменьше,зато само то будет с иеплым свитером!!!всем совету!",OK
"Мега быстрая доставка: 10.01 заказала и уже 22.01 получила на почте. Кофточка понравилась, на свой 44 мне брала кофты здесь в размере l- сидят отлично. Эту взяла xl, начитавшись отзывов, сидит свободно, можно было брать и l. Заказом очень довольна:-)",OK
"Шорты хорошие, по качеству и по цене, лучше носить на талии, размер нормальный, я взяла на свой 40, м( перестраховалась) можно было и с. ",OK
прекрасный топ. темно-темно-зеленый цвет. на ОГ 93 подошел размер L. доставка за 14 дней,OK
Заказала 28.08 пришли 19.09. До Москвы . Ношу 44р. Объем бедер 94см. Нормально сели. (но я бы на размер поменьше взяла)  яркие. К телу приятные.,OK
"Все круто! Пришло быстро, ткань приятная, качество отличное, всем советую!!! На 46-48 магазинный размер брала Xl, не прогадала))",OK
Очень нравится! Приятная к телу! Цвет нравится,OK
"Заказ пришёл очень быстро. Заколки очень красивые и нежные, сделаны в целом хорошо, бусины правда немного потертые, но это особо не привлекает внимание, за такие деньги все отлично. Каждая заколка упакована отдельно. В целом довольна заказом, спасибо продавцу!!",OK
супер ха таки деньги,OK
"Материал внутри приятный, рукав был не прострочен, сидит на мне плохо и пошита тоже плохо",OK
"Кофта дошла очень быстро (до Твери за 2,5 недели) все швы ровные. Горловина широкая. Шифоновые рукава не сильно просвечивают . 4xl великоват на 50 размер . Цвет соответствует как на картинке ",OK
"Штаны подошли, но на мои ляхи сели в обтяжку) впринципе даже на 5м месяце мне особо не давит резинка",OK
"брюки отличные, стильные, таблица
 соответствует, рекомендую. До Барнаула шли 2,5 недели, принёс Курье))",OK
"Леггинсы Мягкие , теплые, купила маме. на рост 165, вес 120 кг купила 4хл - подошли. растягиваются хорошо, может и 3 хл подошли.  Продавец вежливый, отвечал на вопросы. Спасибо.",OK
Прелестные носочки :з ,OK
"Трусы хорошие, отлично тянуться, доставка быстрая!",OK
Размеру соответствует. Материал приятный. Заказ доставили очень быстро. 4 ноября сделала заказ - он был в Москве уже 14 ноября.,OK
"Посылка пришла быстро. Выбрала размер xl на российский м. Туника села как обычная футболка). Надо брать + 2/3 размера если хотите как на фото. Мне понравилось и так, возврата не делала. ",OK
"Футболки хорошие. хлопковые, дошли быстро",OK
Хорошо,OK
"Удобные и тёплые брюки. На об 100 взяла L. Рост 164, длина до щиколотки. Глубокие карманы.Продавец рекомендовал XL. Были бы велики.",OK
"Мягкий) Правда, я думала он будет квадратной формы, а не треугольной)",OK
"Джемпер мне понравился, по размеру не знаю, покупала дочке, ее дома нет, позже дополню отзыв, доставка меньше месяца.",OK
"товар пришел быстро.спасибо.очень рекомендую! очень теплые колготы, ношу не снимая!",OK
"комбез супер, доставка быстрая! 15-20 дней, единственное размер - М как L, чуть свободно тоже не плохо! спасибо продавцу!",OK
"ОЧЕНЬ быстрая доставка! :) Заказывала 11 ноября, продавец отправил в тот же день! 29 ноября посылка пришла в Бурятию. Продавец общительный, в подарок положил резинку для волос :-) На свой 46 размер заказала XL. Мои параметры: рост 166, плечи 46, рукав 61, объем груди 91, объем талии 73. Качество свитшота отличное, швы аккуратные. Ткань синтетика, приятная мягкая телу и по ощущениям тёплая. Заказом довольна!  Спасибо продавцу!!! ;-)",OK
очень понравилось! все подошло на р46 брала хl,OK
"Хорошие, есть манжеты внизу, талия высокая (на размер больше и для беременных хорошо живот вкладывать)
Мне понравились",OK
"Хорошая куртка за такие деньги. Всё аккуратно прошито, приятный цвет. На тёплую зиму, холодную осень. На российский 40-42 M села отлично. Бесплатная доставка на дом.",OK
очень большой даже на 48 русский,OK
" Куртка очень понравилась, даже не ожидала, что так будет смотреться отлично! Доставка вообще удивила быстротой, до С-Петербурга посылка дошла за 8 дней. При заказе нужный размер подобрала благодаря отзывам предыдущих покупателей, хорошо помогли.",OK
супер),OK
"Рубашка отличная, качественная, сшита аккуратно. Приятная плотная ткань, размер соответствует, сидит отлично! Доставка - три недели до Смоленска. Рекомендую!",OK
"Мягкий, удобный и теплый. Я заказал его, мне очень нравится этот стиль. Качество на самом высоком уровне я закажу еще раз.",OK
Товар в целом хороший. Шел не очень долго. Размер подошёл. Только на белых полосах видно шов и на изнаночной стороне торчат нитки.,OK
Очень понравился свитер! На русский 42-44 отлично подошел),OK
"Все получила в срок. товар соответствует описанию. Сидит хорошо, приятное к телу. На мой 154 и 68 кг. сидит замечательно, штаны по щиколотку.  Положили подарочек, детские трусики, спасибо приятно. С продавцом общаться не, что то же радует. В общем и целом покупкой довольна. Продавца рекомендую.",OK
Отличные носочки хорошего качества. Соответствуют описанию и фото продавца. Очень понравились. Незаменимая вещь в холодное время года.,OK
Дочке очень понравилась юбка.,OK
"хороший качественный товар, на размер 46 брала Like, подошло отлично",OK
"Кроп топ хороший, мне понравился, вот только он тонки сильно, для лето подойдёт. Спасибо продавцу)",OK
"спасибо большое ❤️ пижамка шикарная, очень мягкая и удобная с:",OK
"В рукавах немного мало, а в остальном прекрасно",OK
"Заказ шел месяц и 10 дней. Трек отслеживался. Заказывала у того продавца голубую рубашку дочери в школу и теперь заказала белую. Ребонок и я в полном восторге. Швы аккуратные, материал плотный, после стирок ничего с рубашкой не сделалось.  Рубашка супер. Дочка рост 153 см и носит размер xs, худенькая. Заказывала размер s сел идеально ( не в обтяг  и не весит),  в длину ниже попы. Берете не пожалеете. Ткань натульная, синтетики нет.",OK
"Заказ шёл около месяца в Тюменскую обл. С продавцом не общалась.  Легинсы тёплые, хорошо тянутся. Мне нравятся)",OK
Очень приятная и красивая шапочка! Советую! Пришла быстро! ,OK
"юбка очень хорошая, плотная
на 44-46 хорошо",OK
"блузка отличная, брала дочери она очень довольна, размер соответствует, у этого продавца заказываем ни первый раз, всегда качество очень высокое, упаковано хорошо, выглядит на много дороже, продавец отправил на следующий день, доставка 10 дней,фото отправлю позже, с продавцом не общалась",OK
Красивое платье!! Очень!)),OK
"75е на 2 размер,а качество отличное!",OK
"Снимаю звезду за ложную информацию о доставке. У продавца указана почтовая служба ePacket, а в итоге доставляли почтой СДЭК курьер, которого пришлось ждать. Причём посылка у них прилежала неделю. Далее таблица продавца тоже не очень правильна и понятна. И отзывы! Барышни, ну ёлки палки! Зачем я  начиталась вашей ерунды??? Джинсы БОЛЬШИЕ в талии, тянутся отлично, вечно сползают, надоело поправлять. Надо было брать свой размер (26). Мои параметры: от 67 об 88. В бёдрах хорошо, в талии огромные. На рост 163 длина отличная. Впечатление двоякое. Восторга не вызвали.",OK
спасибо за подарок,OK
"Size S, my 40-42, it's perfect, good job!",OK
"Заказ не пришёл, деньги вернули",OK
"На самом деле цвета не очень,да и матерьял тоже.доставка быстрая.",OK
"Рубашка соответствует описанию, размерной сетке, на рус. 44-46 брала L, села отлично. Хлопок, мнется на сгибах рукавов, но это естественно",OK
"Доставка в Якутию - месяц. Достойная, качественная блузка. Вышивка красивая. Единственное, в чем сама виновата, промахнулась с размером. Продавцу в очередной раз спасибо. Рекомендую!",OK
"мягкая тёплая кофта
подклад наподобие флиса
дошла за три недели
на р -р 42 взяла L по плечам сидит хорошо
выглядит как оверсайз
нитки на кармане слабые 
в основном все отлично",OK
Классная пижамка На мои 85кг и 167см размер отлично.,OK
"Качество отличное, если честно не ожидала.  Только на прошлой неделе примеряла похожую куртку в магазине своего города.  Стоила она 3 тысячи. 
Товар рекомендую.  Тегкая, без запаха.  Все хорошо прошито.  Для хранения имеется мешочек.  На 46-48 заказала хл.",OK
"классная, не хлопок, но качественная ткань. на манжетах 2 пуговицы, можно сделать как узкий рукав, так и широкий. есть доп пуговица снизу(или про запас или дырку забыли сделать). приехала быстро, трек отслеживался. классно упакована",OK
"качество супер! на небольшой рост, сидит идеально, доставка в 39 регион всего 11 дней! спасибо продавцу, рекомендую!!!",OK
"Приятная ткань платья, выделяет каждую черточку тела, поэтому дамам с пышными формами не вариант носить. Ткань плотная, не просвечивает, тёплое платье. Ниточки не торчат, платье пришло за 9 дней после отправки. Платье понравилось очень )",OK
"изначально заказала розовую, но потом по прочтению комментариев, что цвет не соответствует, попросила поменять на черный. продавец пошел на встречу ) качество хорошее. )",OK
"Понравилось. Немного большое, на 46-48рр лучше L брать. Длинновато, буду подрезать",OK
"очень мягкая внутри,немного не устраивает резинка снизу ,как будто растянутая,если бы я была выше или что-то другое,то она бы была маленькая. а так очень нравится ,свою цену полностью оправдывает",OK
пришла за 10 дней!!! спасибо))),OK
"На четверочку.Я надеялась,что ткань толще,а пиджак совсем тонкий, летний,легенький.Обработка швов местами не очень аккуратная.Я заказала размер м,но на 90-70-90 надо заказывать л, м всё же маловата,её только расстегнутой носить.",OK
"Доставка очень быстрая . За  15 дней и пожалуйста в Геленджике. С продавцом в контакте.Продавца советую.Немного ошиблись в размере.Оказалась маловато.Это не главное.По честному. Не хочу рассказывать,но бомжевата . и цвет блеклый и фасон так себе.",OK
на рост 178-180 шикарно))) ,OK
хорошие,OK
"достойное платье из плотного трикотажа,  отлично подойдет высоким девушкам",OK
"Как раз по размеру , хорошее качество! Очень довольна покупкой, доставка до двери, 5+!",OK
"Пальто отличное,на российский 44р-р хорошо L",OK
"Заказана майка 9 мая. До сих пор не пришла. Продавец на вопросы отвечает, просит подождать. Но уже прошло 3месяца, и я открыла спор. Деньги вернули. ",OK
класс!!!!,OK
"Очень крутой жилет!!! Вот только немного большеват т.к.заказывала специально побольше на холодную погоду, чтоб одеть под него кофту или куртку тёплую. Продавец молодец отвечал на все вопросы. ",OK
"Заказывала серую и бежевую, они оказались разными. Серая соответствует описанию. Бежевая совсем из другого материала, ужасно просвечивает, меньшего размера и в затяжках. За бежевую продавец вернул деньги оперативно.",OK
Доставка до Моск.Обл. 2 недели ! супер!! но юбка размера S на талию 61см огромная!!!!((  очень расстроилась . продавец положил резиночку в подарок- за это спасибо . ,OK
"88/75/99, можно было взять М",OK
Все пришло быстро.  цена соответсвует качеству. мне понравилось.  для лета и под пиджак самое то.,OK
"Курточкой очень довольна! На осень самое то. На мои параметры ОГ-88, ОТ-67, ОБ,-88 размер L подошёл хорошо. Продавец очень внимательный, спасибо ему за товар и за подарочек)))",OK
"доставка до Москвы две недели. трек отслеживается.продавец уточнял размер,посоветовал взять на размер больше.легкий жилет,мягкая подкладка.берите на 2 а то и 3 размера больше.у меня М,взяла XL,можно было и XLL.спасибо!",OK
"Все круто. Сшито качественно, ничего не торчит и ткань очень приятная ",OK
"всё по размеру, всё ровно пришито, мне очень нравится.",OK
"Свитер неплохой, но по мне так короткий. Ожидала, что будет длиннее. Думаю, для подросткового возраста больше подойдёт))))) В целом качество хорошее, мягкий приятный к телу.",OK
"Шапка очень мягкая и тёплая, без запаха, но большевата и помпон думала больше будет) отдельное спасибо за быструю доставку - 2,5 недели! И спасибо за подарок! Мелочь, а приятно! Буду рекомедовать!",OK
"Мне не очень понравилось, на картинке выглядит лучше, к тому же у меня довольно широкие плечи и оно задирается вверх к шее, придётся подарить кому-то или продать",OK
"Все получили жена очень доволен качеством, как фото спасибо за хороший подарок",OK
Заказ не пришел,OK
"здорово
очень удобно 
не теряет форму",OK
Отличный тёплый костюм. Идёт размер в размер,OK
"Качество отличное! Юбка огонь, материал приятный на ощупь!",OK
"Хорошие трусики,но пришли с небольшим пятнышком.",OK
"товар не пришёл, деньги вернули",OK
Отличное качество и быстрая доставка. Шарф очень большой и теплый. ,OK
"подошли идеально. большое спасибо, закажу ещё.",OK
"Блузка очень красивая! Кружевная, в дырочку, ткань тянется, размеры совпадают... кое-где ниточки торчат, но это не страшно)",OK
"Платье  очень понравилось,  на рост 172, 90 кг заказывала 4х, подошло,  единственное пройма узковата,  плечо с натягом оголяется",OK
" на мой рост 180 см, куртка подошла практически идеально. Я надела под неё тёплый шерстяной свитер. немного коротковата рукава, Но это решается с помощью длинных перчаток.",OK
"Сарафанчик очень понравился. Он на подкладке, кожа плотная. Носить в прохладный вечерок или осенью. Подошёл размер М.",OK
Все супер! Доставка курьером.качество прекрасное.запаха нет.Очень хорошие вещи и продавец!,OK
"Довольно милая вещица. На ОГ 75 подходит, на больше тоже подойдет, т.к. тянется. Белые поролоновые вкладыши просвечивают. Положили прямо в почтовый ящик.",OK
Шорты шли очень долго около 2 месяцев и не отслеживались. Я даже собиралась открывать спор т.к. до закрытия оставалось 5 дней. Но вот!!!  они у меня. Качество очень хорошее. Размерная сетка соответствует.,OK
"Отличная вещь. Спасибо. Классно выглядит,хорошее качество, хорошо сидит",OK
ОК,OK
"Идеально!обхват груди 88,рост 173",OK
"они шикарные, я даже не ожидала такого качества, мягкие мягкие, талия высокая, как я люблю, на 46 размер идеально. В общем,рекомендую!!! Спасибо продавцу!",OK
"Платье очень понравилось, но очень жаль не угадала с размером. Оказалось мало. Хотела новый год в нём справить,а теперь незнаю что делать. И больше размера таким цветом (хаки) уже нет Оно прямо как карсет.",OK
"очень приятная к телу,хорошая маечка",OK
"Приятная вещь, не блестят. Только на рост 164 и вес 55 чуток малы в рост те коротковаты",OK
все супер,OK
"Милые приятные ночнушечки, качество неплохое, быстрая доставка.",OK
"Доставка месяц. Комфортные х/б трусы, размер XL на 44 (ОБ 95) хорошо.",OK
"прикольная, но оказалась мала(((",OK
Замечательные чулки. Красиво на ноге смотрится. Качественная и приятная ткань. Очень довольна.,OK
Отлично! Продавца рекомендую.Доставка 11дней.,OK
"Всё полностью соответствует описанию, доставка до Подмосковья меньше месяца, спасибо! ",OK
"Курьерская доставка, но попросила перепроверить в пункт выдачи, чтоб забрать в удобное время. Куртка маломерит. На рос.48-50 3XL в обтяжку и не очень комфортно, к качеству претензий нет. Куртка по длине - оптимальная, ниже попы. Рукава прям на грани, но не короткие. Капюшон - не очень поняла, не очень объемный, но лежит только под шарф или снуд. В целом, за 1300 - великолепная куртка, не ошибетесь с размером, лучше побольше.",OK
лямки спадают все время надо немного перешить,OK
супер крутая штуковина за такую цену . использую постоянно. можно так волосы завить если на сырые волосы использовать . быстрая доставка всем довольна продавцу спасибо,OK
"Ураа я столько ждала )
Пижама очень тёплая 
брала xl  на русском наверно 52 или 54 точно 
с рост не угадала ну и ладно
заказывайте не пожелеете ✨",OK
"Доставка 2 недели, подошло сидит хорошо.",OK
Огромное спасибо.На лето самое то. Размер подошёл.,OK
"Хороший свитер, хорошего качества, тёплый, соответствует описанию.",OK
"Тонкое платье,больше похоже на водолазку. На 42 русский заказала L-почти в обтяг.",OK
"Это вторая, обе S, но разница видна. И пришлось взять в руки иголку, так как были косяки. Но они очень удобны и комфортные для работы.",OK
по размеру,OK
резинка туговата на поясе и запястьях,OK
"хороший комбинезон,нитки не торчат,швы ровные,на мои параметры ог 94,от-77,об-95 свободно, можно было и L,но тогда длина будет короче,рост 1,70 без каблука просто отлично длина,а с каблуком хочется подлиннее,но в целом довольна,спасибо продавцу общительный",OK
"Мгновенная доставка, очень приятная к телу и теплая. На ОГ 2XXL даже не в обяжку. Всем довольна, спасибо",OK
Хорошая мягкая пижама. Продавец отправил быстро.,OK
"достойная куртка,качество отменное,теплая,лёгкая,доставка быстрая! спасибо! немного великовата!",OK
Мягкая удобная тёплая. Все замечательно. Ничего не торчит запахов нет. Продавцу + в карму,OK
Леггинсы шли почти месяц. заказали черные-понравились. По качеству тонковаты.,OK
хорошо сшита. размер подошел на 10 лет. но  синтетика аж скрипит,OK
"Мягкое качество, все по размеру.  ОГ 104см взяла Xxl идиально. Отправили заказ 08.08.17 получила 04.09.17",OK
"Качество хорошее,пришли в Москву за 17 дней!)",OK
"Блузка очень хорошая, качество отменное, приятная к телу. Подходит размер в размер. На 46 заказывала М. заказ отслеживался, пришло примерно за 2 недели, до Татарстана.",OK
рубашка классная.,OK
"Супер мягкие, дочка очень рада.",OK
"доставка 1 месяц.джинсы отличные,качество тоже порадовало.на свой 46 р.заказала 32,подошли отлично,немного свободные,спасибо.",OK
"Нормальное качество . Такую же кофту брала в магазине за 1500 .Нитки не торчат , цвет приятный .Рекомендую",OK
"Супер. Хорошее качество, быстрая доставка. Осталось отгладить.",OK
"все подошло мега быстрая доставка,продавца рекомендую .",OK
"платье очень понравилось! 95 хлопок,  5 эластан. подошло по размеру, разве что линию талии хотелось бы сантиметров на 7 пониже,но в целом, это не критично, можно поясом визуально опустить. на 175 см длина чуть ниже колена. руки, грудь все хорошо, все на месте.",OK
"пришло за 3 недели до СПб! качество хорошее,тепленький,такой же яркий как на картинке!на ОГ 96 см,сидит хорошо! спасибо большое!)",OK
Доставка до Саратова за 10 дней! Блузка соответствует описанию!,OK
товар пришел из России  быстро  за 6 дней качество отличное своих денег стоит на размер м  брали   xL  можно и  xxL,OK
"размер S большой разница между XL всего в один сантиметр. мне они очень большие, как раз мужу",OK
"спасибо, товар апрм",OK
"Нормальные трусята, на свою цену. Не тугие. В одном месте дырочка по шву, не прошито или не проклеяно, но я не привередливая,- зашью. Шел заказ почти месяц.",OK
"Очень хорошая кофта, не могу сказать что очень теплая)но она правда тепленькая, но не для моего севера где живу))очень понравилось что горло длинное, шея мерзнуть не будет, размер все подошло, отправка и доставка очень быстрая, я довольна)",OK
Супер! на 44-46 сел идеально. доставка до орла 17 дней,OK
Платье стоит цены. Хорошее. То что надо ,OK
"куртка просто супер!!! на русский 48 размер XL сел как надо, очень нравится цвет. быстрая доставка до дверей квартиры. ношу третью неделю тепло, в машине удобно",OK
"неожиданно быстро пришел заказ,  ждала только в январе)  ну что ж, качество очень даже хорошее,  ткань приятная, мягкая,  сшито все аккуратно. Кружево на рукавах красивое и хорошо растягивается. Только вот застежка оказалась обманкой, пуговки не расстегиваются, а просто пришиты сверху. Но за минус это можно не считать, она и через голову хорошо одевается. Размер тоже подошел, на свой 58 заказала 6xl, все хорошо село по фигуре.",OK
"Пуховик очень хороший. Не скажу, что очень дорогая ткань и фурнитура, но для такой цены качество очень приличное. S отлично подошёл на 84-65-89 даже есть запас, но с тёплым свитером отлично. На 156 ровно по колено длина. Мех просто шик, как на фото мне достался. Но есть небольшие залысы в месте сгиба, где пристрочен к ткани, это особо не видно, продавец вернул часть средств. В МО 2 недели доставка курьером.",OK
Супер ! Заказывала второй раз и идеально подошли !,OK
"заказала 14 декабря 2017г., заказ пришел 8.01 курьером прямо домой, достаточно быстро, спасибо!
Качества платье вполне достойное, швы ровные, материл синтетика, но приятная к телу. Смотрится плате хорошо,не дешево, на параметры: рост  166, 87-60-90 размер S сел хорошо. Подойдет как для похода на работу, так и для выхода куда-то в свет. Единственное, что можно отнести к минусам- может показать животик, если он есть, т.к. материал садится по фигуре и блестит, что его подчеркивает.
Однозначно рекомендую, спасибо!",OK
"Очень классная мягкая, стильная, не пожалела о покупке!",OK
Perfect trousers!,OK
looks exactly the picture thank you,OK
"Хорошая качественная блузка,быстрая доставка.Спасибо продавцу,рекомендую.",OK
"Жаркая синтетика,которая так и норовит собраться на спине .",OK
"Футболка и правда хорошего качества, размер подошёл, на свой 40-42 взяла s, села как надо. Дошла за 3 недели.",OK
"Шорты так и не пришли, продавец вернул деньги ",OK
продавца рекомендую,OK
"доставка ровно месяц. трек отслеживался.куртка супер!ткань хорошая,швы ровные.на 46-48 взяла 3xl.села свободно,но не болтается.(2xl был бы узковат в плечах). манжет и капюшон изнутри мягкий трикотаж.цвет чуть темнее чем на фото продавца, но мне этот цвет даже понравился. в общем рекомендую!",OK
отличная рубашка,OK
"Заказ пришел быстро, отслеживался. Все хорошо. Спасибо!",OK
"Рада что дождалась этот заказ,ждала долго,но это того стоило!Штанишки классные,размер подошёл идеально может и коротковаты,но носить буду под сапоги или ботинки так,что длина не принципиальна.Дочь увидела меня в них,говорит кинь ссылку и я закажу такие.Огромное спасибо продавцу за классный товар!Однозначно рекомендую этот товар!",OK
"очень крутые гетры, спасибо продавцу",OK
"Огромная просто футболка ,на мой 40-42  размер М просто гигантская ,да и  качество не очень ,почему то кажется,что после стирки полиняет ",OK
"Доставка 12 дней, на объем талии 69,бедер 92 в самый раз.",OK
"Довольна футболкой,отправили быстро и пришла она приблизительно за 5 дней.Немного торчат нитки,но ничего страшного.Так же,спасибо за маленький подарок)",OK
хл на 48 подошел как на модели . качество отличное. спасибо,OK
"Я очень довольна,товар отличный,продавец",OK
от этого платья я в восторге.  подошло идеально. отправляли долго. больше недели точно. заказывала сразу 6 вещей. отправили тремя посылками.,OK
"Отличный пиджак, пришел быстро, отслеживался,  сшит хорошо, нитки не торчат, запаха нет. Единственное размер не угадала,  на свой М заказала L в притык, но не страшно, носить буду с удовольствием.  Спасибо!",OK
"Качество отличное, на размер 42 российский свободно сидит",OK
"Водолазка хорошая, на рост 172 рукава немного короткие ,но это не критично. На горловине впереди получается складка, но если горло подвернуть, то норм. Но вот очень жаль, что у меня на водолазке какие-то непонятные пятнышки, вроде и не грязь ((( пока не стирала, но боюсь, что они не отстираются, то ли это с нитками что-то не так(",OK
"Заказ был сделан 11 ноября, у меня уже был 2 декабря! Вполне себе быстренько) ооооочень довольна! Очень тёплая штучка! Сначала конечно трудности с застежкой, уж больно этот пух лезет в замочек) но ничего! Такая мягкая и такая приятная вещь! Спасибо! Рекомендую) ",OK
Спасибо огромное! На 36 размер отлично.,OK
"Качество норм, ожидала большего. на мой размер в обтяг, хотя по размерам выбирала размер оверсайз",OK
"мягкий, тёплый, на рост 170-2 и вес ~53 село идеально. запах как у новой вещи, не противный.",OK
Всё отлично!!! Рекомендую!!!,OK
пришло чуть больше чем за 2 недели качество синтетика на моей ноге чуть растянулось ну нормально.,OK
Шорты классные,OK
"Дошло за 16 дней до Белгорода! как раз в сезон!  очень теплая. на свой 42 размер, рост 158 брала размер L, отлично подошло!",OK
"размер М подошёл на вес в 56кг,беременный живот,7 месяцев)
качество хорошее,за эти деньги очень даже",OK
Красивый кардиган! ,OK
"Насыщенный желтый цвет. Мягкий, приятный к телу. XL на русский 46 - чуть свободен (на рубашку, блузку будет отлично). Рекомендую",OK
"Мгновенная доставка!!) 12 дней!! Качество хорошее, все как на фото. В размере L рукав на 168 см. полный.",OK
"Размер подошел идеально, качество соответствует картинке",OK
"The print is super cute. I expected the fabric to be a bit thicker, it is definitely not suitable for winter nights. Polyester fabric, has a little smell that is likely to go away after 1 washing. The top fits perfect, the bottom fits, but waist elastic is too tight, you feel pressure on the waist line. Most likely I'll have to redo the elastic myself, thus 4 stars.",OK
"нормальные штаны.. продавец советовал л , аказала хл ,велики, но носить можно...",OK
"уже 3 раз заказываю эти джинсы, все цвета попробовала! очень ими довольна",OK
"шли ровно две недели,заказом довольна,во мне рост 165, не худая, налезли, только очень короткие, качество супер)))а еще наклеечка в подарок. спасибо ❤",OK
"Заказ пришёл, соответствует описанию. Очень хорошо тянутся. ",OK
качество хорошее доставка долгая,OK
"Второй раз заказываю. Очень довольна. Плотные, качественные носочки.",OK
"Рубашка очень красивая, качество понравилось. Вроде бы все хорошо, но в бёдрах очень стягивает. До рт пришла за 19 дней ",OK
"пришло быстро, качество терпимое",OK
"качество за такую цену невероятное,на 44 размер брала L,сидит свободно и красиво",OK
Заказывала размер S на свой 42 рос.размер. Как на меня шили! Качество отличное! Нитки не торчат. Запаха нет. Рекомендую!,OK
"Красивый кардиган, размер подошел идеально.",OK
"Спасибо продавцу,быстрая доставка.",OK
"Отличные лосины и, дочке 143 размер said как раз.",OK
"хорошее платье,сшито хорошо,юбка пышная,заказ отслеживался,размер подошёл,спасибо продаввцу",OK
"заказ шел месяц, но привезли прямо на работу курьером)) размер подошел отлично на 42-44 я заказала s, на картинке цвет ярче, чем на самом деле, материал синтетика, очень приятна к телу, в полном впечатление приятное)) заказала бы еще",OK
"Шорты огонь! Размер идеально подошел. Цвет яркий! Очень яркий. Сшито аккуратно.
пришли за 17 дней",OK
"Очень классные носочки , быстрая доставка , торчат ниточки на некоторых ",OK
"Нормальные шорты. На 85/110 взяла xxl. Ткань похожа на лен, не тянется. Цвет не такой как на фото. На фото - красивый небесно-голубой. У меня какой-то бело-грязно-голубой)) И ещё недочёт - не обработаны края шнурков. На фото, конечно, это видно, но это как-то фу.
На море сойдёт.
Спасибо",OK
"Синтетика к сожалению,  не греет вообще( на 44 подошел размер М,  но большая в плечах.  Качество пошива на высоте! белоснежный! рисунок яркий! присутствовал запах похожий на уксус",OK
"Отличные леггинсы, хорошо тянутся. Сами плотные, но на мой 56размер слегка просвечивают.Думаю, что на размер поменьше, просвечивать не будут. Т.к. леггинсы ношу с удлинёнными туниками, заказом осталась довольна. Рекомендую.",OK
"Хорошее качество за такую цены, но на рост 160 рукава коротковаты, этот свитер идет на размеры xs, s не больше.",OK
Спасибо большое!!! Она ШИКАРНАЯ!!! Я самая счастливая!!,OK
Отличный свитер.,OK
"Отличный товар! Всё по размеру, XL на рост 175см 64кг сели хорошо!",OK
"Костюмчик аккуратный,соответствует описанию.К сожалению , не угадала с размером.",OK
"Водолазка хорошая, не короткая и на мой 170 рост и 88-70 села очень даже отлично. На ощупь мягкая и приятная, хорошо тянется. Но, была небольшая дырка, которую я заметила не сразу, пришлось зашить. Если бы не это заказала еще.",OK
"блуза пришла с браком ,и не по размеру, но продавец вернул деньги",OK
"мне юбочка понравилась
 одевать можно как подьюбник или сверху.",OK
"Заказала 20.07, 05.08 заказ пришёл на почту ( г. Тюмень) . Трек полностью отслеживался. Упаковано хорошо.   На 48-ой российский- размер подошёл. Бонус - чёрные тонкие носочки . Спасибо продавцу.",OK
"штаны шикарные
особенно за такую цену 
пришли быстро
качество на высоте 
ношу s, заказала м, всё по размеру село 
советую 
носятся осень хорошо",OK
Отличная джинсовка мой размер 42-44 заказал L супер не в обтяжку,OK
"Подходят всем, и детям и взрослым)))",OK
крутые!,OK
Водолазка супер! Качественная и очень мягкая. Села идеально на 85-68-92 рост 164,OK
"Все таки правильно многие пишут, что s маломерит, можно смело брать м! А так, блуза очень хорошая! Трек полностью отслеживался",OK
"Качество хорошее,но на кофте 3 зацепки,которые очень бросаются в глаза.",OK
"Платье шикарное! Село идеально! Я в полном восторге! Курьер привез прям на работу, доставка быстрая, около 2-х недель!!!",OK
Все просто супер!!!!  На 52 размер  заказала 4xl подошло идеально.,OK
"Пришел за 3 недели, цвет как на картинке. Внешний вид аккуратен, внутри караул. на наш 44-46 подошёл размер s, вниз маечку и босоножки, будет ничего., не сильно просвечивает.",OK
"На размер 40-42 (xs-s), параметры 85х65х91 садится идеально. В груди немного тесновато, но не критично, если взять размер М, то боюсь на талии будет гармошка, а я этого не люблю. Сидит очень в обтяжку, с каблуками шикарно смотрится, при этом при ходьбе не ползет на верх. Теперь хочу такое же, только синее или бордовое. Обязательно еще закажу.",OK
"Спасибо, куртка хорошего качества. Рекомендую к покупке, свекрови понравилась.",OK
"Очень быстрая доставка, хорошее качество, но резинка зачем-то стянута, так что при длине до середины бедра на мои не широкие бёдра натягивается только чуть выше колена. ",OK
"посылка пришла очень быстро)) качество на высоте,ткань приятная,мягкая))продавца рекомендую))",OK
"Шапка клёвая, оооочень теплая и удобная, но на мне смотрится не очень, зато маме понравилась, носит с удовольствием))",OK
"пришла блузка быстро, но с размер нужно было брать больше,маломерки.",OK
"Очень тоненькое, но яркое радостное. Шло в Кемеровскую область 2 месяца.",OK
"Платье сидит идеально, общением продавцом довольны, рекомендую)",OK
"Брала на рост 160 и вес 50 кг. размер 42. села хорошо. единственное что не понравилось так это на швах ниточки, они есть на фото. но, думаю просто срезать их и все, понятно что сама ткань такая, о они просто вылезли. а так супер.",OK
"Я довольна заказом на 100%
закажу еще парочку точно",OK
Как всегда на высоте !,OK
отличный товар!!!!!!!,OK
"Спасибо большое продавцу, качество супер. доставка быстрая. и спасибо за подарок (очки).",OK
"пришел за 3 недели до РТ Г.Наб.Челны. На объем 85 в взяла в. Я не особо в восторге от лифа, надо его раз 5 одеть чтобы правильно сел",OK
"платье понравилось,хоть и синтетика,по размеру",OK
"Качество и материал в порядке. На рост 159 см. длинновато, придется убрать 8 см., длина на рост около 170 см. Тянутся очень хорошо, теплые, интересная фактура материала. На рос. 42 (68-90) надо было брать S, чтобы сели поплотнее, размер М немного свободно сидит.",OK
"сказать что я очень давольна, это ничего не сказать!  офигенная футболка ... L- на 95-80-99см рост 168. Свободно , так как нужно! Закажу белую! брала за 290р",OK
"Товаром довольна, размеры совпадают. На фото только из пакета, цвет в реальности чуть поярче, как на фото продавца",OK
"Мягкая, тёпленькая. В общем класс. Спасибо продавцу за быструю отправку!",OK
"В целом хорошо, кое-где ниточки и присутствует запах. Доставка около 2 нед.",OK
"Продавец быстро отправил, дошло за мемяц в Russia. Товар соответствует описанию, трек отслеживался от начала и до конца, мягкий шарф, синтетика без каких-то дефектов, качество нормальное.",OK
Качество супер. Очень довольна покупкой.,OK
"Превзошла ожидания!!! Все очень хорошо, нитки нигде не торчат...материал хороший . на свой М заказала L, оказался как раз .",OK
отлично все подошло 13 лет девочка размер м,OK
"за такие деньги просто супер! 2тыс руб! заказ был 15.09 пришло 13.10 в спб курьером. нитки не торчат. мех искуственный, но выглядит норм. на размер 44-46 заказала М, в принципе можно было и L чтоб посвободнее было.",OK
"Подошло в самый раз.Запаха нет,дошло быстро до Волгоградской обл,в течении 2х недель!",OK
"Штаны супер. На русский 48, обхват бедер 100 подошел XXXL.",OK
"Товар за данную стоимость  хороший, немного маловаты по росту, думаю на рост до 1м 60 см будет нормально, шел товар чуть больше месяца.",OK
"А платье-то классное, даже не ожидала) Тонкое, но не просвечивает, легкое, материал приятный к телу, тянется. Длина нормальная при росте 162см. Село четко по размеру на мои 84/69/96-S. Лямки не регулируются, немного высоковато платье сидит. Пришло без запаха, с бирками.  Юбка расклешенная. Все швы ровные, никто не нашла. На лето будет отлично))",OK
"Платье как на фото, но не хлопок, синтетика, тянется. Вытачки не все ровные.",OK
"Платье просто отличное!!! Но, сожалению , ошиблась с размером. Придётся носить с поясом... ношу 44-46 ( верх 44 них 46))) , заказала М , оказалось велико. И длинновато на рост 153, поэтому высоким подойдёт хорошо! Возможно из-за длины мне и кажется великоватым. В целом платье отличное!! Материал хоть и синтетика, но плотный и хорошего качества.",OK
кофта отличная. на рост 175 и вес 64. на наш 46 размер подошла великолепно. любимая жена довольна.,OK
"Хорошее качество, мягкий, приятный, цвет как на картинке :)",OK
"Все очень понравилось. Магазин рекомендую.
Качество на уровне. Ткань очень приятная к телу и без посторонних запахов.",OK
Супер!!!теплые и ткань приятная.,OK
"Лосины неплохи, а для своей цены даже прекрасны! Хотела взять классические хаки-комуфляж, но дух противоречия опять победил-взяла орандж. Они стильные и смотрятся свежо,в отличие от зелено-серых...В-общем,буду их эксплуатировать по полной программе, и сверкать ими  среди осенней мрачной серости. 
На фото- как смотрятся с каблуками и без них.",OK
"отличные штаны! Я ростом 175 см, об95 см, от67 см. Заказала удлиненные штаны размера L. сели отлично! очень качественные, ткань хорошая, выглядит очень классно. совсем нет ощущения, что это штаны из Китая. Заказывала 11.11., заказ получила 28.11. Продавцу спасибо!!",OK
"Ткань дышащая, но мне надо было взять М, тк в груди тесно",OK
"заказываю такую куртку второй раз, теперь уже для мамы. качество на высоте!!!!! 
продавцу огромное спасибо за подарок!!!",OK
"На меня идеально вес 52. Рост 160. 87-70-87. На дочь с длинными ногами, рост 163см. 87-65-86 ещё лучше смотрится, но ей коротко. Смотрится как на модели. Дочь носить из за длины не хочет.",OK
"Шёл месяц, большой треугольный и очень мягкий, но сильно электризуется ",OK
Все ок.товар соответствует.,OK
"На рост 171 размер xs выше щиколотки. на бедра 87 сели хорошо, обтягивающие. Надевать только неудобно немного,снизу узковато. Доставка быстрая.",OK
"Пришла благополучно,заказывала голубого цвета.
очень удобная,хорошая ткань.Пижама нужного размера .
Очень рада заказу.",OK
"Хорошая штука. Мягкая, эластичная. Хотя, есть небольшой запах. Косяков в швах не нашла, тянется шо капец, все влезут) высокие девушки не бойтесь, заказывайте. Мой рост 174 и все комфортно село, даже есть что натянуть ещё, было бы куда. Очень мне понравились эти штуки для пятки внизу, на зиму самое оно. Резинка хорошая, широкая, не жмёт, но и не спадает. Ворс не очень объёмный. Ниже бёдер это смотрится как лосины, главное полоски прикрыть чем то на попе)) продавцу спасибо! ",OK
"синтетика голимая.  большемерит... на 48 росс 2хл великоват в плечах...плечи у меня не маленькие,  41 см",OK
"Жилеточка маловата, но ее носить как акцессуар - нормально!",OK
"Качеством довольна - мягкие, удобные, легкие, теплые.",OK
на 48 р l впритык. качество хорошее.,OK
как всегда все супер!,OK
Отлично!!!как на картинке. Размер S на 40-42 идеально.,OK
"До Хабаровска шло 20 дней, трек отслеживался, шапочка очень понравилась, ткань мягкая, запаха нет, прошито качественно, нитки не торчат.  Цвет немного отличается от картинки, более грязнее. В целом очень довольна покупкой, рекомендую товар и продавца!!!",OK
Спасибо продавцу за очень быструю доставку и прекрасный качественный товар.,OK
"Юбка отличная. До Казани дошла за месяц с небольшим, привёз курьер домой. Плотная, теплая, чуть пушистенькая. На рост 170 до середины икр (это с высокой посадкой). На 42-44 отлично подошла, можно и больше. Состава не было. Неприятного запаха тоже. Цвет в точности как на фото. В подарок получила резиночку - очень приятно. Продавца рекомендую.",OK
"шарф просто ""нет слов"" очень теплый, мягкий, был небольшой запах, но выветрился быстро, заказом очень довольна",OK
Очень понравилось!!!! Хотя рукав 3/4 не люблю.... длина тоже адекватная! Доставка на дом курьером))),OK
"джинсы хорошие сели идеальнл на ОБ 95 размер 27 не толстые на осень самый раз. Пришли быстро до Сочи 12 дней 
.",OK
"Заказала 1.11 на почту пришли 20.11, шла посылка 18 дней, продавец отправил быстро, все отслеживается , качество понравилось.",OK
На 48 размер очень большая ,OK
класс. приехала за 6 дней,OK
На 42 заказала М доставка до Ставрополя больше месяца. Трек отслеживался до конца. Кофта такая же как в описании. Выглядит хорошо. В целом довольна. ,OK
"Очень понравился платок, мягкий, цвет насыщенный! Рекомендую.",OK
"продавец отличный, общительный. Но платье мешок мешком.",OK
"Качество не плохое. Запаха нет. Размер можно было заказать поменьше.
Но есть косяк - это молния. Она какая-то острая, колючая, совсем не гладкая. В карман залезть не возможно. Руки царапает. Впереди молния из-за колючести цепляется ко всему, застегивается с трудом. Еще и кнопки расстегиваются. Я ожидала лучшего",OK
красота спасибо)),OK
"Пришло за две недели,качество супер,продавец классный ,размерная сетка соответствует.Рекомендую!!!!",OK
"доставили быстро до квартиры, качество",OK
"Качество трусиков хорошее, пришли быстро, почти не пахнут, на об 98 брала xl, по размеру нормально ",OK
"L хорошо на 100-77-99, но и М будет хорошо, L сидит по фигуре,  но не сильно в обтяг. на рост 171 ниже колена на ладонь. доставка 16 дней, принес курьер!",OK
"отличное платье, мгновенная доставка. всем довольны",OK
"Оба халатика длинные, хотя на фото один короткий, но так даже лучше. Спасибо продавцу.",OK
"чудесная курточка.сшита качественно,ни ниток,,ни запаха.достаточно теплая даже для холодов. на -7 в ней комфортно.в подарок продавец положил резиночку для волос, спасибо",OK
"очень хорошая кофточка,  тоненькая
соответствует описанию,  немного просвечивает,  материал приятный, есть неприятный запах",OK
"Не надо брать на размеры  больше ) На 44 брала Хл , можно утонуть )) буду перешивать . цвет  бордо , винный цвет .",OK
L на 46 р-р. Но рукава впритык. Можно подлиннее.,OK
Super!!!,OK
Спасибо большое за быстрату. Красивый цвет,OK
"Качество хорошее. Доставка быстрая , 3 недели до Крыма. Пижама маломерит, чтобы было свободной, как на картинке , надо заказывать размера на 2 больше, на мой М заказала L- впритык. Отдам дочке.",OK
"товар пришел довольно быстро, просвечивает немного, хотя было сказано что плотная ткань, на груди как-то непонятно сидит, в целом все даже не плохоносить можно вообщем",OK
Все отлично.хорошие носочки,OK
Очень классная блузка ))),OK
25 дней до СПб. Жене понравилось.,OK
Соответсвует описанию! Покупкой довольна:))),OK
Качество отличное !,OK
Все по размеру правда немного колется,OK
очень долгая доставка.. но продавец продливал сроки защиты товара.  размерная сетка для меня не подошла.. мало именно в груди ((,OK
Хорошие,OK
"отличные джинсы,точный размер ,хорошее качесиво",OK
"Чулочки хорошего качества , но Ооочень маленькие ! Не так как на картинке . На 44 размер еле натянула .",OK
"Неплохой костюм.  Вязка плотная,  но нетолстая. Неплохо тянется. Хорошо сел на 88-70-96  и рост 173. Рукава достаточной длины,  сам джемпер короткий,  носить можно только с этой юбкой. Швы ровные, ниток очень мало,  буквально 2 шт убрала. Ткань синтетическая,  натуральной составляющей я не почувствовала,  гладкая,  без ворса.  Катышков много не будет.",OK
"платье по качеству очень хорошее.  размер ХЛ оказался очень мал, подойдет на подростка лет 13. Мне с моим ростом 173 оказалось мало!",OK
"Рубашка к сожалению не пришла, но продавец быстро вернул средства обратно, скорей всего проблемы с нашей почтой(",OK
"заказ пришел быстро. упаковано очень аккуратно. тянется плохо. не скрывает недостатки, а сглаживает. мне не понравилось. продавец молодец ☺️",OK
"Платье ипришло примерно за 2,5-3 недели,товаром довольна,по размеру подошло,ношу М заказала М плюс оно тянется. Цветы пришиты немного не симметрично и оно немного линяет.",OK
"Thank you very much! The product is excellent, the size fit.",OK
ОТЛИЧНАЯ РУБАШКА НА Р.46-48 XL,OK
"Внешне выглядят отлично. Пока не надевала, поэтому не могу сказать, как сидят. Размер, скорее всего, угадала, на вид))",OK
"Футболка мне немного мала, но я думаю её разносить и она будет нормальная, а так заказ хороший. Спасибо, продавцу!!!",OK
"Толстовка куплена на распродаже 11.11, получена в Санкт-Петербурге (Россия) спустя ровно месяц. Продавец в подарок симпатичный чокер)) Толстовка не жаркая, больше похожа на плотный укороченный пуловер. Для меня это - плюс)) Приятная изнутри, надевала на черную майку - толстовка не красится, ворсинки на майке не оставляет. Ленточки выглядят дешево и распускаются, так что выброшу их, буду носить с ""дырками"" на рукавах - выглядит неплохо. Спасибо!!",OK
Сплошное очарование! На 39 р в самый раз! Милые. Спасибо ,OK
"Куртка досталась мне всего за 1600 руб,  за такие деньги куртка просто огонь! Доставка с учетом новогодних праздников супер быстрая, заказали 03.01, курьер привез 09.01. Цвет немного отличается, на картинке глубокий синий, а по факту цвета морской волны, но это не делает ее менее симпатичной. На размер 40 взяла S, получилось с запасом для плотного свитера. По ростовке мне тоже подошла идеально (рост 154 см), на больший рост возможно будут короткими рукава. Мех более чем достойный, нужно только отпарить. Единственное, что мне не понравилось, черные ленты с буквами на собачках, но их можно с легкостью срезать. Протестирую в носке, позже дополню отзыв. Продавцу огромное спасибо! Обязательно буду заказывать в этом магазине снова!",OK
"Отличный бодик. Первый раз брала s, оказался впритык на рост 161см, ог 80, от 60. Этот сел идеально. Доставка быстрая. Продавец умничка!",OK
"Отличные джинсы, на 42 заказала S, очень тянутся и очень круто сидят на фигуре, материал легкий, летом не жарко, щиколотки открыты",OK
"на бедра 100 и талию 70 велико, если носить на талии, если на бедрах, то в самый раз))в целом юбочка хорошая, ушью и буду носить",OK
"Очень нежное , но цвет не кипельно белый ... ",OK
Спасибо за быструю доставку.На 44 размер нужно заказывать L,OK
"спасибо, успехов и процветания вашему бизнесу",OK
"очень хороший кардиган,но маломерка",OK
"Доставка в МО почти месяц. Качество отличное, на 48 размер XXL в самый раз. Плюс был маленький подарочек",OK
"оказался чуть маловат в объеме, и чашки какие то маломерят, вероятно мне эта форма не очень подходит. качество хорошее, доставка чуть меньше месяца.",OK
Спасибо огромное пижамка пришла супер и качество пошива  и материал на 5+ !Размер подошёл.,OK
"рубашка хорошего качества, но оказалась мала в бедрах XXL на 98/86/108. посылка пришла быстро",OK
"Я очень довольна платьем) Брала как раз на животик беременный) Сверху синтетика, а изнутри флис) Тепленькое))",OK
"Куртка шикарная, спасибо!",OK
"Все подошло, крыта супер! Качество отличное! Обязательно закажу ещё другого цвета. Быстрая доставка !",OK
"Заказываю не первый раз. всем довольна, товар хороший.",OK
Куртка супер.До Питера шла примерно месяц. Цвет как на фото. Размер маломерит. xl это 44-46.,OK
Заказ пришёл довольно быстро. Спасибо большое. Очень довольна товаром.,OK
Все как описано ,OK
"великоват,а в целом супер",OK
Хорошие.на 42-44размер ,OK
"К платью и продавцу претензий нет, доставка быстрая, все как в описании, все аккуратно упаковано. Фасон для женщин с небольшим объемом в груди. Мне в груди оказалось маловато, низ безразмерный. Хотелось бы четкое указание параметров кроме просто размера",OK
"Платье пришло очень быстро, за 2 недели. На рост 158 длинна отличная. Прошито все хорошо и ровно.",OK
"до Москвы шли менее 2 недель. качество отличное.на от 67, об91 самое то! длина на рост 174 чуть длиннее середины икры.",OK
"Заказываю этот модель брюк второй раз. Ранее покупала у другого продавца, после 3-х носок обнаружился дефект по качеству материала. Получила эту посылку, материал брюк другой, все нравится, посмотрим как в носке. Продавец молодец, описание и скорость отправки, отличные.",OK
"Неплохие шорты. Все соответствует описанию, поэтому заказом довольна. Спасибо продавцу!!! Соответствует российскому размеру 46-48.",OK
"IШтаны классные,шли две недели,пошиты аккуратно...2XL на 54 сели хорошо.Спасибо продавцу...",OK
"шубка понравилась.за такие деньги хорошая.но оказалась мне большевата.очень жаль.немного лезет ворс.очень долго продавец не отправлял товар.в итоге доставка отвратительная.ждала целый месяц,хотя планировала получить раньше.с виду кролик натуральный.расцветка приятная.посмотрим как поведет себя в эксплуатации.продавцу спасибо за подарочек-платочек",OK
"Теплая, мягкая. Брала специально большую, но чутка прогадала, она слишком большая^^.Товаром о~очень довольна, буду заказывать еще.Рекомендую))",OK
"размер подходит. ткань приятная. заказывала 3, но пришло 2. деньги быстро вернули. Продавец хороший",OK
супер! всё как в описании! спасибо продавцу! заказываю второй раз и всё ок,OK
Подошло по размеру . Спасибо продавцу.Рекомендуем,OK
"Футболка супер, жене понравилась. Стильная и удобная.",OK
"Классные резинки, племянница будет очень довольна. Вот только доставка долгая, почти два месяца, Москва.",OK
"Прекрасные носочки, девушка оценила, но шли уж больно долго",OK
"Рубашка тонкая, в целом хорошо пошита, единственное где собирается рукав, кольца прошиты, нитки торчат. Рубашка по размеру, но хотелось чтобы низ свободный был. Прислали с курьером на дом, за 1,5 года на алике в первый раз, ОТДЕЛЬНОЕ СПАСИБО ЗА ЭТО ПРОДАВЦУ. В целом заказом довольна :-)",OK
"Доставка 8 дней, очень быстро. Трек отслеживался от начала и до конца. Ковточка очень понравилась нитки не торчат, рукава одинаковой длинны, запаха нет, но главное что хорошо подошла, мой бюст 103. Миленькая такая, очень нежно смотрится. Очень хороший продавец!!! Все бы такими были!  Этот товар рекомендую к покупке!",OK
Все подошло..спасибо. пришли быстро.,OK
"определенно стоит своих денег! сел, как влитой. закажу еще другого цвета. я в восторге!",OK
"Получила штанишки,очень понравились. ткань похожа на экокожу. все сделано аккуратно и качественно. за такую цену это просто класс! советую! спасибо продавцу! шли меньше месяца. посылочка пришла на почту, трек отслеживался. все отлично! фото скину позже.",OK
Неплохое платье.мне не подошла длина а так смотрится очень даже ничего.Отдала сестре.спасибо продавцу,OK
"Кофточка неплохая,но совсем не тянется,тонкая,похожа на блузочку",OK
"Свитер отличный, всё как в описании, ниточки не торчат, неприятного запаха не было, доставка быстрая",OK
"Качество отличное, швы ровненькие, нитки не торчат. ",OK
"Размер не подошёл, маловат на 50-52",OK
"Лосины неплохие,но - 20 не подойдут.Холодновато как то. До -10 нормально.Заказала цвет кофе,пришел мой любимый цвет шоколад.Доставка месяц.",OK
"Футболка хорошего качества, плотный хлопок, без боковых швов. Очень понравилась) Доставка супербыстрая, трек отслеживался.",OK
"Спасибо большое за кофточку! Меня впечатлила,правда синтетика,но за такую сумму не пожалеете )",OK
"Юбка просто супер!!!спасибо продавцу помог с цветом,доставка очень быстрая ",OK
куртачка хорошая ! спасибо за подарочек.подходит на ог115,OK
"Супер, цвет очень яркий, ткань приятная, нитки не торчат. Хорошо тянутся. Отлично подошли на высокий рост. Теплые, можно носить при отрицательных температурах. Спасибо продавцу",OK
отличная маечка на ОГ 86 идеально подошло. доставка быстрая. Спасибо продавцу.,OK
"быстрая доставка,качество хорошее.советую.",OK
супер!!!!!!!,OK
"не думала что кофт А окажется такой суперской!!  Я в восторге ! нет ни запаха, ни торчащмих ниток , мягкая к телу, нигде не висит , сидит идеально, отправили быстро",OK
"Наконец дождались посылку. Сотрудники почты России не хотели отдавать. Качество на уровне, продавец контактен, трек отслеживался. Стоит заказывать у этого продавца.",OK
спасибо,OK
"Доставка 2 месяца. Размер подошел. Смотрится красиво, нитки не торчат, брака нет. Но все равно видно, что производство Китай. В магазине такой бы не купила. Товар описанию соответствует.",OK
"на рост 165 немного коротковат,заказала М, наверно нужно было  L",OK
"товар был отправлен вовремя, но на территории россии потерян.продавец выслал новую футболку и через 3недели она до меня добралась \ томская область \ . ткань приятная, 95%хлопок 5 спандекс ,вышивка аккуратная. на 48р. взяла  м ,все подошло хорошо. спасибо.",OK
"платье прикольное ,но ожидала большего .Ткань немного не понравилась",OK
"хорошая водолазка, тоненькая, но  теплая. Плохо, что единый размер. Немного жмет и выделяет проблемные зоны тела. (мои параметры 85-70-95, размер М или 42-44) Надеюсь, что немножко растянется 
В целом довольна)) нравится розовый цвет. Освежает лицо)) продавец хорошо упаковал, отправил подарок  пришло всего лишь за 2,5 недели до Башкортостана. Рекомендую ",OK
"Ещё не мерила, но на ощупь приятные, яркие. Довольна покупкой!)",OK
"доствка меньше месяца, трек отслеживался.  об 91 заказала размер м немного великовато",OK
"доставка 30 дней до Ленинградской области,
 привез курьер, продавец надежный, на вопросы отвечает, запаха у куртки не было, в -10 не холодно.",OK
жилет классный! ниже попы. теплый. очень довольна приобретением,OK
"Пальто очень хорошее .До Ростова пришло за 10 дней . Товар хорошего качества  . Хоть и велико , но товаром довольна",OK
Красивый цвет. Доставка 6 недель до Москвы. Получила в почтовом ящике.,OK
"Водолазка не понравилась. Рукава на рост 175 см короткие. Очень тонкая, светится.",OK
очень хорошая пижама. сшита качественно. никаких запахов. смотрится прикольно. дети и жена в восторге.,OK
"все хорошо,со стороны мужского взгляда нищтяк обтягивают,даже на полненькую  как знакомая сказала))",OK
"мне все понравилось, и подошло",OK
"пришла быстро,всё ок!",OK
"The best Seller!! Thank you for very very fast shipping a Very Very good products!! I loveit , and I buy more.",OK
"Платье красивое, качество норм, без брака. Единственное что на 1,61 Нижний подол ниже колена, а верхний до середины икры, укоротила его на 10 см, каждый, теперь мне нравится. доставка 14 дней, трек отслеживался.",OK
Спасибо. Рубашка супер. Пришла быстро. Качество хорошее.,OK
"Заказываю уже не первый раз,всем довольна,зелёный цвет в Реале ярче,рекомендую ",OK
"Доставка быстрая, кофты хорошего качества, без затяжек и дырок.
Спасибо!",OK
"Красивые свитеры, сели хорошо.Очень мягкие!Посмотрим, как в носке.",OK
"очень понравились шорты,я в восторге. они замечательные, советую брать. ткань хорошая качественная.",OK
"Куртка хорошего качества, но с размером по отзывам не угодала. На 46-48 заказала ХХL большеват.",OK
"По прибытию пришло смс. Платье не плохое за эти деньги, но размер явно её соответствует. L - на объем груди 78см. талия - 70см, бедра - 80см. Платье рассчитано на рост 170.",OK
размер подошол товар достоин,OK
"Получила за 20 дней . Качество леггинсов хорошее, как раз для прохладной погоды.  На рост 170 взяла XL.Мягкий, приятный к телу материал. С продавцом не общалась, но он сам сообщил о прибытии товара в Россию. Продавца рекомендую!",OK
"заказ пришел за 10  дней, курточка-прелесть!!!Я ее люблю!!!",OK
Мех вообще как настоящий если видеть из далека а так все супер размер подошла на на 46размер.Запаха нету все аккуратно сшито. Спасибо вам за отличный товар.,OK
Очень мягкий  полувер. Пришел очень быстро. Соответствует описанию. СПАСИБО ПРОДАВЦУ.,OK
"Товар соответствует описанию,размер подошел.",OK
"Пришлось перешить спинку, ткань нормальная, качество не очень.",OK
"Очень красивые, на рост 164 коротковаты.  Дошли быстро.",OK
"это те штаны, которые я сразу же надела на следцющий день и хожу довольная) на рост 158 внизу еще чуть остается длина. на параметры талия 68, попа 92, бедра 90 - сели шикарно) плюс еще в процессе носки немного растягиваются) обязательно буду заказывать еще!!",OK
"носочки  мягкие, замечательные.",OK
"спасибо, быстрая доставка, все соответствует описанию заказывала подруге и еще не мерили.",OK
"мне понравилось все кроме фасона, он немного отличается от того, который заявлен на картинке: горловина узкая и высокая на лебединую шею, приходится подворачивать в два раза, в плечах свитер большой. а к низу приталенный, смотрится как будто плечи как у мужика.
Но может это только на моей фигуре так.
Материал приятный и теплый.",OK
спасибо продавцу.... пришло быстро... качество хорошее....,OK
"леггинсы хорошие, заказывала второй раз. на талии чуть растягиваются, но совсем чуть, после стирки все уходит. Удобные, комфортные, довольна заказам :)",OK
"сели как влитые брала L  об 97 от 93 не жмут живот хорошо застегнулись! сидят отлично!  ткань тянется. Конечно джинсы тонкие и не на зиму на лето и весну самое оно! трек отслеживается дошли БЫСТРО за 10 дней, правда продавец долго отсыл 9 дн!  А так все супер продавец умничка спс за быструю доставку!!!!!!",OK
"Размер маловат,цвет совсем не тот,больше заказывать не буду,заказывала оливковый пришел бежевый.",OK
все как в описании..,OK
отличные!!!рекамендую)),OK
"на ог 93 талия 72 заказала xl, размер подошёл. качество хорошее ткань хлопок, доставка 3,5 недели",OK
"классная,качественная,плотная и эластичная юбка. доставка быстрая,советую продавца. на 50-52 размер подошла 4xl.спасибо за подарочек!!!",OK
"шло очень долго, заказывала два цвета приши в разное время и одного размера, хотя я заказывала разные размеры",OK
"платье отличное, немного с запахом, но это при стирке проходит, размер надо было брать поменьше, ни как с дочей не можем приловчится к размерам, то М заказываем маловато, то  как здесь большевата, но только в талии, а груди и бедрах отлично, в общем всё классно, спасибо большое!",OK
"хорошая кофта,приличное качество) до Москвы дошла всего за 15 дней! трек отслеживался, от процавцв в подарок получила резиночку для волос",OK
"Шикарное платье!  Доставка  в пределах месяца!  Очень  довольна покупкой, спасибо!",OK
"покупала 2 штанов, ежевые и черные,  бежевые еле натянула, придется вшивать замок, а черные влегкую, т.к они более эластичные, но несмотря на это штанишки понравились, сели хорошо. мои параметры 70 о.т., 99 о.б., при росте 180 длина отличная.",OK
Хорошие колготки ,OK
"Ткань приятная, не просвечивает, эластичная синтетика, тянется. Белого цвета больше, чем на картинке. Юбка прилипает к ногам.",OK
на 54р взяла xxxl.все супер,OK
"Материал плотный. На рос. 50 размер XL свободненько. Все швы аккуратные, за такую цену просто супер, спасибо!!! Обязательно закажу в другом цвете!",OK
"быстрая доставка, хорошие очки, немного не понравились дужки просто железные и тонковаты, но в целом не плохо!",OK
отлично!!!,OK
"интересная шапочка)) на осень,",OK
"Нормальная рубашка /платье на объём груди 96 размер подошёл хорошо ,птички хорошо сделаны пришло очень быстро на рост 158 чуть выше колен ",OK
"отличная водолазка, приятная и аккуратная.
быстрая доставка",OK
качественная кофточка. только продавец очень долго отправлял.,OK
Пижама класс ,OK
"Быстрая доставка. Хорошее качество, интересная расцветка. Рекомендую!",OK
Мне понравилось. Заказала M на высокого мальчика 10 лет. На НГ подарю - дополню отзыв.,OK
прикольная кофточка на 44 хорошо село,OK
"Красивое пальто,на параметры 84-65-90 взяла размер L хотела более овпрзайс,кто хочет больше в обтяг берите по размеру меньше.Ставлю 4 звезды т.к в пальто шерсти нет,но сшито отлично,швы ровные.Моделька стильная.Жаль что нет шерсти,а в целом хорошее пальто.Полный отзыв можете посмотреть в Итао.",OK
"Обалденный боди! Мягкий, приятный к телу трикотаж, качественный пошив, соответствие размеров ( на xs 82-62-86 брала xs) сел как влитой. А смотрится просто отпад! Доставил курьер на дом. Очень советую к приобретению. За дизайн, качество, доставку, цену 10 звёзд не меньше!",OK
"До Москвы месяц (30.06 - 27.07.17), трусики класс, заказываю не первый раз, на рус. 44-46...
Спасибо, довольна!))",OK
"маленький капюшон, снизу тугая резинка, на 42р  S подошла. в кармане маленькая дырка- не критично. в подарок резинка для волос. оооочень тоненькая. цвет как указан, без запаха, чехол, хорошо упакована, быстро пришла)",OK
"на 48 размер , объем 96см заказывала xxl. отлично подошла. мнется. не потеется, качество на высоте. у этого продавца уже седьмой заказ. все четко.",OK
Доставили очень быстро.Лосины отличные. очень понравились. Спасибо за подарок!,OK
Товар соответствует описанию. Качество хорошее.,OK
юбка бомба!!,OK
"Кофта очень красивая.  Нитки не торчат.  Как раз  на мой размер (брала S) на рост 162 см и вес 48-50 кг.  Ткань необычная,  кофта  тёплая.",OK
было немного торчащих ниток ,OK
"Платье супер,по качеству соответствует своей цене,нитки не торчали)",OK
"все хорошо, только краски на одежде оказались тусклыми",OK
Супер.ткань очень мягкая.,OK
"Супер рубашка. Мне очень нравится. Быстрая доставка. 20 дней до Санкт-Петербурга. На фото ворот кажется больше, но это ничего страшного. Вещь в целом очень хороша. Тем более за такие деньги. Материал синтетика, но не противная. Буду ходить на работу в ней.",OK
"пришла в отличном состоянии , но на объём 102  Л  маловат, уж шипко в обтяжку . Доставка очень быстрая ,заказала 07.07 пришла 19.07. Ставлю пять звёзд.",OK
"Получили через 11 дней с момента заказа, все как описании, очень понравился цвет. Спасибо продавцу, рекомендуем!",OK
"Обычная майка. Своих денег стоит. Нитки торчали, все обрезала. На свой 42-44 заказала М, размер идеален",OK
"оч классная туничка,сбоку с разрезами,оч сэкси смотрится,спасибо продавцу! 5+",OK
"Кофта колится. Ткань скоро с катается. Рукава короткие :( и сама кофточка короткая. Только на 42 подойдет, так как на 44 рукава немного давят",OK
"Синтетика конечно, но выглядит не плохо. На параметры 89 - 65 взяла м, можно было s",OK
"Блузка дошла до Тюмени за три недели, трек отслеживался. Ткань у блузки очень тонкая, но очень радует, что не просвечивает. Заказом довольна. Для офиса самое то. Продавца рекомендую.",OK
Хорошая рубашка,OK
"Красивое белье , заказывала в размер",OK
"заказ пришёл через 1 месяц, я осталась довольна, качество хорошее, если бы я взяла L, было бы лучше, т.к. если одеть теплый свитер, будет тесновата. Мой рост 160, вес 55.",OK
доставка три недели это хорошо. блузка подошла S на 42 размер но есть но рукава как подстреленные.,OK
"Супер платье,быстрая доставка,советую ",OK
"Качество, для такой цены неплохое, но на рост 167 короткая.С продавцом не общалась.)",OK
Спасибо супер платье,OK
"доставка быстрая. заказала 6xl, на ОГ 110, ОТ 86 смотрится несуразно, как в распашонке, по длине коротковат на рост 166 и еще, подплечники очень странно пришиты, прямо сверху рукава. выгляжу в нем ужасно. может конечно это от фигуры зависит, но мне не подошел. ткань чистая синтетика, причем не очень плотная. 5+ продавцу за доставку, а качество и крой не очень.",OK
"взяла М, еле натянула на 42-44 ... а так брюки плотные, не стрейч.",OK
"Суперская, очень довольна покупкой, присоединяюсь к отзывам, снимать не хочется)",OK
Отличная рубашка! На 50-52 надо 4xl,OK
ideal sweet n tender lov it!,OK
"заказ пришёл быстро. трек отслеживался. очень мягкая и приятная к телу. не подошёл размер, великовата.",OK
"Не самые лучшие резинки, но и не плохие, что-то среднее",OK
"Шарф шёл больше четырёх недель,продавец общительный,трек отслеживался.Шарф тёплый,большой, я довольна,на ощупь мягкий,не синтетический.Думала будет ярче,но цветом довольна",OK
"Спасибо получила заказ быстро, по размеру хорошо. Продавец ответственный уточнил размер. Ткань шифон . Всё очень хорошо, швы ровные, классно.",OK
"Заказываю второй раз, все отлично)",OK
Все отлично.Спасибо.Продавца рекомендую,OK
"Всё отлично, покупкой довольна. Спасибо продавцу.",OK
"симпотичная,на мои парам. ОТ 76 ,ОБ 98 В ОБТЯЖКУ,НО ВСЁ РАВНО ХОРОШО",OK
"Очень красивая рубашка, мягкая, тёплая. Товаром довольны! На 44 размер XL в плечах в самый  раз, рукава даже чуть длинноваты и немного широка. Но всё-
 равно сидит красиво.",OK
невероятно круто,OK
"Супер! Супер! Супер!!!) лично я очень довольна! Обожаю позитивные вещи! А этот свитер-платье как раз из таких!! Прибыл ко мне в Питер очень быстро и качество безусловно порадовало!! В начале показался чуть колючим, но впечатление быстро прошло! Рисунок яркий, все швы в порядке! Однозначно буду заказывать что-то еще!)",OK
рубашка тёплая  красивая  ткань плотная  строчки ровные  ношу 46-48  рубашка не впритык я так и хотела спасибо продавцу беру не первую рубашку  и не последнюю  советую продавца,OK
"отлично отлично, спасибо большое!я люблю его!",OK
Супер!! Спасибо за быструю доставку (меньше двух недель)!!. Качество супер точь-в-точь как на картинке! Цвет брала бежевый именно такой и пришел. Очень довольна! именно то что и хотела!! На размер 42-44 взяла (М) чтоб было ни в обтяжку очень даже угадала!!!,OK
"Боди классное, качество приятное, не просвечивает. Только на мой рост 162 см размер s - длинный. Бретели просто падают с плеч.",OK
Заказ пришел быстро!Кофточка хорошая.Спасибо,OK
"Отправили 27.08.17, получила 12.09.17. Размер XL отлично сел на мой 44-46. Спасибо продавцу!",OK
"качество отличное, доставка быстрая, продавец общительный.
Рекомендую!)",OK
"Качество продукции хорошее, не много торчат нитки. Доставка до Новочеркасска 10 дней.",OK
"до Йошкар-олы шла месяц, заказ почему-то вообще не отслеживался.Пришла неожиданно ))) на мой 48 заказала XL - блузка села как влитая",OK
плащ подошел. подходит на теплую весну-осень. цвет темно синий,OK
"В точности, как на картинке у продавца. Присутствует посторонний запах, где-то торчат ниточки, но это не так страшно, комбинезон хороший и пришел быстро. Спасибо.",OK
"Купила маме, носит 50-52 размер, она в восторге",OK
"Заказала для подруги 3XL, но ей маловат. Она носит 50-52 размер. Во всем остальном на 5+.",OK
"платье хорошего качества, нитки нигде не торчат. на 46 размер брала М. платье село впритык по фигуре, ОГ 90, сильно ткань не тянется, широкий шаг не сделать. сзади большой разрез",OK
"размер меньше , чем думала, но очень милая пижама",OK
"Всё супер! На 42-44 брала М ,продавец хороший ,всё быстро дошло .",OK
"маломерит слегка(((( рукава коротковаты((, но  качество очень хорошее. продавца рекомендую",OK
"Супер! Моя самая удачная покупка!!! И цвет долго думала, оказался превосходным! Хорошо тянется.длинна на рост 157см с хорошим каблуком.",OK
"Велликолепный комбинезон. Покупкой довольна на 100% Комбинезон 1в1 соответствует описанию продавца. Есть небольшой запах, но так пахнут новые вещи. Ткань нежная, плотная, есть белый подклад. Костюм не просвечивает. Мне немного давит верхняя резинка, попробую этот ворот решить в ателье. Итог: к покупке рекомендую. Нежный рисунок придаст вашему образу некоторую загадку и нежность )",OK
Хорошее платье из сатина стрейч!,OK
"подошло, на рост 175 длина по косточку, мягкие, приятные к телу, тянутся хорошо, единственное ну очень блестящие (но зто по мне так)",OK
"Клевое платье!Спасибо!ХБ- верх, белый с добавками...Доставка курьером.",OK
Интересная жилетка! Очень быстрая доставка! Рекомендую!,OK
"Заказала 25.12 получила 09.01. Трек отслеживался. Упаковано всё хорошо. Только кружево на груди сшито чуть криво. И торчат нитки  на шортах по бокам на швах.  А так в целом пижама не плохая.Рекомендую как товар, так и продавца!Позже дополню свой отзыв, так как я его в данный момент постирала.",OK
спасибо. футболка хорошая. На русский 42-44 села отлично,OK
"М на от 69 и об 92 хорошо сели, даже свободно.
Очень тонкая ткань, только на лето, действительно высокая талия.
Доставка до мск чуть больше двух недель с:",OK
все хорошо,OK
девчонки юбка классная. материал хороший. У нас такие юбки стоят в 3 раза дороже. Буду ещё заказывать.,OK
спасибо,OK
Шла долго. Сама блузка красивая и приятная к телу. Размер подошёл. Все супер,OK
"Качество супер, по размеру подошли идеально, яркие, красивые, только одни красные носки пришли бордовыми, но все равно четко выглядят, почта России немного задержала посылку, но это проблема не магазина. Фото прикрепить не могу, камера сломана, но соотношение цена/качество превзошла себя",OK
"ношу российский С или М, заказала М сидит адекватно, скинуть пару кг и будет отлично) Качество за 400р нормальное, ткань похожа на хлопок с эластичными волокнами, оно тянется немного.",OK
заказ пришёл за месяц в саратовскую область. очень маломерит.рукава короткие,OK
"прекрасная  легкая блуза, на 42-44
 идеально, огромным преимуществом является то, что практически не требует глажения и не мнется, на лето супер",OK
"На рос.размер 54 заказала 4xl, чуть свободно, особенно в районе плеч. Платье красивого зелёного цвета, на работу в офисе самое то. На мой рост 154 см, ниже колен, возможно буду укорачивать. Посмотрю как материал в течении дня себя поведёт, сильно ли будет мятым.",OK
"Замечательный товар! Конечно, это незатейливая штучка из дешёвой тюли, но за такие смешные деньги, это отличная вещь. И размер 2xl , на мои 120/90/120 подошло идеально, не полнит!!!!! Подчеркивает достоинства. При ростеи175 платье до пяток. Типа брачного пеньюара. Муж заценил.",OK
"Юбка отличная, доставка достаточно быстрая (чуть меньше месяца в Вологду) качество прекрасное, нигде ничего не торчит, мой рост 164 см, но юбка на рост не выше 165, иначе все будет видно. Спасибо продавцу за товар и за подарочек. Всем советую ",OK
быстрая доставка! Хорошее качество! Рекомендую,OK
"Заказываю уже в третий раз, просто хочется разных цветов. Отличные лифчики, нигде не давит и не жмёт, очень быстрая доставка, приятный продавец!) Следует только учитывать, что в объеме большемерки, т.е. заказывать на размер меньше. Я ношу 90, заказываю 85 и всё отлично.)) В этот раз заказала в желтом цвете, пришел не ярко-жёлтый как в выборе цвета,как я думала, а слегка желтоватый. Лифчики отличные, продавца рекомендую!)",OK
"маечка просто суперская!!! спасибо продавцу за отличную работу! рекомендую, правда не отслеживался, но все пришло.я довольна покупкой!!!",OK
Все полностью соответствует описанию. На моем фото цвет немного бледнее. Спасибо!,OK
"блузка понравилась,но она просвечивает. быстрая доставка около 2 недель до нижнего новгорода. рекомендую!",OK
"Посылка дошла до МО за 2,5 недели. Куртка хорошая. Но к сожалению на рост 172 рукава коротки. Выглядит как на фото. Рекомендую",OK
"До Екатеринбурга кофта шла 3 недели. Материал - трикотаж, приятная к телу. Красиво смотрится. Рекомендую, буду заказывать ещё.",OK
Неплохая. Ношу на одно плечико на майку,OK
Немного велико можно было взять м ,OK
"Заказ шел месяц. Я отказалась от курьера и  сама забрала со склада СДЕК, мне так было удобнее.  Юбка красивая,на мой рост 160 до середины икры. Подол ровный, юбочка без дефектов, дешево не выглядит. На талию 65 см. пояс в самый раз, не свободно и не туго, я не люблю, когда сдавлена талия.Серый цвет - красивый, еще присматриваюсь к розовой на теплое время года. Рекомендую.",OK
"Доставка быстрая,очень тонкое,на жаркую погоду.Брала XL,на 50р-р отлично,немного великовато в подмышечной части,можно ушить.",OK
спасибо за заказ,OK
"Спасибо большое, товар превосходный! Была проблема с доставкой, но это вина курьерской службы, а продавец при этом давал все необходимые указания, чтобы я узнала, где мой заказ. Очень ответственный продавец! Рекомендую!! ",OK
"платье пришло быстро,за 3 недели в Тульскую область.Размер XL заказала на свой 46-48,сел идеально.Платье лёгкое,на лето очень отлично будет.После стирки цвет не изменился.Я довольна.Рекомендую.",OK
"Заказывала рубашку, но она пришла с браком и самый большой размер XL не подошел на грудь 94 см. размерная сетка продавца не верная. Открыла спор. Продавец обещал при закрытии спора прислать другую. В итоге продавец оказался очень ответственным. На следующий день отправил заказ и прислал номер для отслеживания . Рубашка немного другого плана дороже по цене. Качество отличное. Размер M подошел. Рекомендую заказывать у этого продавца.Спасибо.",OK
"Плотные и теплые. Пошиты аккуратно, но крой примитивный. Непонятно где перед, на попе штаны слазят вниз.",OK
"отлично, по размеру, жена очень довольна",OK
"платье пришло почти в срок, качество хорошее для цены( нитки не торчат и швы все хорошо прошиты) . Связь с продавцом на 5.
Платье брала на подарок маме (понравилось) и размер подошел(на 52р российский брала 4xl)и цвет, как в описании. 
рекомендую.",OK
"Очень хорошее качество, стоит своих денег 200%",OK
"Хорошее качество, материал не тонкий, не мнется. Российский размер 44-46.",OK
good!,OK
"Свитер отличный, очень мягкий и приятный на ощупь. Чуть коротковат, но с джинсами с завышенной талией вообще отлично. Доставка курьером до дверей. Спасибо продавцу) рекомендую к покупке!",OK
Пальто классное. xxxl подошёл на размер 48. Прибыл за 2 недели.,OK
"заказ пришел в ростов за 24 дня,колготки хорошо тянутся ,на рост 180 подошли идеально, сеточка тонковата немного,но это не страшно,в общем довольна заказом!спасибо продавцу за товар!",OK
брюки соответствуют описанию. Пришли достаточно быстро и не почтой России. Дочери понравились.,OK
"Быстрая доставка, качество отличное.",OK
"Свитер классный, очень модный,  оверсайз Приятный цвет, крупная стильная вязка. Заказом довольна, рекомендую",OK
"леггинсы классные,теплые. на рост 166, 57 кг взяла L. меньше не надо. сидят хорошо, нигде не торчат и не пузырятся. с длинной подкачали. чуть выше щиколотки. но мне все равно,ношу под высокую обувь,поэтому звезду снимать не буду. у кого рост выше, конечно будут уже как капри",OK
Хорошо,OK
"колготки, уже покупала,но в первый раз спрашивали размер, а в этот раз нет и пришли маловаты",OK
"Качественная, спортивная футболка. L на 46 свободно",OK
"приятная, тонкая ткань. надеюсь, прослужит долго. спасибо!",OK
"Лосины классные, немного просвечивают, к телу приятные, резинка на поясе не давит, по швам сзади рисунок не сходится, что немного печально и на поясе резинки есть небольшой настрочный нитками косяк, но все равно ставлю 5
Товар отправлен и доставлен быстро, трек отслеживался.",OK
все отлично.на российской 50р.3xl.продавца советую,OK
Шикарно.,OK
Отличная блузка и быстрая доставка,OK
хороший выбор,OK
Дочь довольна,OK
"костюм очень теплый. кофточка подошла идеально,а вот штаны оказались широки. в целом неплохо. заказом довольна.",OK
"Очень приятная ткань, до Санкт-Петербурга шло 12 дней. Все понравилось, по фигуре сел идеально, взяла s, не пожалела)",OK
"Синтетика. тянется. качество хорошее. Толстушки, с большими сиськами, не берите)))). смотрится не фонтан)) к низу колокольчиком. только на самовар ))) даже фоткать не стала.",OK
"Флис очень мягкий и приятный. M на российский 48 село впритык, я бы предпочла посвободнее. Единственное - не стоит стирать эту пижаму вместе с тканями, которые ""цепляют"" на себя ворс.",OK
"СПАСИБОоооооооо!!!  Этот продавец ,по отзывам покупателей в рекомендациях  не нуждается, но всё же от меня - качеством товаров ,скоростью доставки довольны.успехов вам.

Spasiboooooo!!! This seller ,customers reviews in the recommendations does not need, but still me - the quality of goods ,speed of delivery is satisfied.I wish you success.",OK
"Повязка тёплая,красивая.Качественно сшита.Доставка быстрая.Спасибо,я всем довольна!",OK
пришел за две недели до екб. шарфик классный.,OK
"На 44-46 подошла. кое - где торчат ниточки. бретели регулируются. мне понравилась, сидит хорошо",OK
the dress came within a month. track was tracked. very warm. on its Russian 48 took xxl. only the sleeves are long not much ... the seller recommend,OK
"Юбочка красивая яркая. Отличного качества.долгая доставка только,но думаю это из за праздников.",OK
очень тонкий,OK
"Пришли комплекты в Севастополь за 23дня. Качество хорошее, швы ровные,нитки не торчат,выглядят очень классно. Рекомендую",OK
Все отлично быстрая доставка шикарное качество,OK
"Воротник ужас, торчит, тонкая ткань",OK
"Спасибочки, товар по размеру подошел. Супруга очень довольна. Продавца рекомендую. Отвечают на вопросы сразу.",OK
"Да МО дошло быстро. товар хорошего качества. на мой 54 р. 5xl подошло идеально. единственное, рукава в запястья широки, но это потому что у меня руки худые, не смотря на размер. Это поправимо. сзади длина до колена, спереди повыше. посмотрим как будет в носке. Пока я очень довольна!!! спасибо!!!",OK
"Приятная на ощупь ткань, на размеры 92-61 сел идеально ",OK
"Есть неприятный запах, но не сильный,думаю после стирки пройдет",OK
"хорошие тёплые , в зиму самое то,на 48р.подошли.",OK
"Качество хорошие,  на 48 в притык.  пришло быстро,  меньше месяца. Рекомендую",OK
"заказывала под короткое платье, цвет совпал) маловаты на об 95, но, думаю, растянутся ",OK
"Хорошая водолазка Заказывала на рост 178 , 70 кг. Подошла отлично. Доставка долгая, трэк отслеживался. Заказом очень довольна. И товар и продавца рекомендую.",OK
"Очень толстое, прям пальто, оригинал сидит более изящно, но качество хорошее",OK
Хорошие леггинсы. Очень удобные! До СПб шли около месяца.,OK
Суперские . Но широкое М размер на 44/46 ,OK
"на  бедра 92 размер М маловат, буду худеть",OK
Пришла быстро. Хорошая кофточка. На худеньких. ,OK
"очень классная юбка. резинка чуть туговата, но понятно, что если один размер, на 52 будет туговато. Очень красиво и стильно, и длина хорошая, даже на мой рост 176",OK
"Классная кофта, только с запахом небольшим. Вязка рыхлая, качество хорошее. Размер S отлично подошёл) доставка довольно быстрая. Очень рекомендую!",OK
"вязка довольно рыхлая, не такая как на фотографии, цвет бледнее, синтетика. Смотрится вполне симпатично, но если бы знала что придет такой свитер, наверное бы не заказала, не оправдал ожиданий.",OK
"доставка 5  недель,качество приемлемое за такую цену,оказалось чуть узковато на 44 М",OK
"Трек не отслеживался, а вот рубашка отличная! Смотрится дороже чем стоит и килек приятная",OK
"Платье оказалось приличным. Тонкое зимой не поносить ,только весной или осенью,когда не сильно холодно. Заказала  xxl . В груди очень хорошо село ,на бедрах ""уши "" прийдется ушивать. в целом смотрится не плохо. Заказ пришел быстро ,доставка курьером домой ,очень порадовала.",OK
"Товар шёл долго , спасибо почте России !!!  С продавцом не общалась , но носки классные и по размеру подошли 22-24 размер) тёплые и уютные, без изъянов) спасибо продавец !!!",OK
Ткань очень плотная. Не для дома(,OK
Доставка довольно быстрая. Качество норм. Рекомендую.,OK
замечательное качество за свои деньги пришло за 2 недели! В подарок положили сантиметр.,OK
такой же,OK
"Рост 174, бедра 102, талия 76. Этот. Размер. Самый. Раз.",OK
"посылка шла 2,5 нед и принес на дом курьер. Боди отличного качества, ткань стрейч, плотная и хорошо тянется, размер подошел на 46 российский, по длине тоже идеально на 168 рост, единственно - горизонтальный шов намекает на то, что нужно носить с брюками или юбкой с завышенной талией. Цвет пыльной розы, мягкая ткань на ощупь и воланы - все очень здорово! рекомендую. Рукава не слишком узкие, хватит и на полную руку, длина рукава на длинную руку, не укороченные.Снизу три кнопки.",OK
"Третья моя блузка из такой ткани, только разная длина рукава и разные продавцы. Блузка не такая яркая, как на картинке, но мне нравится больше, смотрится нежнее. На 100-85-100 размер идеально, скрывает животик. Рукава на рост 170 коротковаты, из минусов-широкий манжет, непонятно зачем, пуговицей не отрегулировать, получается огромная складка. Но блузка нравится, носить буду, доставка до Калининграда-10 дней, продавцу 5 звезд.",OK
Хорошая куртка! на свой размер S-M взяла XL - немного великовата. Качество хорошее,OK
"Все хорошо! Цвет очень насыщенный!  Продавец очень хороший! Товар пришел за 15 дней, все отслеживалось.",OK
"хорошая курточка, мягкая,не мнется,компактная , заказывала себе такую, маме мужа,эта теперь для моей мамы .",OK
пришел очень быстро) всего 2 недели шло),OK
"Заказ шел около месяца, не отслеживался. Трусы красивые, хорошие, но на кружеве затяжка отстрич ее нельзя, так как распустятся сразу. А еще спереди были нашиты нитки для этикетки, но этикетки нет В целом, за 64,94 рубля, заказом довольна.",OK
пришел не тот цвет - заменили - дост 22дн,OK
"молодцы. почему все так не ра

ботают. заказывайте не бойтесь.",OK
"Заказ пришёл за три недели. Качество отличное, ткань приятная на ощупь, ниток нет, единственное, ношу размер S, думала с размером не будет проблем, но блузка оказалась большой.",OK
"Заказом довольна, цвета как на картинке, описанию соответствуют ☺️ 
Продавец очень приятный человек, перед отправкой все уточнил, после получения уточнил, все ли дошло, все ли понравилось, ставлю 5 звёзд и ни о чем не жалею, буду заказывать ещё! Рекомендую ",OK
"Заказывала уже вторую футболку у этого продавца ,на белой рисунок нарисован,на этой наклеен,боюсь не на долго его хватит ,а так хорошая футболочка",OK
"Костюм понравился, материал приятный к телу. Доставка 1 месяц.",OK
"Знала, что скорее всего не подойдёт по фасону, ибо у меня не самые узкие плечи, на которые рассчитана данная модель. Но взяла на свою голову. Из плюсов считаю мягкость(хотя может после стирки она уйдет?). Из минусов не самые качественные швы. Ну и специфичность кроя. Запах странный ещё :D
В общем всё равно спасибо продавцу))",OK
"Гамашики интересные,с запятниками.Хотя внутри тоненький мех,но качество как у колготок,в мороз не походишь.Заказывала М и L,приложив их друг к другу,обнаружила,что они совершенно одинаковые.Увы...К покупке рекомендую,но на правдивость размерной таблицы расчитыаать не стоит.",OK
Очень клевая футболка. Спасибо.,OK
"Товар отпадный. Материал приятный,без запаха,рисунок четкий. Пришёл быстро. Всем советую.",OK
"4xl на 52 русский р.170 идеально.,цвет соответствует.Неожиданно качество для этой цены - очень хорошее.Куртка доставлялась 2недели.Продаацу 10000....звезд!!!",OK
"Классные штаны! Завязывала для езды на велосипеде. На свой 46-48 заказала XL, сели отлично. Подойдут на высоких девушек, штанины достаточно длинные. ",OK
"Тёплые,на рост 165 см длина то что на надо,брала 26 размер на об около 91(давно не измеряла),но все подошло.",OK
Не первый раз заказываю у этого продавца.  Качество идеальное.  Бомбер очень кдассный.  Идеально на российский 46.Твердая 5.,OK
"Заказ шел чуть больше месяца, очень долго ждали доставку.
По размеру все подошло, качество хорошее. 
Материал бархатистый, дочке понравилась парка. Цвет несколько зеленее чем на фото.",OK
"Товар полностью  соотв.описанию. Посылка пришла быстро в Московскую область (заказывала 18.12, получила 30.12). у меня размер М, но почитав отзывы заказала S. на Рост 178 подошел идеально, тянется. Запаха нет, нитки не торчат, кнопки работают. спасибо продавцу",OK
"Не пришла, деньги верули",OK
"Заказала в Москву 29.11.17, а пришли 14.12.17. Это очень радует. Сами джинсы очень хорошие. Сели великолепно. Все как в описании.",OK
доставка в Москву 23 дня. на ОГ 86см - хорошо.,OK
"Хорошая толстовка, плотная, внутри с начесом. Цвет более яркий, чем на фото. Покупкой довольна, спасибо продавцу.",OK
"приятная к телу,по размеру,покупкай довольна",OK
классная кофточка. По размеру подошла как ргаз как надо. Прошита аккуратно. Пришла за две недели. Все супер.,OK
"The print is vivid and bright. The material is acrylic. I am 175 tall and the sweater fits me well - the sleeves are regular length, the length of the sweater is fine too. The quality is excellent for the price. The sweater is soft. It arrived rather fast.",OK
"Хорошая мягонькая кофта, но на маленьких размерах она висит и думала рукав будет узкий, а так все норм.",OK
"Fine product.Fine seller
Great thanks !
You get exactly what you pay for really really like. thanks",OK
"на рост 172 см джинсы коротки(, но товар хорош), чуть великоваты в бедрах, но не критично",OK
"рукова оказались коротковаты слегка, и сама кофта коротковата.  хотя по объему села хорошо.  торчало пару ниток (не страшно).  продовец положил в подарок резину.  на все вопросы отвечал.  заказ пришел быстро спасибо)",OK
"Все отлично, на 10-12 лет как раз. Спасибо.",OK
заказ до СПб пришел очень быстро! Качество товара просто замечательное! вместилась очень большая грудь),OK
Дошло быстро соответствует,OK
"качество отличное!нитки не торчат,все швы аккуратные,ткань плотная.мне очень понравились.цвет как на фото!
с продавцом не общалась,т.к. товар отправили быстро и пришел в Москву за 2,5 недели.",OK
Очень теплый и мягкий шарф. Доставка больше месяца.,OK
"очень хорошие трусики. На 44 российский М идеально подошел.  Цвет яркий, как на фото. Шла посылка около месяца, трек отслеживался.",OK
"Моя 4 покупка в этом магазине, прекрасное качество и быстрая доставка. На ог 86 от 67 брала размер S. Все подошло ",OK
"Спасибо большое, все как на картинке. Пришло быстро, посылка отслеживается ",OK
"Внутри не флис, а трикотаж. В остальном все хорошо.",OK
"на размер 44-46 рост 171 и вес 58 заказала размер XL. подошло идеально. спасибо продавцу за помощ в выборе размера. куртка оверсайз, поэтому не ждите, что куртка будет по фигуре. плечи на месте. куртка очень приятная - по материалу, фурнитуре. продавец очень отзывчивый, быстро отвечает на все вопросы, помогает. посылка пришла за 1.5 недели до СПб. посылка отслеживалась, а также и продавец информировал где и куда она пришла. я очень довольна и покупкой и продавцом. спасибо! к покупке однозначно рекомендую.",OK
"Рубашка подошла идеально, по размеру. Только шли долго, я даже хотела открыть спор. Но продавец был общительный и убедителен. За это ему и спасибо. Материал плотный, как раз на зиму в офис, по длине идеально, чтобы не вылазить из-за пояса ничего. Рекомендую! ",OK
"Размер взяла М, но платье на размер L, не меньше",OK
"Куртка отличная! Села идеально по фигуре. Не обтягивает, но при этом под неё помещается средней толщины свитер. Цвет очень красивый. Нитки нигде не висят, прошито качественно. Плечевые швы - на месте, длина рукава - в самый раз.  Капюшон оригинальный - когда отложен, кажется, что под ним воротник - стойка, хотя воротника нет). Продавец очень вежливый и общительный. В посылку положил приятный сюрпризик - резиночку для волос. Спасибо ему! На рост 170 и вес 51 заказывала L. Товар рекомендую. И скорость доставки нынче порадовала. Раньше ждала посылки по 2 месяца, а в этот раз заказала 25.09., а получила 17.10.",OK
"Nice,thanks",OK
"Отличный продавец.... по ошибке заказала 2 костюма одинаковых, продавец помог вернуть деньги, на все вопросы отвечал оперативно. Рекомендую этот магазин.",OK
"Пижама пришла быстро,без каких-либо нареканий.Это конечно, не шелк,синтетика чистая, немного липнет к телу майка,но никак не мешает. очень красивый насыщенный цвет. в общем довольна,за такие рубли относить с одним удовольствием. Брала размер L на свой российский 42-44.",OK
"Мне понравился , очень милый лиф. Подходит для маленькой груди , большая не красиво будет ...",OK
"Неплохие чулочки. Пришли быстро. На 38 размер ноги нормально. В ляжках 50см чуток маловаты, но думаю растянутся.",OK
качество супер. рекомендую)),OK
5+,OK
"Быстрая доставка, хорошее качество, по размеру. Советую, спасибо",OK
"Пришли очень быстро. Качественно сшиты, продавец общительный, молодец, отправил быстро. Сразу ткань показалась колкой, но после стирки всё прошло, они очень мягкие. Для дома самый раз.",OK
"Пришло за пару недель, довольна.",OK
"Супер, отличная кофта и размер подходящий.",OK
"Хорошее качество, маленькие",OK
"Шапочка шла 1,5 месяца, плотненькая на зиму взрослому с копюшоном пойдет, ушки стоят. Вообщем понравилась. рекомендую.",OK
Отличный товар,OK
"Блузка яркая,красивая, как на картинке, брала маме 5 ХL, села идеально,блузка хлопок.На весну самое то.Доставка до Москвы быстрая.Спасибо продавцу.5++++++++++",OK
"Легкая и свободная. М на 96-82-99 села отлично, доставка меньше месяца",OK
Рекомендую! Платье очень понравилось. Спасибо!,OK
хорошего качества. немного короткие,OK
"на девочку 12 лет немного длинновато , рост 150 , вес 35 кг . Качество хорошее  , ткань плотная , продавца рекомендую.",OK
"Хорошее качество,этот магазин просто находка",OK
"в целом хорошо, но у меня отклеивается",OK
"Дочке подошёл размер M, на русский 40-42, вес 52кг, рост 162",OK
"Отличный свитер, своих денег стоит. Материал мягкий, приятный к телу. Белый цвет слегка просвечивает, лучше надевать маечку под низ. Скорее он даже не белый, а цвет слоновой кости. На рост 175 и пареметры 90-65-105 села хорошо. Чуть-чуть коротковаты рукава, но в глаза не бросается, прям буквально был бы лишний сантиметр, было бы шикарно.
С продавцом не общалась, товар прибыл в течении 2-х недель, что очень быстро.",OK
"Отличное качество!Покупайте,не пожалеете! Плотные,думаю затяжку будет поставить сложно. Держаться благодаря силикону хорошо,даже без подтяжек спадать не будут!",OK
"хорошая водолазка, максимум 48 размер",OK
"штаны хорошие, пришли быстро.  Спасибо",OK
"на 44 размер и  75 В в самый раз качество хорошее, отслеживался через мобильное приложение с оповещением",OK
"ночная рубашка хорошая, но маломерит",OK
"Красивое платье,качественный пошив, теплое. Очень довольна. Размер L подошёл на (46-48). Спасибо!",OK
"Футболка отличная, трек отслеживался на всем пути. Доставка заняла 10 дней с момента отправки, что очень порадовало. На свой 46 размер заказала xl, великовата в плечах, но это не страшно. В след раз закажу l, думаю будет в самый раз. В подарок продавец положил милую резиночку, за что ему спасибо",OK
"Куртка крутая,размеру соответствует,жду-недождусь весны,чтобы одеть её!",OK
"Хорошая блузка, не короткая, ткань - очень матовый шифон. Полупрозрачная, но с бежевым бельем подходит и для работы. XL идет на русский 46-48, сидит свободно. Нитки не торчат, швы хорошо обработаны. Доставка до Волгограда 2 месяца, продавец сам дважды продлял защиту.",OK
"Классная, просто классная! Заказывайте смело, замечательная майка! Посылка дошла за две недели, отслеживалась. 10 звезд!",OK
спасибо. быстро пришло.все понравилось. на 50 размер хл супер!,OK
"Заказ пришел очень быстро, за 14 дней до Саратова. Топ замечательный. Покупала все согласно размерной сетке, все подошло идеально.",OK
Обычный вязанный кардиган. Для 42-44 российского размера он великоват. А так все отлично. ,OK
Все как всегда отлично!   И качество превосходное! ,OK
"синтетика,на 42-44 м облипляет.да на большую грудь красиво будет наверное)",OK
2 недели до Уфы. беру уже третий раз. жена в восторге,OK
Брала на полненькую девочку 8 лет подошли. Рост 140  вес 42. Качество хорошее!,OK
"Платье очень красивое, полностью соответствует описанию.",OK
"качество порадовало, оказалась намного больше чем голубая рубашка. но в принцепи сойдет",OK
"Платье красивое, мне очень понравилось! Присоединяюсь ко всем положительным отзывам! Огромное спасибо продавцу!",OK
"Маленький он мне на мой 46 размер, оооочень маленький.",OK
"Сыпется, на озвученный размер тесно.",OK
Просвечивают...капец . Заказала 11.11 получила 25.11 очень быстро,OK
Юбка выглядит очень дёшево. Тянется плохо. Ткань как будто дубовая и топорщится некрасиво. Она скорее на размер 42-44,OK
заказ не отслеживается пришло за месяц обработка чашачек не очень быстро все расползется,OK
"товар не был получен,поэтому ничего конкретного сказать не могу",OK
"Носки отличные, но доставка просто ужас, шло больше 2 месяцев",OK
сильно маломерит.,OK
"Заказала 13.09, получила 2.10, доставка быстрая, легинсы приятные к телу, яркие, тянутся, мне большеватые оказались на бедра 92, хотелось бы меньше на пару размеров. Ну и о грустном, одна штанина длиннее другой на 3 см, продавцу написала, ответил, что все в норме. Продавец положил подарочек. Смотрите фото, судите сами.",OK
"Размер 5xl по ог 100 см вместо заявленых 106 см. По длине в самом длинном месте едва дотягивает до указанных 57. На мой рост рукава едва достают до запястья. Через спор вернула большую часть денег. Продавец до последнего упорствовал, что это ошибки измерения (3-6 см!!!) и предлагал символическую сумму в 8 usd. Сама искусственная кожа очень приятная, пошито нормально, не тяжелая",OK
"дошло за 14 дней, не вскрывала, ибо это подарок. но мне кажется сделано довольно таки хорошо, надпись очень хорошо напечатана",OK
"Сидит юбка некрасиво, хотя фигура вполне стандартная - 42 размер. на теле эффект сильно растянутой вещи. Даже не знаю, как ее приладить и как переделать, чтобы был толк.",OK
"Мне не повезло с пуховиком.Да яркий красивый,но пошив просто ужас!Из отстрочки,оз швов в пяти местах (это по всему пуховику )торчали нитки !причём пытаясь завязать их,чтоб дальше не расползалось,поняла что имею обратный эффект!строчка начала распускаться,Чтоб не расстраивать ребёнка решила оставить,но понятно что не чистку ни стирку он точно не переживёт.А насчёт доставки ,быстро пришло",OK
"получила,думала будет как влитой,а нет, штаны чуть больше моего роста,кофта тоже, придется ушивать,за такие деньги у нас в Питере не купишь",OK
Материал красится ! Все белье Постельное стало чёрным!,OK
"Товар был быстро отправлен. Посылка отслеживалась всю дорогу и вовремя прибыла. Товар аккуратно упакован, имеет слабый заводской запах. Рубашка высокого качества, хорошие швы и застежки,  НО...
Внимательно посмотрела размерную линейку предоставленную продавцом, выбрала свои параметры даже с запасом и заказала. Рубашка микроскопическая!
То есть в плечах нормально, но в груди узко, не смотря на то что я не обладаю пышными формами и в размерной линейке предоставленной продавцом в груди на 6 см. больше чем я имею. Рукава нормально по длине, но узки, их невозможно закатать! Да на кого ее шили?! Может только мне так не повезло? Остальные покупатели пишут  ""по размеру"" Ну и короткая рубашка.
Мне жаль, но покупкой я не довольна",OK
"ткань - неплохая,  сшито криво. до Екб шло 42 дня.",OK
Совсем не понравились. Скатываются на животе.,OK
"Само платье неплохое,но р -р L не соответствует,только только на 42,я расстроена ",OK
"Товар к сожалению не пришел, но средства вернули",OK
"Пришел заказ в течении трех недель. Трек отслеживался. Цвет свитера скорее горчичный, чем желтый, не колючий. Но качество товара не порадовало. Швы обработаны плохо, нитки торчат. Размер на 44, объем груди 90 - маловат, рукава короткие. Горловина слишком широкая.",OK
"Товар пришёл довольно быстро, заказывала s размер, мне широковато по сравнению с фото. Качество соответствует цене, в принципе довольна. ",OK
Приятный на ощупь. Хорошие цвета. Доставлено быстро. Но с размером проблема. Великоват для S размера. Особенно спина.,OK
"Ткань не особо приятная, но а так неплохо",OK
очень тонкая синтетика. Рукав сшит неровно. Изнутри небольшой начес. Хлопка там нет ни грамма. Сплошной синтетический материал. В рукавах маловат. Разочарована.,OK
"Товар заявлен как осенняя блуза, на самом деле - тонкий трикотаж как на дешевых майках, для очень жаркого летнего дня. Низ обработан не тонко как на фото, а очень широким рубцом, из-за этого сильно топорщится и собирается, особенно по бокам!",OK
"Больше похож на кофту, чем на кардиган. Длина до середины бедра ",OK
Кофта очень короткая.,OK
Платья как клеенка,OK
Это именно платье-свитер. Коротковато и широковато. Не понравилось ткань -колючая.,OK
вид шапки так себе не советую брать.,OK
размер конечно маломерит+На  девушку 170 сама выше пупка. это смотрится отнють не так как бы хотелось. запах присутствует.  Качество явная синтетика с чем то скользит. НЕ рекомендую,OK
Заказ пришёл довольно быстро (примерно за месяц). Но для размера S мне кажется великовато... По качеству все замечательно.,OK
"Футболочка тоненькая,серо-голубая.почти прямая, не длинная на рос 165.",OK
"Я прошу прощения, но материал штанов - не хлопок, а синтетика. А в описании написано хлопок. Вот это мне не понравилось. В остальном похоже на описание.",OK
"Ткань совсем убогая, сшито криво, не сидит вообще. Плечи на 5ти летнюю девочку, в середине широкая. В общем уродливая вещь, не рекомендую.",OK
Нормально ,OK
Рукава короткие ,OK
"Майка на меня увы  не села. (лямки короткие, майка задирается). Пришла целая, запаха почти нет, все швы вроде нормально прошиты.",OK
"Футболка огромного размера ,качество не то,что указанно на картинке.не соответствует.",OK
ткань очень плохая,OK
"Не стоит заказывать, кусок ткани да и все, рюши рюшами не назвать, что пришито да и все и размер не соответствует, товар не отслуживался ",OK
качество ткани сравнимо с дешёвой футболкой и нет затёжки как у боди,OK
"Доставка - 3 недели. Все хорошо, и цвет, и качество, НО, размеры немного не совпадают. Маленький, нужно заказывать на размер больше. Для меня получились выкинутые деньги, авось кому-нибудь подарю.",OK
"кофта как на фото, но на воротника дырка шов разошелся ,это конечно легко исправить но обидно, за это снела звездочки",OK
"Хлопка в составе ткани нет и в помине, цвет вообще не соответствует описанию, вместо светло-голубого пришёл бирюзовый. Качество пошива на ""3"". Я очень расстроена. На фото намного лучше выглядит.Не рекомендую. Ещё и шло месяц.",OK
качество материала хотелось бы получше. на фото выглядит лучше чем в реальности.,OK
"качество вообще не такое как на фото, не довольна...",OK
"Ткань тонкая,я думала будет теплее.а так норм,размер s на 42-44 подошёл и сидит свободно.и с продавцом я не общалась",OK
"Платье не знаешь как одеть, если одеть как в описании,то спереди шишь поймешь что это, моя грудь 3 размера исчезает, как будто ее специально перетянули.Ну а если одеть наоборот ,то сидит отлично,НО попа остается голой, а спереди до щеколоток.Хочу попробовать из платья,хотя бы туничку,жалко выбросить,качество ткани отличное.Мне сделали 400руб возврат,так что буду дерзать.",OK
"толстовка неплохая, теплая. по фигуре села просто на 5, но проблема в качестве ткани. после первого дня носки, стали образовываться катышки, от этого изделие стало выглядеть непривлекательно.",OK
"Сорочка красивая, цвет очень понравился,  доставка супербыстрая - заказала 4.1.18 и получила 13.1.18, брала размер L на 98-80-110, по размеру нареканий нет. Но на сорочке обнаружилось какое-то маслянистое пятно. Заказывала как подарок, а дарить с пятном вообще как-то не комильфо. В общем, расстроилась. Надеюсь, отстирается.",OK
"заказ доставлен очень быстро,даже не ожидала.Кофта подошла по размеру,мой российский 42,швы не качественные,торчат,в нескольких местах прям дыры,зашивать придется....ожидала лучшего.",OK
"Кофта маломерка, полное несоответствие размерной сетки",OK
трек не отслеживается по России,OK
"Маломерят, но качество мне нравится",OK
"Есть дефекты: очень кривые швы, торчащие нитки. Носить можно. 38 дней доставки до СПб.",OK
"Вонь ужасная , на 42-44 берите xl, l маловаты все таки , мои все в трещинах каких то, шли два месяца ровно , разочарована ",OK
очень маломерит. где то на размер  s(44),OK
"Добрый день. Платье на фото понравилось, выглядит ярко, ткань на стрейч совсем не похожа. Думала, вот в чем встречу новый год! Начиталась отзывов, что все супер, размеры и т. д.... По факту на свой 48 заказала (L - по отзывам) сидит как сосиска в обтяжку, материал стрейч ,и там где грудь и попа....материал растянулся и - это просто ужас.... Я так понимаю, что шьют прям перед отправкой и лепят размерный ряд вслепую.....",OK
они очень маломерят!,OK
"xl нам 46 МАЛ! конечно, надевается и тянется, но выглядит безобразно! на рост 160 рукава только только. Вывод - худым очень и не выше 160 как раз, так как качество нормальное. синтетика.",OK
"как раз, красивая. сплошная синтетика, не приятно к телу",OK
"Блузка на твердую 3. Материал тонкая синтетика с хб, новая уже с катышками, вышивка выполнена с браком, и прикреплена к футболке плохо. Сильный брак  -  это дырка на спине и стрелка. Носить только дома или на дачу. Доставка оооочень долгая, но плюс то, что принесли домой. Спор открывать не стала.",OK
"Лосины плотные, но размер непонятный. На рост 175 и вес 65 заказала М, оказались очень короткие, а в бедрах свободные.",OK
Ужасное качество и очень сильно маломерит. Больше ни когда не закажу . До Екатеринбурга шла два месяца,OK
Просвечивает и маленькая,OK
модель немного не соответствует. рисунок на рукаве должен быть несколько смещен вниз! а мне пришла кофта с рисунком во весь рукав. оригинальность потерялась .,OK
"нитки висели, но за такую цену норм.",OK
"Товар не пришёл, спустя 4 месяца. Возможно вина почты! Но продавец не хотел возвращать деньги. ",OK
"очень не понимаю восторга от свитера, Вязка рыхлая, и смотрится дёшево. на Ог 100 талии 78 Заказала хл, очень большой, особенно рукава на полные руки. Весит как оверсайз добавляя  в лишние кг. Продавец не какого совета по поводу размера, и товар отправили очень долго",OK
"не очень приятная резинка, белые на стопе, хороший рисунок, но блеклый.",OK
"Штанишки лёгкие, но не прозрачные. Буквы нанесены очень плохого качества. Только надела, они уже потрескались. Даже страшно стирать",OK
"Качество нормальное, но маломерка. 4XL на рус.56-58 не подошёл.",OK
заказывайте на 4 размера больше. 3xl  окпзалось мало на русский 50. ткань хорошая. кружево тоже,OK
"Неплохо , но цена ей 150 рублей , с не триста и Болие . А так на , на четыре с натяжкой .",OK
"качество оставляет желать лучшего, швы кривые, маленькая дырочками на отвороте, длина на любителя.",OK
"купила здесь две рубашки, обе s размера, одна из них мала оказалась, хотя они идентичны друг другу...",OK
"платье соответствует размеру.  пошив аккуратный,  Но блестки отваливаются  и есть плешены.  Везде торчит леска.",OK
"Узлы на рукавах распущены , свитер очень короткий и не соответствует размеру . Рукава короткие ",OK
"Майка норм, небольшой запах. Заказала  не тот цвет, просила поменять, продавец сказал ""Ок"" и выслал неправильный цвет. Майку рекомендую, продавца - нет.",OK
"Пришел сарафан довольно быстро за 3 недели, что очень порадовало, на этом вся радость закончилась! Качество оставляет желать лучшего, материал выглядит как дешевый атлас, сильно электризуется и липнет к телу. Кое где торчат нитки, присутствует неприятный запах, и самое главное как-то он не правильно раскроен наверное. В общем выглядит очень дешево и неприглядно, на мой взгляд. Цена конечно около 500 р, но на этом сайте были более удачные покупки за такую сумму) Для S очень большой. К сервису претензий нет)",OK
"Очень, очень  маломерит. Размер 3ХХХL по данным продавца ОГ-110см, по факту-96. Очень расстроилась.",OK
"На вес 75 кг жилет XXXL оказался мал,даже не запахнулся хоть немного.отправляли долго,но доставка быстрая..недели три всего.",OK
"Качество хорошое, но размерная сетка приврала. был заказан размер L, а по факту размер L-XL. оказались большиваты",OK
"цвет не как на картинке, вместо "" розовой пыли"" , "" молодой поросёнок"". На рост 170 коротковато.  чтобы оголить плечё, нужно быть  ну очень худым.с продавцом не общалась.Модель для очень худых! Есть запах.",OK
"Футболка так себе горловина и проймы узкие, хотя сама футболка широкая, ношу 40-42 взяла S сидит свободно как и ожидалось но мне в ней не комфортно тк в рукавах и в груди при движении тянет подмышками складки и под горлом немного сборит. Ткань не эластичная среднего качества, ворот не трикотажный а просто подогнутый в двое. Удивило что на футболке не было никаких бирок даже бумажной. Прод тянул с отправкой две недели дал трек который не двигался дальше регистрации потом изменил на другой при этом никак не предупредил о задержке. Не скажу что ужасно с виду смотрится не плохо но знала б все эти моменты не купила бы",OK
штаны оказались малы,OK
Рубашка не такая как на фото! Разошлась при первом же ношении. Выкинула деньги. Очень жалко! Плохой товар,OK
"Заказ шёл до Омска 28 дней. Куртка вроде бы неплохая, швы аккуратные, нитки не торчат, но мне не понравилось расположение кнопок - на груди расстояние между ними большое (явно пропущена как минимум одна), а внизу расстояние между ними нормальное. НО! Внизу нет последней, скрепляющей полы кнопки и они остаются распахнутыми как у пальто или плаща. Будет холодновато зимой, а это большой минус для зимней куртки. Так что с кнопками надо что-то делать, это проблема, а запасных, естественно, нет. Нужны две - одна в район груди и одна вниз, придется искать, отдавать в работу, а хотелось получить товар не требующий дополнительных вложений, времени на поиски приемлемых вариантов. Так что несмотря на подошедший по размеру товар (на рос. размер 52-54 взяла 5XL, на рост 169 длина рукавов и самой куртки меня устроили), в целом я разочарована! С продавцом не общалась.",OK
Перед отправкой товаров необходимо проверять качество.,OK
"заказывала два платья сразу. продавец прислал только одно. спасибо и на этом. зато очень быстро. за неделю до СПб. на сообщения не отвечал,только после того как открыла спор. и то предложил его закрыть.
розовое платье широкое на XS-S.",OK
не соответсвует описанию,OK
качество так себе...больше на лосины похожи,OK
"Материал очень тонкий, и не очень хорошего качества. Подойдёт только как ночнушка разве что  ",OK
"Ехала три недели. Тонкая. До +5 не больше. Жидкая и хлипкая. Воротник так не стоит. Карманы это просто намек, даже не открывайте их. Оставила для прогулок с собакой, в ""люди"" не пойдешьв такой",OK
одни из трусиков оказались с большой дыркой!,OK
Заказала два в один день до того как продавец отправил попросила положить в один заказ. Продавец этого не сделал. Ещё попросила упаковать получше чтобы не помялось.этого продавец тоже не сделал. Трек не отслеживался. И в итоге я получила пока только один лив причём тот который заказала на пару часов позже. Как то странно. Надеюсь второй тоже придёт. На счёт размере дополню отзыв позже.,OK
заказала Эльку на 46-48.подошел отлично.есть брак-это не пришитая петелька для пояса и дырочка на трусиках.за это снижаю звёзды.,OK
"Короче, чем на картинке",OK
Размер маленький,OK
как написали ниже. носить только дома(((,OK
"ТОЛЬКО ТКАНИ РЕШИЛИ С ЭКОНОМИТЬ ОЧЕНЬ УЗКИЕ ,НОГУ ОБТЯГИВАЮТ КАК КОЛБАСУ ТЕСЬМА РАЗДЕЛЯЕТ НА НЕСКОЛЬКО ЧАСТЕЙ,  Я РАССЧИТЫВАЛА  ЧТО  ТКАНЬ БУДЕТ ТРИКОТАЖНОЙ И БОЛЬШЕ СТРЕЙЧ, ТАНЦЕВАТЬ В НИХ НЕЛЬЗЯ , ТОЛЬКО ХОДИТЬ-ТУДА-СЮДА,..... ОЧЕНЬ ЖАЛЬ  И БРЮКИ КОРОТКОВАТЫ, БЕЛЫЕ НА РАЗМЕР МЕНЬШЕ ЧЕМ ЧЕРНЫЕ, НЕ ЗАСТЕГИВАЮТСЯ,,МОЛНИЯ ОЧЕНЬ ТУГАЯ,  ХОТЯ РАЗМЕР ЗАКАЗЫВАЛА ОДИН, --ПЛОХО",OK
"маловаты штанишки, заказывайте на размер больше своего",OK
"заказывала xl, а сшито как на xs.",OK
"30 р малы на об97. надела, сесть невозможно, берите больше. состав хлопок",OK
"Смотрится дешево,  не как на фото, перья не густые и у многих залом формы",OK
"ставлю три звезды,потому что выслали не тот фасон какой я заказала,но доставка быстрая и трек отслеживался",OK
"Пижама окрасилась  пока дошла ,кофта нормального размера ,а штаны немного маловаты ,заказ очень быстро пришёл ",OK
Порван карман,OK
"К качеству товара претензии нет. швы ровные,нитки не торчат. единственное резинка не зафиксирована. материал синтетика.ставлю 3 потому ,что отвратительно сидят на фигуре. сзади все морщится. на улицу в них не выйду ,остаётся носить дома((( жаль",OK
"Заказ не пришёл, заказывала два раза, ни в первый, ни во второй не пришел. Ждала по 3-4 месяца. Продавец долго не хотел отдавать деньги",OK
"Товар сшит неизвестно на кого. При том что нет молний и пуговиц, надевать нужно через разрез на спине и длина изделия оказалась настолько короткой что одеть изделие на шею невозможно. Горловина сама по себе очень широкая и будет болтаться. Рукава также очень широкие и не обтянут руки. ",OK
"Не понравились. Талия занижена, впереди собирается и топорщится. Не знаю как надеть. Карманы шелестят как бумага",OK
"шел чуть больше месяца,ткань приятная.верх подошёл идеально,а вот низ несуразный слишком короткие трусы",OK
Полиняло((  при первой же стирки,OK
"Это катастрофа... Заказ был отправлен в последний день, так ещё и продавец отвечает только через несколько дней. Само платье сидит как мешок, в плечах тянет, на груди расходится. Что с ним можно сделать, понятия не имею...",OK
"Не очень качество, заказывала у другого продавца и там действительно понравилось . А тут так себе",OK
"Сидит странно. Сзади образуется пузырь, хотя по плечам как раз. Расширяется к низу. Носить не смогу. Параметры 87-78-98, заказала М. Пошив нормальный, кнопки вроде крепко посажены. Тонкое, на просвет виден как распределен наполнитель, немного неравномерно. Расстроена. Крой странный, наверное вытачки помогут.",OK
Почему написано - хлопок ?? Когда это синтетика !! Ужасно. Ударяет статическим током. Цена -1005 руб.,OK
Ожидала лучшее.,OK
Не тот цвет прислали,OK
к сожалению блузка совсем не так выглядит как на фото..может быть в черном цвете и получше будет но не советую...ткань совсем не та что на картинке.,OK
"Качество ткани нормальное, но сама по себе ткань очень не плотная и сзади сильно просвечивает, плюс длина очень большая, идеально подойдёт для высоких",OK
"качество среднее - тонкая вязка, не факт, что переживет стирку. цвет немного отличается. но цена, конечно, смешная, так что в целом норм.",OK
"Качество синтетика, хотелось бы и получше)",OK
the order was coming too slow,OK
ерунда,OK
"очень велико,ошиблась с размером и длинновато не как на картинке,очень жаль конечно,но спасибо хоть пришло",OK
Рукава очень короткие ,OK
покупала 2 трусов вернули деньги за одни....ничего не прислали,OK
"размер больше чем заявлено, сама толстовка очень, тонкая, как водолазка.",OK
"Заказывала зелёный костюм размер М, короткие рукава, штаны тоже короткие, выше щиколотки. Сзади какое то чёрное пятно. Если присмотреться то видно. После стирки не исчезло.Думаю если заказала на размер больше длиннее ни рукава ни штаны небыли.",OK
"Заказ шел месяц. Толстовка оказалась велика. На 54 рост 164 -- весит мешком, рукава закрывают кисть полностью., да и окружность манжеты велика. Молния изделию не подходит -- слишком тонкая и вшита не очень, сборит. Подборт не прикреплён и мешает молнии застёгиваться. ",OK
"Поставила три звезды только за то что цветопередача фото неудачная ,заказала две разные модели ,думала что это бежевый и серый но не как не розовый,по факта пришли обе одинакового цвета,качество все хорошо  ,доставка быстрая ,но вот только из за цвета расстроилась(",OK
"Размер нормально, но ооочень долгая доставка.",OK
"Не пришла посылка, но деньги вернули",OK
"Материал сильно мнется,",OK
Товар соответствует описанию) но на хs размер большой и висит.,OK
"Спасибо за своевременную поставку моего заказа, но , очень расстроилась, что блузка мне не подходит по размеру, маловата. Мерки снимала точно, вроде бы ошибиться не могла, теперь придётся подарить дочери на Новый год, если ей понравится.",OK
"костюм хорошего качества, но ОЧЕНЬ МАЛЕНьКиЙ!!!!      XL на XXS максимум. Очень разочарована.",OK
"тонкие,не такие,как на картинке",OK
"Отстой, очень-очень большая, вязка не плотная, просвечивпется(( Основная проблема конечно размер. Я на 5 месяце беременности и она на меня огромная!!!!",OK
"Товар не пришел, но деньги вернули.",OK
Качество ужасно. Ткань не такая какие фото ,OK
"заказ вовремя не пришёл .доставка была платная. задержка заказа почти 2 недели. Но куртка пойдёт для её цены норм.Просила продавца вернуть деньги за доставку,но на все один ответ- ждите заказ в пути.",OK
"Ну что сказать?смотри сами...доставка больше месяца по распродаже брала почти за 800р,увидев в реале очень пожалела...за эту цену на распродаже можно в масс маркетах купить гораздо лучше.самый большой размер на 50 русский сидит не в обтяг но и не свободно.ужасные нитки изнутри и швы,и снаружи тоже что неприятно.Не Рекомендую данный товар.",OK
"Размер маленький, не совпадает с выбранным.",OK
"Посылка не пришла, деньги вернули.",OK
"Товар пришел быстро. Трек отслеживался. По размеру s на российский 42 подошёл хорошо. Разочаровало качество - местами брак в вязке, торчат нитки, не проработаны швы. Придется дорабатывать.",OK
материал тонкий висит как мешок знала бы не взяла.,OK
"ужасные. наверно самый плохой мой заказ,а продавец ещё и наврал, я у него спросила ""точно они широкие придут?"" она ответил""да"" но в итоге они пришли в облипку. доставка быстрая конечно ,12 дней,но тавар ужасный. не советую.",OK
"юбка хорошая, теплая. но было оторвано 3 петельки для ремня и катышки.",OK
"курта пришла ужасно упакована,очень мятая,размер не подошел,заказывали XXL только только на 46 размер,продавец положил подарок 2 резиночки",OK
"Леггинсы пришли быстро. И на этом плюсы закончились. Очень их хотела, начитавшись положительных отзывов. Но! Они пришли с дырой. Исключительно верхней части, которая как капрон расползается. Упаковка была целая, значит их такими отправили. Продавец на мои недовольства предложил скидку на следующий заказ!!! На этом диалог    был окончен. Настроение испорчено. Деньги, хоть и не большие, выкинуты на ветер. С дырой ничего не сделать, на самом видном месте.",OK
"Срок поставки больше двух месяцев , брак ( на фото)",OK
"пошито не качественно. воротник задом на перед ( шов который должен быть сзади оказался спереди). проймы широкие, пузырятся, рукава длинные. перед вздернут, а зад висит. на бедрах "" уши"". видно для очень широких бедер. и размер не соответствует. мне большое xl. ( 162, 72, грудь 104, бедра 103). попробую перешить. доставка быстрая 12 дней. с продавцом не общалась.",OK
"В общем неплохой кардиган,но по отзывам ожидала лучшего качества,нитки торчат(я их конечно убиру),немного колючий(может после стирки станет мягче),карманы внутри не оверлочены,со временем нитки поползут.запах небольшой есть,но не критично.на российский 42 хорошо,рукава впритык.доставка быстрая.",OK
Не соответствует описанию! Ворот не такой как на картинке. Придётся перешивать! Спасибо за подарки!,OK
"Маломерки, не подошла по размеру.",OK
спасибо,OK
"ткань не джинсовая, а обычная бязь, запах химический от изделия сильный,размер очень большой- 3 XL аж на 54-56 российский",OK
"Заказала размер xl согласно их размерной линейки и утонула, на 3 размера больше",OK
"к сожалению ткань такая противная, тонкая. но одеть один раз на фотоссесию можно",OK
"4хл на 52 размер. можно и на 54 натянуть, но сильно борит( как сидит не понравилась.",OK
"Качество материала не соответствует цене. Синтетика, не очень приятно.",OK
"Носочки хорошие, приятные, качественные. Купила за 38 рублей без всяких акций. Хотела заказать ещё, но 11.11 они стоят 58 рублей уже со скидкой. Вот за этот дуреж ставлю 3.",OK
Свитерок не понятного фасона))) Широкий и короткий. Узкие рукава. Запах не выветривается после стирки.  Полностью переделывала его. Брала с купоном на распродаже. По полной стоимости не взяла бы. Не советую.,OK
"качество не на высоте, я обычно ношу 27р,т.к с начесом заказала 28. еле влезла в ногах,спереди торчит. при стандартном росте 165,по длине не хватает сантиметров 10. на фото продавца они по щиколотку. доставка стандартная",OK
размер не соответствует действительности.,OK
"Рзмер не соответствует .Мой размер L-XL но я заказала 2XL, но размер мал.  Открою спор.",OK
"Качество нормально. А вот шло ооочень долго , куртка не плохая , все равно рекомендую, но оценки снизила !",OK
"обидно,не успела прикрепить цепочку к
 платью,звенья порвались.Качество платье хорошее,но опасно выходить в такой куда либо боясь что они порвуться и голая останешься.Модно думаю придумать что то другое вместо цепей",OK
"Чулки не подошли. Очень жаль. Совсем маленькие для меня. Так что, полные женщины, это товар не для нас!! Не особо тянутся, резинка не держит совсем. Даже если с поясом использовать мои ляжки вываливаются и выглядит это ужасно.... Сам по себе товар не плохой, но не для больших женщин!",OK
"Блузкa очень приятная к телу,на мой размер 46-48 заказывала XXL,размер подошел под низ можно одеть еще маечку.Только огорчил срок доставки,заказала 10 ноября 2017,а пришел заказ только 4 января 2018,почти 2 месяца ждала заказ.Планировала получить блузку до Нового года.",OK
"Было не указанно, что джинсы маломерят на размер. Заказала М , в итоге малы и короткие! Шли месяц. ",OK
не подошел размер,OK
"Приятная ткань
Торчат нитки
Шла около месяца до Сибири",OK
"Платье синтетическое, тонкое, но соответствует фото. ",OK
Качество юбки хорошее. Доставка быстрая. Но!!!! Продавец положил НЕ ТОТ ЦВЕТ!!!!! ,OK
"Крой не профессиональный:ворот торчит,складки на спине с пере тянутой тканью,пере кошено в нескольких местах.Цена не соответствует качеству пошива.Кто шил -тот не понимает в крое.САМОДЕЛКА плохого качества. Три звезды даже не заслуживает.",OK
на 46р катастрофически мала будет хорошо  на русский 40 либо европейский 34. боковой шов находится на спинке растягивать такую ткань некрасиво хотела взять в другом цвете  но хорошо что дождалась эту.,OK
рукава нормальные вроде..но узкие . передавливает все руки. хотя я вешу 45кг..руки худые !  расстроилась,OK
"Заказ шел почти 1.5 месяца.  Пришли носки другого цвета не те, которые выбирал. Продавец изменил способ доставки на другой. Хотя изначально я выбирал aliexpress saver shipping,потому что отправления данным способом мне приходят обычно за 14-18 дней. Вообщем хорошо,что хоть заказ пришёл.",OK
Очень прозрачные,OK
"заказала ""М"" на рост 172, ог-90, от-78, об-89, влезла, талия завышена, по факту цветочный принт не белый с серым, как на фото и сидит конечно не так как на фото. может за эти деньги и нормально, конечно. доставка очень быстрая, недели две где-то, учитывая, что заказывала перед новым годом, если бы не новогодние праздники, то еще наверное быстрее пришел заказ. поэтому за доставку 5 звезд, а вот за сам товар 3!",OK
доставка очееееень долгая....3месяца пришлось ждать,OK
"Модные ,Но на 175 короткие!!",OK
"рубашка пришла, спасибо, но рукав воротки, ношу как 3/4",OK
"если честно, то куртка не очень. пошив отвратительный. совсем не понравилась.",OK
"Халатик секси, на свои денежки. Но внимание впереди не назапах, а так чуть сходится. Пожалели материала",OK
"платье неплохое,описание точное, цвет полностью совпадает,с продавцом не общалась, заказ сделала 28.11, получила 19.12, впринцепе быстро,была бы довольна посылкой если бы не омрачил достаточно заметный брак,расстроило сильно(((( и на самом видном месте...хотела заказать еще зеленое,теперь даже и не знаю..а стоит ли..вдруг такое же придет..",OK
неприятная синтетика на рукавах и спине.,OK
"Джемпер пришел с биркой Fatika.Длина рукава и изделия мне подошла,но вот плечи...Явно шили на ребенка.Всегда заказываю S на Алике и никогда не промахивалась,но здесь S идет как XS если не меньше.По отзывам поняла,что партии разные и все сшиты по-разному.Из плюсов:не плохое качество и мегабыстрая доставка.",OK
коротковаты рукова,OK
очень тонкая и очень холодная.  даже на холодную осень не пойдет.,OK
Очень маломерит.На ог 105 xl маленький. Качество хорошое .,OK
не в восторге. рукава очень узкие,OK
"Качество мне не понравилось. я еще не мерила, но думаю будет пылиться на полке!(",OK
"товар шел месяц, не отслеживался и пришел под другим номером, на сорочке одна лямка не пришита, нитки торчат, качество на 3.",OK
"товар так и не пришел (((,но продавец молодец несколько раз продлевал защиту и всегда был на связи.деньги вернули.",OK
"Хлопок, видимо, в составе есть, но синтетики больше. Маломерка",OK
"Не соответствует описанию. Как вскрыла пакет, 2 пуговицы отвалились. На мой рост 160 оно слишком длиное(( до колена. Висит",OK
на 44-46 максимум,OK
качество средненькое.,OK
"Заказывала размер S, оказался слишком велик. Сидит плохо, весит бесформленной тряпкой.",OK
"Платье узковато,хотя всегда заказываю M.Модель платья хорошая, но присутствует запах,торчат нитки,пуговицы при вскрытии пакета вывалились. Трек-номер не отслеживается.",OK
"ждала заказ 3 месяца, очень долго... Китай не виноват, что наша почта России работает с ""высокой скоростью"" :) заказ так и не пришёл...",OK
"ну рубашечка ничего такая, но голимая синтетика! но за такую цену... наверно неплохо",OK
"Среднее платье, ничего особенного не нужно ожидать от этого платья. Как водолазка на флисе длинная. Выделяет все достоинства и недостатки фигуры и нижнее белье и колготки. Такое платье подойдет девушкам с идеальной фигурой и на голое тело  На параметры 103-83-93 взяла L. После первого раза сразу же появились катышки на спине(сидела в кресле на работе). Если бы знала, что оно придет таким, (надеялась на трикотаж)  никогда бы не заказала. Лучше бы что-то другое купила на эти 500р, а так впустую выбросила.",OK
"Вместе кофты прислали майку, открыла спор, вернули частично деньги",OK
"Товар до Челябинска так и не дошёл,деньги вернули",OK
"Неплохо, качество норм, но размеры не понятные, карманы пришиты в разные стороны, хотя из-за них и покупала, пояс вообще огромный обрезать не решила поэтому в три оборота",OK
"карманы пришиты не на одном уровне, слишком длинные рукава",OK
"Ничего обычного. Хлопок, воротник разбабахан ,на слоновью шею, а в бедрах трещит по швам. Будет сильно мяться.",OK
очень неудобно,OK
"Блузку ждала больше двух месяцев. Пришла блузка маленькая на два размера меньше хотя маркировка L. Не смогла натянуть на себя ее. Очень расстроена. Блузка не плохая,  качество нормально за такую цену. Открыла спор вернули часть денег.",OK
"Размеры боди не пропорциональны. Длина по спине очень короткая. Я заказывала размер L, хотя ношу М, но в итоге в груди велико, а в длине - коротко. Вышивка красивая, смотрится эффектно. В итоге я решила перешить боди в топ))",OK
Заказывала платье на Новый год в ноябре. Месяц пролежала в Китае. Пришло в январе. Очень жаль. Теперь без надобности. Само платье хорошое.,OK
качество ужасное,OK
"Размер не соответствует заказала 5 xxxL, а на самом деле 2xxL",OK
"На фото выглядит по другому. На деле мешковатая неплотная ткань, присутствуют затяжки.",OK
"Кофта красивая, очень мягкая ткань и приятна к телу, но пришла с несколькими затяжками, что очень не приятно, так как на такой ткани они очень заметны:(",OK
"Товар не пришел, продавец не соглашался со спором , ждала 4 месяца ,Алиэкспресс добавили решение вернуть деньги .",OK
"Качество кофты оказалось очень низкое. Снаружи на ощупь дикая синтетика!!! изнутри мягкая слой синтетики (поприятнее). Возможно ходить в ней будет не комфортно. Размер подошел хорошо, сидит тоже нормально.. На свой 42, взяла м. Кого не смущает качество - смело берите!)",OK
no produkt!,OK
товар не пришел. деньги вернули,OK
размер не соответствует. узкая в рукавах,OK
"ношу размер маленький 38-40, взяла размер S оказался велик .,обьем груди 78",OK
"Очень сильно маломерят, берите размера на два больше. А так качество - синтетика, на раннюю весну само то.",OK
"размер 5xl  соответствует русскому 54 размеру. тонкий материал, на фото показался плотнее, выглядит простоватого, не очень соответствует описанию!",OK
"Заказываю штаны третий раз, все разы - XXL и все было отлично, а в этом заказе под маркером XXL пришла штаны прилично меньше предыдущих.",OK
Bad defect!,OK
"это тёплая кофта,но НЕ ПАЛЬТО!

рукава широкие у кистей,пуговицы пришиты не правильно,хлястики ,как сопли болтаются",OK
"Пояс не положили, нитки торчат",OK
"товар не пришел,  но продавец деньги вернул.",OK
очень короткая. от горловины длина 39 см.качество хорошее. носила бы с удовольствием если бы не длина. может только под. сарафан. мой рост 157.ог 96.L подходит.,OK
нормальные,OK
"очень маленькая, подошла только на 7-летнего ребенка, а так качество хорошее",OK
"Это уже третья футболка , две предидущие были отличного качества , а эта блестящая синтетика ",OK
Халат пришёл с жирным пятном. Деньги пока не вернули ,OK
"На фото смотрится объёмной, на самом деле маломерки - короткие рукава и по длине тоже.",OK
"За такие деньги полная ерунда. Короткая, пройма огромная. Выглядит на 100 рублей",OK
"Леггинсы хорошие. Рисунок точный. Имеются карманы. Я осталась не довольна, так как они блестят, на талии болтаются.",OK
"бронежилет для титек
так то всё вроде по описанию подходит, но носить невозможно",OK
"очень маломерит! теперь платье лежит без надобности,зря потраченные деньги!",OK
малы,OK
оказался мал(( но качество вроде не плохое...,OK
"думала юбка будет хорошего качества, а оказалось, эта юбка этих денег не стоит)",OK
"идёт в размер, если хотите что бы было свободно как на фото нужно брать на размер больше, края ворота и руковов совершенно не как не обработаны ткань в этих местах крошится",OK
"качество очень тонкое,на фото лучше",OK
"Заказ был оформлен 19 Октября...Но продавец мой заказ отправил  другой город и другому продавцу...И он получил 11 Ноября.Ну как же так!?Почему такие невнимательные продавцы??????Пришлось вызвать спор,и продавец уговорил ,что они заново отправят мне мой заказ.Я согласилась(((( Повторное оформление было 9ноября и получила я  2 декабря,свою долгожданную кофточку. В целом ждала её 54 дня.
Заказала черного цвета xxxl-подошла хорошо на 54 российский размер.
Продавец общительный,на все мои смс отвечал...Это был второй заказ в том магазине,теперь и не знаю буду ли там заказывать или нет.За невнимание продавца снимаю 2**",OK
"Пижама мягкая, яркая, но пошив странный, матня высокая под грудь, штаны короткие, рукава у кофты короткие, брала xxl на 46 р. и рост 168, пижама мала(",OK
wery long sand time,OK
"Качество ткани не очень. Торчат какие-то мелкие  ниточки по ткани, как будто-то грязная вязка. Вырез горловины перекошен. Талия посажена выше, не пропорционально. В общем дешевая копия, того что на картинке. За 500рублей еще можно взять... но не дороже",OK
"1 гача штанов сшита криво - при носке выворачивается.
в целом качество очень хорошее.",OK
"Сами по себе колготки нормальные, но... На фото продавца явно другие колготки! Эти немного (совсем немного) просвечивают, имеют небольшой блеск и у них совсем нет флиса, как на фото у продавца.  Изнаночная сторона приятная, похожа на хлопок, но не флис. Плюс к этому две полосы на задней части немного тянут и создают небольшой дискомфорт.
В общем, качество у колготок нормальное, за исключением того, что представлены колготки другого типа.",OK
"Сама по себе блузка не плохая.но мне не повезло пришла грязная вся в крапинку.открыла спор,но его закрыли.пришла быстро за 2 недели.",OK
"такое дерьмо,просто нет слов",OK
"На мой рост 156 рукава КОРОТКИЕ! Представляете? Что же будет, если девушка высокая? Это уже футболка получится. Колется и запах ужасный!",OK
"На девушек с размером 40-42, если ваш размер больше то водолазка обтянет как барабан. Мой размер 46, сильно мало в подмышках. Швы наровные. ",OK
"товар не такой как на фото у продавца.
  Гипюр намного тоньше, на фотографии другой. дома ходить можно.  сама ткань очень тонкая, приятная на ощупь",OK
Лёгкий трикотаж.Похож на половую тряпку.Только на выброс.,OK
"Халат жёлтый,  а не бежевый,  да ещё и мал,  хотя другие вещи в этом  магазине  по размеру",OK
"Пришли как на ребёнка ,размеры несоответствуют ",OK
"Впервые решили заказать на Али экспресс. Сынишке очень понравилась толстовка с волками. Вот долгожданная пришла к нам в такую даль. Рисунок такой как на картинке. А вот качество. Думала материал из типа трикотажа, синтетика гольная, строчки кривые, нитки торчат длинные на кармане. И даже со скидкой не стоит таких денег. 
Я конечно оставила, сын долго ждал. Ему нравится:-)) Пусть временами носит:-)",OK
"Очень долгая доставка. 2,5 месяца. Кофта очень короткая",OK
"Ожидала, что повязка будет на резинке, а она на проволоке. Разочаррвание",OK
На размер 42 большие,OK
"Платье получила ! Но увы очень мало(мой размер 44) нижняя подкладка тянется , а вот где ворот и руки нет, еле влезла .не знаю, как другим девушкам подошло . Попробую отнести в ателье и что то придумать .платье конечно интересное . Но я Очень расстроена ",OK
"Ткань хорошая,швы вроде все ровные,но смотрится отвратительно,на фигуре сидит ужасно,не понятно вообще на кого это сшито.",OK
товар пришол с отвратительным запахом тухлыми яйцами. а так в принципе товар мне понравился.,OK
"качество трусов супер, но! все разного размера + модель на бабушку! до пупка! почему бы сразу не до груди?! если есть у продавца не такие высокие, еще бы купила!",OK
"ткань,как у подкладки,тонкая,носить не буду",OK
"вообще не то пришло, обычные чулки с поясом и креплениями. товар устраивает, но почему не тот что заказывали не понятно, причем в коментариях у людей как на фото в описании, а у нас эксклюзив))",OK
"Заказывала белую. Ткань(чисто белая)-обычная футболка. Горловина, манжеты и низ-трикотаж, более плотный, что ли, он отдаёт желтизной, отличается от цвета основной ткани.  Горловина пришита ровно, а,вот, манжеты и низ оторочены криво. В глаза бросается не сильно, но я сама шью, и мне это очень заметно. Этот трикотаж (горловина, манжеты и низ) довольно хлипкий, уверена, что растянется быстро(придётся резиночку вставлять) и появятся катышки. Носить буду, но точно недолго, т.к. быстро потеряет первоначальный вид. Так что, думайте. У других можно такую и подешевле найти. А  у марки ТВОЕ такие кофты намного круче и по цене не сильно отличаются. Заказала S для дочери, но на меня как раз, я ношу 44 русский.",OK
товар ушёл очень долго  ткань расцветка очень бдеклая не как на картинке а так к телу мягкая но носить можно разве што дома похожа на выцветшее полотенце.,OK
"рост 160, вес 45 кг и я заказала М, пришел и оказался слишком мал, 1 зиму поношу и то не удобно. куртка далеко не зимняя, в ней будет холодно, в ней ходить только осенью или холодной весной",OK
"Теплая кофта на флисе, это нигде не указано. Да ещё и рисунок не полный. Не довольна я осталась",OK
не совпадает размер с таблицей,OK
"Заказ отследить не могла, потом п вообще было написано что истек срок отправки, товар так и не пришёл, открыла спор продавец просил закрыть спор и подождать, но в это случае я не смогу открыть спор вновь. деньги вернули.",OK
"Бюсгалтер красивый, сшит хорошо, не имеет запаха, но маломерит, чашечки где то на размер меньше.",OK
"Не знаю, насколько худыми должны быть ноги, чтоб чулки хорошо сидели",OK
"леггинсы заказала второй раз. впервые раз они пришли суперские поэтому заказала повторно, но очень разочаровалась т.к. они совершенно из другого материала. ткань  намного тоньше передыдущих, очень неприятная к телу и слабая резинка... очень жаль...",OK
"Пошито неаккуратно, торчат нитки, вырез топорщится",OK
"Синтетика голимая,блуза не понравилась, выглядит дёшево,огорчена",OK
"Качество неплохое, но надпись аж подмышками начинается и заканчивается. Смотрится немного нелепо.",OK
Слишком широкий рукав.,OK
"Доставка быстрая,выбирала размер по сетке, заказала М , хотя ношу S, хотела рубашку по свободнее,  но рубашка размеру не соответствует, оказалась мала. Я растроена",OK
очень мнется и очень большой,OK
"цвет отличается от картинки, размер не подошел",OK
"По размеру. Качество хорошее. Но странный пошив, кажется по размеру, но в груди как мало, что то не то с проймой рукава.",OK
"Топ как на фото.,начитавшись отзывов заказала размер М,маломерит,идет на 44 S узкий.Я бы хотела посвободнее.",OK
"Заказывала белый, пришел свитер светло-серого цвета. Запаха нет, но откровенная синтетика. Нормальный, но я не в восторге.",OK
"Кофта понравилась
Но швы на рукавах не очень ровные, нитки торчат
Тонкий очень материал, но в здании ходить нормально
в целом неплохо, но есть недочёты",OK
"Ткань плотная, не просвечивает, швы ровные, но с размерной сеткой не совпадает. для размера S большой и на рост 170 короткий(",OK
"очень долго шел заказ , почти три месяца:-(",OK
Блузка неплохая НО это далеко не хлопок. Чистая синтетика. ,OK
"Заказ пришёл быстро, несоответствие размера, в остальном претензий нет",OK
"куртка сама ничего, а вот мех ужасный, вид ужасный, даже не желания его надевать на куртку",OK
платье говно полнон 100 % синтетика,OK
"Тяжело натягиваются. В тепле в них очень жарко, прилипают в районе талии, где нет подклада. А на холоде накаляются и в них холодно.",OK
"не успела достать из пакета, как все затрещало и прелипло к телу, оно ужасно электрезуется, не знаю как такое носить, на вид красиво а ткань не пригодна для носки(((( я настроенная так ждала эту посылку (((",OK
"Доставлялось месяц. Качество так себе - нитки торчат, на одном носке шов белыми нитками, а на другом нет такого шва.",OK
"Юбка ужасная, хотя и цена смешная. Быстро появляются зацепки, от куда не понимаю ((( Рост 155см, подошла хорошо.",OK
"Ткань тонкая. В одном месте шов начал расходиться. Ворот на плечах сидит не как на фото, а слегка горбится. Ленты сзади красивые, атласные. За такое качество цена должна быть ниже.",OK
Не понравилсь. Заказала голубой. На деле грязно-серо голубой. облезлый какой то,OK
"До этого заказа очень любила этого продавца и нравилось качество вещей. На 11.11 заказала три пальто, и только одно из них оправдало ожидания. Продавец очень долго отправлял заказ, отправил тремя разными посылками, но трек дал только для одного отправления, доставляли месяц в Подмосковье. Пальто не слишком похоже на фото у продавца, по факту оно довольно тонкое и не держит форму. В составе материала шерсти явно нет, скрипучая синтетика на которую всё липнет. Фурнитура и пошив нормальный, фирменный подклад. По размеру сказать не могу, заказывала маме, она пока не меряла. Рекомендовать к покупке не буду, да и у продавца по видимому ухудшилось качество товаров, т.к  ранее вещи приходили намного лучше. Фото дополню позже",OK
Ну....с размерами  совсем плохо. Несовпадение  просто неприличное. На мой вес 63кг рост 170см и обьем груди 86  ХXL  мало... рукав короткий и этот ххl   это просто  S  в переводе  на европейские размеры,OK
ткань ужасная,OK
"качество не очень. на рост 180 мал, даже не застегнулся. ткань тонкая.",OK
"Ну, что могу сказать?!
Товар меня огорчил...
Блузка пошита почти по диагонали, ворот совсем косой, возможно, мне такой товар достался, но обидно.
Я надела...так ведь все переезжает и неудобно носить. Ткань синтетика, плотная, но прозрачная, тело не очень дышит...Из плюсов: доставка-2недели, трек отслеживался, выдали на почте и АЛИЭКСПРЕСС вернул деньги, НО НОСИТЬ НЕ БУДУ.",OK
"Мне не понравилось белье и восторженные отзывы я не разделяю  
Пояс трусов давит на бока, а все, что ниже большое, трусы слишком высокие, ткань купальника  Носить не буду...
Подробный отзыв на iTao, ник Oksalma",OK
"Заказ пришел быстро. Но штаны мне не понравились. Брала чёрные , серый низ на одной стороне распустился, две затяжки. Вообщем, зря заказала, серые думаю лучше будут. На мой 50 русский, XL большие, наверное будут слезать. Резинка до груди,  мой рост 1,62 см длинные. Но носить буду с туникой. Может закажу ещё серые.",OK
"ткань очень приятная, но оказалось мало, брала М на 44 размер",OK
"мне платье пришло с огромной дыркой, причём на видном месте. на параметры 92-75-95 размер Л мало в груди.",OK
"Сломан ремень, ткань тонкая некачественная, в швах кое-где нитки, запах специфический",OK
"На рост 172 платье не до пят. Коротковато. Качество, как у дешевой майки.  Для дома не удобно, на выход стыдно. красная цена 200 рублей. Носить не буду. Доставка очень долгая, затянула таможня. Доставка курьером домой.",OK
плохо,OK
"плохого качества. ну а что Впринцыпи ожидать за эти деньги. заниматься удобно,на вес 56кг , объем бедер 92, заказала М, отлично сели.",OK
очень короткое. смотришься в нём как баба на чайнике,OK
качество так себе на троичу,OK
"Как и на красных трусах, на этих сильно видны нитки ;(",OK
Не очень ,OK
"заказ так и не получила, но очень был нужен. продавец вернул деньги",OK
ткань не шифон и маломерит на 2 размера,OK
"Не соответствует таблице размеров. Купили S , по таблице это L Бюст 86 см. Одно успокаивает: Большое - не маленькое, внучка еще растет.",OK
"Пришло быстро, нитки торчат и швы плохо прошиты, а так красиво.",OK
"спереди и сзади 2 шва, не красиво, не удобно",OK
"Куртка очень хорошего качества, как у нас в магазинах , только дешевле в 2 раза. Боялась, что цвет будет приторно розовым, но нет, очень приятный оттенок. Теперь о минусах, я заказала размер M, хотя всегда ношу S, и слава богу , потому что рукава очень короткие! И сама куртка короткая и широкая книзу. Высоким девушкам точно не подойдёт. И ещё , продавец отправлял заказа 2 недели!! 2!! Очень долго все шло. Знала бы, заказала бы у другого. ",OK
в принципе не плохая куртка...берите на два или три размера больше,OK
"взяла две футболки, серую и белую. Серая соответствует описанию, претензий нет, но вот белая... хлопка я там не нашла. Сильно расстроилась, т.к. даже на ощупь футболки разные. Белая - мяконькая такая сопелька синтетическая. Думаю, к телу, конечно, приятная первые пять минут, но потом или вспотеешь, если теплый день, или замерзнешь. После носки дополню отзыв.",OK
"штаны не совпадают. размером.  специально искала на талию 130 см. по размерной сетке продавца должны быть именно такие. в реальности  на талию 80, а в растянуть состоянии на 96. а так качество хорошее, мягкие и теплые.",OK
"Низ толстовки не отсрочен, т.е. может обтрепаться, могут пойти ""стрелки"" - на представленных фотографиях этого не видно.",OK
"Три звезды за то, что вернули деньги. Заказ сделала почти 5 месяцев назад и ничего не получила. Продавец просил подождать, но сколько можно?!",OK
На рост 170 очень короткая не в зависимости от того берёшь ты на размер больше или нет печально,OK
"качество не очень приятное 
материал не хлопок",OK
малой,OK
Безразмерная тряпка,OK
"на размер 44 очень большая,к телу не приятная,колется.цвет не соответствует.доставка месяц до алтайского края.",OK
"короткие,  можно было меньше на размер меньше заказывать, но думаю были бы еще короче",OK
"Большие! Я очень расстроилась. Заказала l на 46 российский, выбирала по размерной сетке продавца. Смело можно было брать М.   Даже не знаю можно ли их ушить, вообще крой немного странный, в талии норм, а где бедра мешком впереди.",OK
Вчера получила заказ. качество изделия  хорошее. минус в том что боди оказался мал. придется немного нарастить ткани и сделать заклёпки. тогда будет отлично,OK
"Очень длинные, на мой m-этот m мне велик ",OK
Рисунок не пропечатался продавец вернул деньги,OK
"кофта не пришла, деньги вернули.",OK
"куртка имеет просветы, наполнитель не в полном объёме плохо прошиты швы.",OK
это больше походит на майку. посередине груди дырка. Ришелье порвано поносить  не удастся(,OK
"Платье шло долго.Принёс курьер.С переди у плеча чёрное пятно.Отчётливо заметно.Всё бы ничего....но оно плохо отстирывается.Пришлось замочить потому , что до конца удалить не удалось.Неприятно.Как для меня, в талии хотелось бы поуже , и длину по выше.Думаю потом немного переделаю.Наверно оно мне немного велико.",OK
Черные маленькие на рост 157 см и вес 50 кг,OK
"Сам свитер отличный (не смотря на то, что оказался больше немного). Но вот Доставка.... он шёл 2 месяца! Ладно, закроем глаза на последние 2 недели праздников. 1,5 месяца и долго не могли отправить! Хорошее впечатление от фирмы испорчено. Само качество свитера хорошее, немного колется. ",OK
качество ужасное,OK
"Мотня большая, не красиво ",OK
"тонкая, продуваеться, больше похоже на синтетику а не хлопок!",OK
"не очень понравилось, не так как на картинке",OK
долго шло и проблемы с отслеживанием,OK
Цвет отличается очень от фото. Я оч расстроенна кардиган не плохой но он пришёл с растянутый и получились чуть ли не дырки.,OK
"недостатки - полнит , ужасно неаккуратно сшиты низ и верх , выглядит это странно, также сыпятся пайетки, цвет темнее , чем на фото.:(",OK
nice,OK
"на рост 168 короткие , какие то ""несуразные"", недовольна (",OK
долго пришлось ждать заказ,OK
Качество ужасное,OK
"качество материала не очень, немного маломерят, на российский 46 взяла xl, чуть тянет в груди и короткие и узковатые рукава, цвет насыщенный, очень яркий, рубашка просвечивает,",OK
"огромное декольте, проймы тоже большие",OK
"Простенький пуловер, не соответствующий цене. На ощупь приятный, но наличие кашемира спорное. Получен через 2 месяца после заказа. Трек не отслеживался. Продавец после 3 напоминаний увеличил гарантийный срок до 3 месяцев. Я совершенно не довольна подобным сервисом.",OK
сильный запах.  вид ношеный. рукова короткие.,OK
"За такую цену, синтетику покупать жалко
Шла посылка 3 недели. Кофта очень тонкая.",OK
"По размеру подошла хорошо. Но ткань разочаровала в заказе. Если снаружи отдаленно напоминает фланель, на которой кое-где скатались ворсинки, то внутри весьма грубое сукно, больше подходящее для робы , чем для рубашки. На голое тело не оденешь- только на футболку. Нитки торчат.",OK
Куртка пришла с небольшим браком (разрезана в области молнии).Продавец обещал возместить часть затрат на ремонт.но ничего так и не возместили.,OK
Взяла размер L. На рост 164 рукава оказали очень маленькие :(,OK
"выглядят нормально,тянуться хорошо, но на рост 171 короткие",OK
долго шел заказ.и рукава коротковаты,OK
"в магазине бы такое не взяла... навряд ли буду носить, цвет грязно-бежевый, с розовым и в родне не состоял...",OK
"Это не кофта, как на фото, а шарф с рукавами) даже не сразу разобралась, как его одевать и перекручивать. По качеству материала все нормально",OK
"пришли за три недели. леггинсы тонки , плохо тянутся , маломерят.  большую попу закроют только на половину , это леггинсы на плоскозадых ,а на женщин с хорошей и округлой фигурой не подойдут . полное разочарование.",OK
Присутствует неприятный запах и торчат нитки. Свитшот пришёл мятый.,OK
"Товар не пришёл, деньги вернули ",OK
"ожидала большего. впринцепи кофта хорошая,без запаха, но на теле смотрится не очень.",OK
"материал довольно тонкий, я ,глядя на фото рассчитывала,что это будет теплая вещь, но оказалось,что это как майка. материал тонкий,не тёплый,относительно теплым можно считать элементы декора _ вот они вязанные, а все остальное - сшито как из майки. При этом крой хороший, не точат нитки, размер совпадает.",OK
Размер не соответствует.,OK
"Товар пришёл с дырой, деньги вернули ",OK
"Всё бы ничего, но я рассчитывала на изделие из хлопка, как заявлено в описании. Это синтетика.",OK
"Куртка мне не очень понравилась,широкая ,как мешок,не люблю такие,но пару раз надеть можно. рост 162,вес 49, взяла s. ",OK
"К сожалению, это не является пальто. Скорее это плащ без подкладки с минимальным количеством наполнителя внутри. Ткань очень тонкая даже для плаща.",OK
"заказ шел ровно месяц, в пути отслеживался. Продавец дружелюбный, выходил на связь, уточнял все. Сама кофта по качеству хорошая, нитки торчащие есть конечно, но не критично, можно убрать их. Но пришла с браком, с большой дыркой, чем очень расстроила.",OK
"Брала для ребенка - Голимая синтетика :(
не взяла бы такую, если бы видела вживую.",OK
"Я думала будет лучше,чистая синтетика,а так неплохая толстовка",OK
"В целом кофточка не плохая,но на локте имеется очень заметный брак.",OK
"платье не соответствует заявленному цвету,цвет отличается",OK
"не прорезано отверстие для пуговицы, швы соединены криво, кое-где. Когда застёгивается на пуговицу, то в области нахлеста край джинсы не прилегает, а ""торчит"". Собачка с налетом. Ткань добротная, фасон совпадает.",OK
"Джинсы пришли, трек отслеживался, упаковано хорошо: в зип-пакет, пупырчатую пленку и почтовый пакет.
Почему же три звезды, спросите вы? Потому что я уже брала такие джинсы раньше (большой поклонник их) в этом же магазине и знаю, чем новые джинсы отличаются от уже ношенных.
Разрезанные дырочки для пуговиц, причем явно не раз и не два пуговицы застегивались, продетая и уже довольно давно шнуровка, едва заметные, но присутствующие потертости на месте, где продергивается ремень, чуть более примятый, чем позволительно новому, начес внутри...

Перечислять можно долго, но смысл один: джинсы уже кто-то неоднократно мерил или надевал до меня.

К качеству товара претензий нет, но если бы я хотела поношенную вещь - пошла бы в секонд-хенд.

Возможно, дам продавцу еще один шанс, раньше он меня не подводил, но если подобное повторится - буду искать что-то еще.",OK
"Заказ пришел быстро ( 3 недели)
Пижама ОЧЕНЬ маленькая. Брали XXL. На 48 размер в обтяжку. На рост 164 - штаны как бриджи",OK
"Я ожидала лучшего качества, на 3-й размер груди чашки малы. в талии великоват ( у меня 42-44 размер)",OK
"короткие рукава, по швам торчат нитки, размер не соответствует размерной сетке",OK
через несколько часов носки начинают отлипать,OK
"материал очень тонкий, похоже скорее на топ, а не на юбку",OK
". вообщем зря я так надеялась на этот костюм. мех пришит не ровно. разница в три сантиметра, что очень видно. карман не прошит. на штанах дырка по заднему шву, даже этикетка не пришита должным образом. .

выглядит поношенной.
 брали размер М.  КАК РАЗ НА ДЕВОЧКУ 13 лет. рост 160.",OK
"заказывала по таблице, пришло очень большое, теперь не знаю куда его деть",OK
пришёл на конец с конца апреля шёл),OK
размерная сетка продавца не соответствует,OK
"Одна майка пришла другая нет, шло долго",OK
у куртки воротник выглядит странно. по центру спины черные точки которые не отстирываются.покупала за 600р больше и не стоит.,OK
"товар так и не пришел,прошло 3,5 месяца
3 звезды,за то, что продавец вернул деньги",OK
"Доставка около 3 недель, трек не отслеживался. Халат симпатичный, но швы не ровные.",OK
"Заказывала шорты два раза. В первый раз брала себе размер M, второй раз подруге - L. В итоге обе пары шортов пришли абсолютно одинаковые по размеру. Размер М заявлен на бедра 92 см, на моих 90 сидят очень плотно. L, заявленные на 94 см, сидят точно так же. Такое ощущение, что все шорты шьются одного размера, только ярлыки разные. Спор открывать не стала, так как стоимость небольшая.",OK
Размер меньше чем указан в таблице размеров.,OK
Вернули деньги. Заказ не пришел,OK
"Свитер совсем не такой как на картинке и в описании. Одна голая синтетика, никакого намёка на кашемир нет. Очень просвечивает. Качество полученного свитера не стоит этих денег.",OK
"Очень тонкие, xl подходит для российского 46",OK
"Доставка нереально быстрая, качество отличное, но размер - это капец! специально заказала XXL потому что люблю свободные рубашки, но эта короткая и в плечах узкая. За это три звезды",OK
"цвет красивый. размер не подошел, выбирала по таблице, надо было на два размера больше брать",OK
"товар не пришел. продавец на спор не ответил, Али вернули деньги.",OK
мне вообще примлпли не то что я заказывала. какой-то синий комплет. да еще маленького размера.,OK
"пришла юбка совсем другого материала . и была очень короткая хоть и размер вроде мой ,обидно конечно ну за свою цену пойдёт.",OK
"Тонкие, просвечивают на попе. Носить придётся только с удлинёнными майками и футболками",OK
"плохо тянуться, размер явно меньше, точно такие же бежевые оказались по размеру",OK
К сожалению размер S  оказался мал возврат.Прости али экспресс ,OK
"доставка быстрая. это наверно единственный плюс. но что я хотела за эти деньги. леггинсы очень тонкие, нижнее белье просвечивает, спереди сшито не ровно, смотрится отвратительно!!!!",OK
"среднее качество, в швах виднеется пух. взяла размер М, ношу российский хs. Куртка не очень хорошо сидит. в плечах узкая, а в талии широковата. выглядит дёшево.",OK
"материал не очень , сам покрой не подошёл - горло давит, спина висит как мешок",OK
"Воняют ужасно,не знаю,как эту вещь можно носить??Попробую постирать,но не уверена,что запах исчезнет(((Так ждала их и полное расстройство,3* только за то,что по качеству строчек все норм",OK
"К самому платье претензий нет!Был не большой запах,в некоторых местах нитки!На рост 165 и 49 кг свободновато,но меньше нет(Был порван пакет,в котором лежало платье!Теперь о продавце!Оооочень долго отправляли заказ! Пришлось  писать несколько раз,отвечал быстро!До конца защиты товара оставалось 6 дней,а трек выдавал,что посылка не отправлена!Собирались открыть спор,написали об этом продавцу!Нам продлили защиту на 10 дней,и спустя неделю пришло платье!Это очень не красиво,водить людей за нос!За такое отношение снимаю звезду!",OK
"Ранее заказывала у другого продавца, ты была на порядок лучше. Утеплителя больше материал качественнее. Обидно!",OK
"Шли месяц,качество не очень,кое где есть вылезшие нити,маломерки заказывали XL пришли как L",OK
"на мой 42 рр большие и длинные, без подклада",OK
"Главное мое разочарование. Платье действительно красивое, материал хороший, но, увы... С небольшим размером груди и широкими бедрами это платье не для вас. В груди оно велико и попросту не прикрывает настолько, насколько необходимо для выхода на люди или даже на пляж. А ткань юбки рассчитана на очень стройный девушек, оно конечно запахивается, но стоит сесть - кусочки ткани тут же спешат открыть миру ваши ноги и не только)) Посылка была доставлена в срок, и к качеству претензий особых нет. Но подобный крой подойдет не каждой.",OK
"Очень большое,  на размер 46 сильно велико.",OK
"Заказывала толстовку маме - размер XL, чтобы свободно сидела (у неё 46), а пришла сильная маломерка - на мой 42  нормально, и то, слегка свободно. Материал тонкий, на нормальную толстовку не тянет. ",OK
"кофта не качественная, рукава длиннющие, а сама коротковата",OK
"Слишком долго шла посылка, не отслеживалась, но качество самого товара на высшем уровне ",OK
"просвечивают,но качество ткани нравится.",OK
Товар не получен. Деньги вернули через спор.,OK
ну как то так....,OK
168814922CNBFNP0168814922NBFNP0168814922CNBFNP0168814922NBFNP0168814922,OK
"Всё хорошо, но без горла(",OK
На рост 176 и 59 кг размер М оказался мал и короткий. Искусственно мех почему-то серый,OK
Рукава короткие ,OK
Качество ужасное. Трек не отслеживался,OK
"Ну кофта на троечку, я бы в такой в люди не вышла, как-будто из одеяла сшита, для дома пойдет. На 88-70-96 и рост 173 взяла ХЛ, подошел размер, в меру свободно, рукава не короткие",OK
Качество,OK
доставка хромает,OK
"Материал искусственный , летом в ней очень жарко. Плечи выглядят большими, не хватает хотя бы одной пуговицы внизу, подойдёт только стройным девушкам так как открыт живот ",OK
"продавец прислал бежевые, ну ё-моё. терпеть не могу бежевый цвет",OK
Платье не по размеру. Не отслуживалось вообще,OK
"В целом неплохая вещица, но атласная лента   у швов распустилась...",OK
"на фото продавца рубашка выглядит намного эффектнее, после стирки не села и не полиняла,по размеру все в порядке",OK
"Футболка пришла другим цветом.Ужасное качество.Не ровные швы.Надпись перевёрнутая.Заказала s на свой рост 168 пришла большая ,красиво смотрится когда её заправляешь в джинсы.Еще один плюс ,то что она быстро пришла.Отправили сразу.",OK
"заказ не отслеживался.продавец не общительны просто игнорил сообщения,заказ очень долго не отправлял,отправил спустя месяц,футболка полность из полиэстера ,в общем всё
 плохо",OK
Заказ шел два месяца,OK
"Шорты очень узкие, не влезла ",OK
цвет не соответствует описанию и фото.,OK
"Расстроилась ужасно: вместо синего получила серый цвет, на грудь 88 см размер L велик размера на два, хотя по описанию подходил именно он....",OK
"Ставлю три звезды! За доставку и качество товара. По размеру не подошло, надо брать на два больше ((( печально( в целом рубашка хорошая) подарю подруге.",OK
"Внешний вид соответствует описанию, но запах просто сногсшибающий в прямом смысле слова, аж глаза режет, кажется, что он сделан из машинного масла. После двух стирок все равно пахнет, не так сильно конечно уже. Ну и да, синтетика синтетикой, зато быстро сохнет)) а пришёл заказ быстро)",OK
"Качество норм, но свитер странный ) и сильно пахнет",OK
"на высоких штаны размер 46 русский  xl короткие. кофта большеватая. к телу приятный , плюшевый , но думаю после стирки сядет и закатается. кофта пришла закатанная..в общем цене соответствует.",OK
товар не пришел,OK
Цвет грязно-Белый. Если одноразовые ,OK
Очень тонкая блуза!!! Да и по размерам маловато,OK
"Размер маловат, а товар безразмерный!",OK
"Качество на 4-. Ткань совсем не похожа на шелк. Швы не аккуратные. Сидит на фигуре тоже не очень хорошо. 
Совсем не сексуально. Для будних дней оставлю))",OK
"товар пришёл весь в нитках , ощущение что его рукожопые шили или слепые",OK
"Заказ шел почти месяц до Самары.На свой 46р заказала Л размер оказался мал,рукавакороткие и т д.Очень жаль придется заказать побольше размер,и ждать еще месяц(",OK
"К доставке претензий нет, все ок, посылка отслеживалась. К неприятному запаху я была готова благодаря отзывам, но конечно ожидала лучшего качества. С внутренней стороны, а также на петлях много жженых узлов нитей, которые реально царапают! Неаккуратная загибка на некоторых деталях. Пыталась договориться о скидке, но кроме обещаний 2$ на следующую!! покупку ничего не добилась, а тратить время на дальнейшие разбирательства у меня нет (как и делать другие покупки в этом магазине).",OK
К материалу куртки прилипает мелкий мусор. От меха ждала большего. Пришла облезлая шкура шакала.,OK
"Среднее качество, в швах торчат нитки. С размером тоже непонятно. Заказала М - в итоге в бедрах узковато, а рукава длинные. Не понравилось то, что на изделии не было никакой этикетки. Такое подозрение, что до меня этот джемпер уже был у кого-то.",OK
"Короткий и порван верх,к сожалению. ",OK
"Блин с проймами,да и с размерами беда.Заказываю в этом магазине xs,хотя по таблице мне L надо.Перешить проймы стоит 650₽,дороговато для ненатуральной кофточки с али получается,за это три звезды,может это хоть как-то повлияет на качество товара.С курьерской этой службой тоже возня,вечером в будни они не могут,а в выходные назначишь вообще не приезжают.Смените курьерскую службу или отправляйте просто по почте,так удобнее!",OK
ITS NOT XXL !!!!!!!!!!!!!!!!!!!!!!!!!!!!!!!!!!!!!!!!!!!11,OK
"заказывали большой размер - по ширине большая,  а рукава очень узкие,  не соответствуют размеру футболки!!!",OK
"шёл месяц, ткань приятная, но синтетика, продавец не сразу вышел на связь",OK
"Доставка нормальная, крой хороший, пошив хороший, цвет совпадает
Но ткань очень синтетическая,когда проводишь по ней руками аж зубы скрипят. Буквально при первой носке появились катышки на рукавах.",OK
качество плохое,OK
"размер S очень большой, джинсовка тоненькая, думаю с ноской на ней появятся катушки",OK
Сильно электризуется,OK
"маленькая, нитки торчат цвет вщ другой",OK
"Опираясь на таблицу продавца и отзывы покупателей взяла специально самый большой размер 4XL (указан ОГ 120, длина 117 см) У меня ОГ 113. (Тут был отзыв, что на ОГ 104, ОБ 114 продавец посоветовал XXL и женщина еле влезла) Вот я и взяла СПЕЦИАЛЬНО побольше. Сел очень впритык, померила сантиметром, пришедший пуховик оказался на ОГ 112 см, длина 110 см (огого так разница!!! Мне этих 7 см сильно не хватает, смотрится плохо). На пуховике размера нигде нет, только вручную приделанная этикетка и на ней приклеена наклейка с размером. Продавец явно прислал не тот размер!!!! Потому что если бы был хотя бы 3XL уже сел бы лучше. Но пошив хороший. Да и доставка быстрая, только вот прислали размер явно не тот.",OK
(Письмо печати новые женские платья большого размера зимнее теплое платье Плюс Размер Женская одежда Повседневная ) ТАК БЫЛО НАПИСАНО В ОПИСАНИИ!!!!! ЗИМОЙ И НЕ ПАХНЕТ - СИНТЕТИКА!!!!  ТОЛЬКО ДОСТАВКА БЫСТРАЯ,OK
Носить придётся только с топом- края верха сильно фалдят и вся грудь наружу..,OK
XL только на 44,OK
"Рубашка пошита не правильно!В талии она велика, а в груди мала.Хотели отдать подруге, но ей тоже в груди мала, а в талии чуть-чуть большевата!",OK
"доставлен за 14 дней до Петербурга. Плотность вязки ниже ожидаемой. Серый цвет на сайте явно другой. посредственная вещь за свои деньги,   для повседневной носки.",OK
"По отзывам предыдущих покупателей заказала l,надо было м или эску. смотрится дешевкой, местами почти нет наполнителя.",OK
торчат нитки. качество посредственное,OK
"Качество хорошее, пришло до Костромы очень быстро. Единственное два пятна . По размеру идеально",OK
долго шло,OK
"О хлопке либо забыли, либо положили чуть- чуть)))))",OK
"Покупку я до сих пор не получила!!!! продавец не продлил срок защиты!!!! По отслеживанию вроде где-то в соседних деревнях,а где именно не ясно!!! прийдётся ехать и обходить все почтовые отделения! или открою спор! продавец поступил не хорошо - хотя я писала что товар не прибыл!!!",OK
"Оказался коротким в длину,ношу 40-42 размер,думала s в самый раз будет!по ширине норм,но в длину вообще никак ,носить нельзя ",OK
Ооочень долго шла. ,OK
Смотрится дёшево. Не понравилась обработка плечевых швов и горловины. Лейбл к вороту пришит чёрными нитками(. Ткань неприятная.В магазине бы не купила! Не рекомендую!,OK
"рубашка отличного качества, но очень большая. очень широкая с широченными рукавами. не соответствует размерной сетке",OK
долго шёл товар,OK
"Очень долгая доставка,тонкий бархат и на рост 162 рукава очень длинные.",OK
"Товар не пришёл. Трек не отслеживался. Продавец вернул деньги, но не сразу.",OK
"Очень долго доставка. Это не толстовка, а тонкая кофточка.",OK
"даже отзыв писать не хочется..Само пальто не плохое,но восторга не испытала,..одна пуговица на манжете,чего стоит!!!!Просила продавца изменить размер,на XXL,пообещал,но прислал три X,не порядочно как-то,не исполнять обещания.Ну а доставка,это вообще,нонсенс..три раза переносили дату,продавец,на открытый спор,никак не реагировал,пальто доставили в последний день,окончанием защиты.В итоге посылка шла,почти 1,5!!!!месяца,вместо заявленных продавцом,22дня.",OK
"Очень не довольна обслуживанием. Товар не устроил по своей форме(мешковатый,бесформенный), хоть и качество хорошее. Открыла спор, попросила вернуть деньги. В итоге спор закрыли, деньги не вернули... Очень огорчена",OK
"цена=качество.Мои параметры рост 165, плечи 37, грудь 88. Заказала розовую и чёрную размер М. Розовая красивого пыльного оттенка, не так как на картинке, лучше. На этом достоинства заканчиваются. Водолазка пошита на ооооочень узкие плечи. Расстояние между горловиной и плечом очень маленькое! Водолазка тянется хорошо, но если натянуть на плечи как надо, то горловина уродливо растягивается и выглядит некрасиво и находится не на своём месте. Если плечо подтянуть повыше, чтоб горловина стала на место, то тянет пройма и рукава становятся короткие. На фото все видно, как ее носить не знаю.Ппц, короче. Розовая изнутри прострочена чёрными нитками. Зачем? Водолазка очень длинная. Это выглядит странно. Ещё пару см и это будет уже платье. Зачем? Не понятно. Может это платья для китайских детей, а нам продают как водолазки?)) кстати, чёрная по размеру больше чем розовая, думаю это Л, она и длинее и свободнее. То есть размер кладётся наугад. Вывод: хорошо подойдёт для высоких и узкоплечих.",OK
Не разделяю восторгов. Блестки сыпятся и всё колит ,OK
